Workbook

Sheet Ocena
A1: Lp. | B1: Nazwa przypadku | C1: Zbiór | D1: Scena | E1: Kategoria scen | F1: Liczba obrazów (scenariusz) | G1: Model | H1: Rekonstrukcja GLB | I1: Obrazy źródłowe | J1: Status | K1: C – kompletność | L1: G – geometria | M1: A – artefakty | N1: D – struktura i szczegóły | O1: Q – suma | P1: Uwagi jakościowe | Q1: Kontrola | R1: Katalog źródłowy (WSL)
A2: 1 | B2: eth3d_botanical_garden_1 | C2: ETH3D | D2: botanical_garden | E2: Naturalne | F2: 1 | G2: VGGT | H2: =HYPERLINK("vggt/outputs/eth3d_botanical_garden_1/reconstruction.glb","vggt/outputs/eth3d_botanical_garden_1/reconstruction.glb") -> vggt/outputs/eth3d_botanical_garden_1/reconstruction.glb | I2: DSC_0854.JPG | J2: Oceniono | K2: 1 | L2: 3 | M2: 2 | N2: 2 | O2: =IF($J2="Niepowodzenie rekonstrukcji",0,IF(COUNT($K2:$N2)=4,SUM($K2:$N2),"")) -> 8 | Q2: =IF($J2="Niepowodzenie rekonstrukcji",IF(COUNTIF($K2:$N2,0)=4,"OK","Ustaw C, G, A, D = 0"),IF(COUNT($K2:$N2)=0,"Nieoceniony",IF(COUNT($K2:$N2)=4,"OK","Uzupełnij oceny"))) -> OK | R2: /home/kamil/dataset/eth3d/botanical_garden/images/scen_1
A3: 2 | B3: eth3d_botanical_garden_1 | C3: ETH3D | D3: botanical_garden | E3: Naturalne | F3: 1 | G3: MapAnything | H3: =HYPERLINK("mapany/outputs/eth3d_botanical_garden_1/reconstruction.glb","mapany/outputs/eth3d_botanical_garden_1/reconstruction.glb") -> mapany/outputs/eth3d_botanical_garden_1/reconstruction.glb | I3: DSC_0854.JPG | J3: Oceniono | K3: 2 | L3: 2 | M3: 1 | N3: 3 | O3: =IF($J3="Niepowodzenie rekonstrukcji",0,IF(COUNT($K3:$N3)=4,SUM($K3:$N3),"")) -> 8 | Q3: =IF($J3="Niepowodzenie rekonstrukcji",IF(COUNTIF($K3:$N3,0)=4,"OK","Ustaw C, G, A, D = 0"),IF(COUNT($K3:$N3)=0,"Nieoceniony",IF(COUNT($K3:$N3)=4,"OK","Uzupełnij oceny"))) -> OK | R3: /home/kamil/dataset/eth3d/botanical_garden/images/scen_1
A4: 3 | B4: eth3d_botanical_garden_2 | C4: ETH3D | D4: botanical_garden | E4: Naturalne | F4: 2 | G4: VGGT | H4: =HYPERLINK("vggt/outputs/eth3d_botanical_garden_2/reconstruction.glb","vggt/outputs/eth3d_botanical_garden_2/reconstruction.glb") -> vggt/outputs/eth3d_botanical_garden_2/reconstruction.glb | I4: DSC_0852.JPG DSC_0854.JPG | J4: Oceniono | K4: 2 | L4: 2 | M4: 2 | N4: 1 | O4: =IF($J4="Niepowodzenie rekonstrukcji",0,IF(COUNT($K4:$N4)=4,SUM($K4:$N4),"")) -> 7 | Q4: =IF($J4="Niepowodzenie rekonstrukcji",IF(COUNTIF($K4:$N4,0)=4,"OK","Ustaw C, G, A, D = 0"),IF(COUNT($K4:$N4)=0,"Nieoceniony",IF(COUNT($K4:$N4)=4,"OK","Uzupełnij oceny"))) -> OK | R4: /home/kamil/dataset/eth3d/botanical_garden/images/scen_2
A5: 4 | B5: eth3d_botanical_garden_2 | C5: ETH3D | D5: botanical_garden | E5: Naturalne | F5: 2 | G5: MASt3R | H5: =HYPERLINK("mast3r/outputs/eth3d_botanical_garden_2/reconstruction.glb","mast3r/outputs/eth3d_botanical_garden_2/reconstruction.glb") -> mast3r/outputs/eth3d_botanical_garden_2/reconstruction.glb | I5: DSC_0852.JPG DSC_0854.JPG | J5: Oceniono | K5: 1 | L5: 2 | M5: 2 | N5: 1 | O5: =IF($J5="Niepowodzenie rekonstrukcji",0,IF(COUNT($K5:$N5)=4,SUM($K5:$N5),"")) -> 6 | Q5: =IF($J5="Niepowodzenie rekonstrukcji",IF(COUNTIF($K5:$N5,0)=4,"OK","Ustaw C, G, A, D = 0"),IF(COUNT($K5:$N5)=0,"Nieoceniony",IF(COUNT($K5:$N5)=4,"OK","Uzupełnij oceny"))) -> OK | R5: /home/kamil/dataset/eth3d/botanical_garden/images/scen_2
A6: 5 | B6: eth3d_botanical_garden_2 | C6: ETH3D | D6: botanical_garden | E6: Naturalne | F6: 2 | G6: MapAnything | H6: =HYPERLINK("mapany/outputs/eth3d_botanical_garden_2/reconstruction.glb","mapany/outputs/eth3d_botanical_garden_2/reconstruction.glb") -> mapany/outputs/eth3d_botanical_garden_2/reconstruction.glb | I6: DSC_0852.JPG DSC_0854.JPG | J6: Oceniono | K6: 3 | L6: 1 | M6: 1 | N6: 2 | O6: =IF($J6="Niepowodzenie rekonstrukcji",0,IF(COUNT($K6:$N6)=4,SUM($K6:$N6),"")) -> 7 | Q6: =IF($J6="Niepowodzenie rekonstrukcji",IF(COUNTIF($K6:$N6,0)=4,"OK","Ustaw C, G, A, D = 0"),IF(COUNT($K6:$N6)=0,"Nieoceniony",IF(COUNT($K6:$N6)=4,"OK","Uzupełnij oceny"))) -> OK | R6: /home/kamil/dataset/eth3d/botanical_garden/images/scen_2
A7: 6 | B7: eth3d_botanical_garden_3 | C7: ETH3D | D7: botanical_garden | E7: Naturalne | F7: 4 | G7: VGGT | H7: =HYPERLINK("vggt/outputs/eth3d_botanical_garden_3/reconstruction.glb","vggt/outputs/eth3d_botanical_garden_3/reconstruction.glb") -> vggt/outputs/eth3d_botanical_garden_3/reconstruction.glb | I7: DSC_0850.JPG DSC_0852.JPG DSC_0854.JPG DSC_0857.JPG | J7: Oceniono | K7: 1 | L7: 2 | M7: 2 | N7: 1 | O7: =IF($J7="Niepowodzenie rekonstrukcji",0,IF(COUNT($K7:$N7)=4,SUM($K7:$N7),"")) -> 6 | Q7: =IF($J7="Niepowodzenie rekonstrukcji",IF(COUNTIF($K7:$N7,0)=4,"OK","Ustaw C, G, A, D = 0"),IF(COUNT($K7:$N7)=0,"Nieoceniony",IF(COUNT($K7:$N7)=4,"OK","Uzupełnij oceny"))) -> OK | R7: /home/kamil/dataset/eth3d/botanical_garden/images/scen_3
A8: 7 | B8: eth3d_botanical_garden_3 | C8: ETH3D | D8: botanical_garden | E8: Naturalne | F8: 4 | G8: MASt3R | H8: =HYPERLINK("mast3r/outputs/eth3d_botanical_garden_3/reconstruction.glb","mast3r/outputs/eth3d_botanical_garden_3/reconstruction.glb") -> mast3r/outputs/eth3d_botanical_garden_3/reconstruction.glb | I8: DSC_0850.JPG DSC_0852.JPG DSC_0854.JPG DSC_0857.JPG | J8: Oceniono | K8: 2 | L8: 2 | M8: 2 | N8: 1 | O8: =IF($J8="Niepowodzenie rekonstrukcji",0,IF(COUNT($K8:$N8)=4,SUM($K8:$N8),"")) -> 7 | Q8: =IF($J8="Niepowodzenie rekonstrukcji",IF(COUNTIF($K8:$N8,0)=4,"OK","Ustaw C, G, A, D = 0"),IF(COUNT($K8:$N8)=0,"Nieoceniony",IF(COUNT($K8:$N8)=4,"OK","Uzupełnij oceny"))) -> OK | R8: /home/kamil/dataset/eth3d/botanical_garden/images/scen_3
A9: 8 | B9: eth3d_botanical_garden_3 | C9: ETH3D | D9: botanical_garden | E9: Naturalne | F9: 4 | G9: MapAnything | H9: =HYPERLINK("mapany/outputs/eth3d_botanical_garden_3/reconstruction.glb","mapany/outputs/eth3d_botanical_garden_3/reconstruction.glb") -> mapany/outputs/eth3d_botanical_garden_3/reconstruction.glb | I9: DSC_0850.JPG DSC_0852.JPG DSC_0854.JPG DSC_0857.JPG | J9: Oceniono | K9: 3 | L9: 1 | M9: 1 | N9: 2 | O9: =IF($J9="Niepowodzenie rekonstrukcji",0,IF(COUNT($K9:$N9)=4,SUM($K9:$N9),"")) -> 7 | Q9: =IF($J9="Niepowodzenie rekonstrukcji",IF(COUNTIF($K9:$N9,0)=4,"OK","Ustaw C, G, A, D = 0"),IF(COUNT($K9:$N9)=0,"Nieoceniony",IF(COUNT($K9:$N9)=4,"OK","Uzupełnij oceny"))) -> OK | R9: /home/kamil/dataset/eth3d/botanical_garden/images/scen_3
A10: 9 | B10: eth3d_botanical_garden_4 | C10: ETH3D | D10: botanical_garden | E10: Naturalne | F10: 8 | G10: VGGT | H10: =HYPERLINK("vggt/outputs/eth3d_botanical_garden_4/reconstruction.glb","vggt/outputs/eth3d_botanical_garden_4/reconstruction.glb") -> vggt/outputs/eth3d_botanical_garden_4/reconstruction.glb | I10: DSC_0844.JPG DSC_0846.JPG DSC_0848.JPG DSC_0850.JPG DSC_0852.JPG DSC_0854.JPG DSC_0856.JPG DSC_0857.JPG | J10: Oceniono | K10: 1 | L10: 2 | M10: 2 | N10: 2 | O10: =IF($J10="Niepowodzenie rekonstrukcji",0,IF(COUNT($K10:$N10)=4,SUM($K10:$N10),"")) -> 7 | Q10: =IF($J10="Niepowodzenie rekonstrukcji",IF(COUNTIF($K10:$N10,0)=4,"OK","Ustaw C, G, A, D = 0"),IF(COUNT($K10:$N10)=0,"Nieoceniony",IF(COUNT($K10:$N10)=4,"OK","Uzupełnij oceny"))) -> OK | R10: /home/kamil/dataset/eth3d/botanical_garden/images/scen_4
A11: 10 | B11: eth3d_botanical_garden_4 | C11: ETH3D | D11: botanical_garden | E11: Naturalne | F11: 8 | G11: MASt3R | H11: =HYPERLINK("mast3r/outputs/eth3d_botanical_garden_4/reconstruction.glb","mast3r/outputs/eth3d_botanical_garden_4/reconstruction.glb") -> mast3r/outputs/eth3d_botanical_garden_4/reconstruction.glb | I11: DSC_0844.JPG DSC_0846.JPG DSC_0848.JPG DSC_0850.JPG DSC_0852.JPG DSC_0854.JPG DSC_0856.JPG DSC_0857.JPG | J11: Oceniono | K11: 0 | L11: 0 | M11: 0 | N11: 1 | O11: =IF($J11="Niepowodzenie rekonstrukcji",0,IF(COUNT($K11:$N11)=4,SUM($K11:$N11),"")) -> 1 | Q11: =IF($J11="Niepowodzenie rekonstrukcji",IF(COUNTIF($K11:$N11,0)=4,"OK","Ustaw C, G, A, D = 0"),IF(COUNT($K11:$N11)=0,"Nieoceniony",IF(COUNT($K11:$N11)=4,"OK","Uzupełnij oceny"))) -> OK | R11: /home/kamil/dataset/eth3d/botanical_garden/images/scen_4
A12: 11 | B12: eth3d_botanical_garden_4 | C12: ETH3D | D12: botanical_garden | E12: Naturalne | F12: 8 | G12: MapAnything | H12: =HYPERLINK("mapany/outputs/eth3d_botanical_garden_4/reconstruction.glb","mapany/outputs/eth3d_botanical_garden_4/reconstruction.glb") -> mapany/outputs/eth3d_botanical_garden_4/reconstruction.glb | I12: DSC_0844.JPG DSC_0846.JPG DSC_0848.JPG DSC_0850.JPG DSC_0852.JPG DSC_0854.JPG DSC_0856.JPG DSC_0857.JPG | J12: Oceniono | K12: 2 | L12: 1 | M12: 1 | N12: 2 | O12: =IF($J12="Niepowodzenie rekonstrukcji",0,IF(COUNT($K12:$N12)=4,SUM($K12:$N12),"")) -> 6 | Q12: =IF($J12="Niepowodzenie rekonstrukcji",IF(COUNTIF($K12:$N12,0)=4,"OK","Ustaw C, G, A, D = 0"),IF(COUNT($K12:$N12)=0,"Nieoceniony",IF(COUNT($K12:$N12)=4,"OK","Uzupełnij oceny"))) -> OK | R12: /home/kamil/dataset/eth3d/botanical_garden/images/scen_4
A13: 12 | B13: eth3d_boulders_scen_1 | C13: ETH3D | D13: boulders | E13: Zewnętrzne | F13: 1 | G13: VGGT | H13: =HYPERLINK("vggt/outputs/eth3d_boulders_scen_1/reconstruction.glb","vggt/outputs/eth3d_boulders_scen_1/reconstruction.glb") -> vggt/outputs/eth3d_boulders_scen_1/reconstruction.glb | I13: DSC_0821.JPG | J13: Oceniono | K13: 3 | L13: 1 | M13: 1 | N13: 2 | O13: =IF($J13="Niepowodzenie rekonstrukcji",0,IF(COUNT($K13:$N13)=4,SUM($K13:$N13),"")) -> 7 | Q13: =IF($J13="Niepowodzenie rekonstrukcji",IF(COUNTIF($K13:$N13,0)=4,"OK","Ustaw C, G, A, D = 0"),IF(COUNT($K13:$N13)=0,"Nieoceniony",IF(COUNT($K13:$N13)=4,"OK","Uzupełnij oceny"))) -> OK | R13: /home/kamil/dataset/eth3d/boulders/images/scen_1
A14: 13 | B14: eth3d_boulders_scen_1 | C14: ETH3D | D14: boulders | E14: Zewnętrzne | F14: 1 | G14: MapAnything | H14: =HYPERLINK("mapany/outputs/eth3d_boulders_scen_1/reconstruction.glb","mapany/outputs/eth3d_boulders_scen_1/reconstruction.glb") -> mapany/outputs/eth3d_boulders_scen_1/reconstruction.glb | I14: DSC_0821.JPG | J14: Oceniono | K14: 2 | L14: 1 | M14: 1 | N14: 1 | O14: =IF($J14="Niepowodzenie rekonstrukcji",0,IF(COUNT($K14:$N14)=4,SUM($K14:$N14),"")) -> 5 | Q14: =IF($J14="Niepowodzenie rekonstrukcji",IF(COUNTIF($K14:$N14,0)=4,"OK","Ustaw C, G, A, D = 0"),IF(COUNT($K14:$N14)=0,"Nieoceniony",IF(COUNT($K14:$N14)=4,"OK","Uzupełnij oceny"))) -> OK | R14: /home/kamil/dataset/eth3d/boulders/images/scen_1
A15: 14 | B15: eth3d_boulders_scen_2 | C15: ETH3D | D15: boulders | E15: Zewnętrzne | F15: 2 | G15: VGGT | H15: =HYPERLINK("vggt/outputs/eth3d_boulders_scen_2/reconstruction.glb","vggt/outputs/eth3d_boulders_scen_2/reconstruction.glb") -> vggt/outputs/eth3d_boulders_scen_2/reconstruction.glb | I15: DSC_0819.JPG DSC_0821.JPG | J15: Oceniono | K15: 3 | L15: 1 | M15: 1 | N15: 2 | O15: =IF($J15="Niepowodzenie rekonstrukcji",0,IF(COUNT($K15:$N15)=4,SUM($K15:$N15),"")) -> 7 | Q15: =IF($J15="Niepowodzenie rekonstrukcji",IF(COUNTIF($K15:$N15,0)=4,"OK","Ustaw C, G, A, D = 0"),IF(COUNT($K15:$N15)=0,"Nieoceniony",IF(COUNT($K15:$N15)=4,"OK","Uzupełnij oceny"))) -> OK | R15: /home/kamil/dataset/eth3d/boulders/images/scen_2
A16: 15 | B16: eth3d_boulders_scen_2 | C16: ETH3D | D16: boulders | E16: Zewnętrzne | F16: 2 | G16: MASt3R | H16: =HYPERLINK("mast3r/outputs/eth3d_boulders_scen_2/reconstruction.glb","mast3r/outputs/eth3d_boulders_scen_2/reconstruction.glb") -> mast3r/outputs/eth3d_boulders_scen_2/reconstruction.glb | I16: DSC_0819.JPG DSC_0821.JPG | J16: Oceniono | K16: 1 | L16: 3 | M16: 2 | N16: 1 | O16: =IF($J16="Niepowodzenie rekonstrukcji",0,IF(COUNT($K16:$N16)=4,SUM($K16:$N16),"")) -> 7 | Q16: =IF($J16="Niepowodzenie rekonstrukcji",IF(COUNTIF($K16:$N16,0)=4,"OK","Ustaw C, G, A, D = 0"),IF(COUNT($K16:$N16)=0,"Nieoceniony",IF(COUNT($K16:$N16)=4,"OK","Uzupełnij oceny"))) -> OK | R16: /home/kamil/dataset/eth3d/boulders/images/scen_2
A17: 16 | B17: eth3d_boulders_scen_2 | C17: ETH3D | D17: boulders | E17: Zewnętrzne | F17: 2 | G17: MapAnything | H17: =HYPERLINK("mapany/outputs/eth3d_boulders_scen_2/reconstruction.glb","mapany/outputs/eth3d_boulders_scen_2/reconstruction.glb") -> mapany/outputs/eth3d_boulders_scen_2/reconstruction.glb | I17: DSC_0819.JPG DSC_0821.JPG | J17: Oceniono | K17: 2 | L17: 2 | M17: 2 | N17: 2 | O17: =IF($J17="Niepowodzenie rekonstrukcji",0,IF(COUNT($K17:$N17)=4,SUM($K17:$N17),"")) -> 8 | Q17: =IF($J17="Niepowodzenie rekonstrukcji",IF(COUNTIF($K17:$N17,0)=4,"OK","Ustaw C, G, A, D = 0"),IF(COUNT($K17:$N17)=0,"Nieoceniony",IF(COUNT($K17:$N17)=4,"OK","Uzupełnij oceny"))) -> OK | R17: /home/kamil/dataset/eth3d/boulders/images/scen_2
A18: 17 | B18: eth3d_boulders_scen_3 | C18: ETH3D | D18: boulders | E18: Zewnętrzne | F18: 4 | G18: VGGT | H18: =HYPERLINK("vggt/outputs/eth3d_boulders_scen_3/reconstruction.glb","vggt/outputs/eth3d_boulders_scen_3/reconstruction.glb") -> vggt/outputs/eth3d_boulders_scen_3/reconstruction.glb | I18: DSC_0817.JPG DSC_0819.JPG DSC_0821.JPG DSC_0823.JPG | J18: Oceniono | K18: 2 | L18: 2 | M18: 2 | N18: 2 | O18: =IF($J18="Niepowodzenie rekonstrukcji",0,IF(COUNT($K18:$N18)=4,SUM($K18:$N18),"")) -> 8 | Q18: =IF($J18="Niepowodzenie rekonstrukcji",IF(COUNTIF($K18:$N18,0)=4,"OK","Ustaw C, G, A, D = 0"),IF(COUNT($K18:$N18)=0,"Nieoceniony",IF(COUNT($K18:$N18)=4,"OK","Uzupełnij oceny"))) -> OK | R18: /home/kamil/dataset/eth3d/boulders/images/scen_3
A19: 18 | B19: eth3d_boulders_scen_3 | C19: ETH3D | D19: boulders | E19: Zewnętrzne | F19: 4 | G19: MASt3R | H19: =HYPERLINK("mast3r/outputs/eth3d_boulders_scen_3/reconstruction.glb","mast3r/outputs/eth3d_boulders_scen_3/reconstruction.glb") -> mast3r/outputs/eth3d_boulders_scen_3/reconstruction.glb | I19: DSC_0817.JPG DSC_0819.JPG DSC_0821.JPG DSC_0823.JPG | J19: Oceniono | K19: 1 | L19: 2 | M19: 2 | N19: 1 | O19: =IF($J19="Niepowodzenie rekonstrukcji",0,IF(COUNT($K19:$N19)=4,SUM($K19:$N19),"")) -> 6 | Q19: =IF($J19="Niepowodzenie rekonstrukcji",IF(COUNTIF($K19:$N19,0)=4,"OK","Ustaw C, G, A, D = 0"),IF(COUNT($K19:$N19)=0,"Nieoceniony",IF(COUNT($K19:$N19)=4,"OK","Uzupełnij oceny"))) -> OK | R19: /home/kamil/dataset/eth3d/boulders/images/scen_3
A20: 19 | B20: eth3d_boulders_scen_3 | C20: ETH3D | D20: boulders | E20: Zewnętrzne | F20: 4 | G20: MapAnything | H20: =HYPERLINK("mapany/outputs/eth3d_boulders_scen_3/reconstruction.glb","mapany/outputs/eth3d_boulders_scen_3/reconstruction.glb") -> mapany/outputs/eth3d_boulders_scen_3/reconstruction.glb | I20: DSC_0817.JPG DSC_0819.JPG DSC_0821.JPG DSC_0823.JPG | J20: Oceniono | K20: 3 | L20: 2 | M20: 2 | N20: 2 | O20: =IF($J20="Niepowodzenie rekonstrukcji",0,IF(COUNT($K20:$N20)=4,SUM($K20:$N20),"")) -> 9 | Q20: =IF($J20="Niepowodzenie rekonstrukcji",IF(COUNTIF($K20:$N20,0)=4,"OK","Ustaw C, G, A, D = 0"),IF(COUNT($K20:$N20)=0,"Nieoceniony",IF(COUNT($K20:$N20)=4,"OK","Uzupełnij oceny"))) -> OK | R20: /home/kamil/dataset/eth3d/boulders/images/scen_3
A21: 20 | B21: eth3d_boulders_scen_4 | C21: ETH3D | D21: boulders | E21: Zewnętrzne | F21: 8 | G21: VGGT | H21: =HYPERLINK("vggt/outputs/eth3d_boulders_scen_4/reconstruction.glb","vggt/outputs/eth3d_boulders_scen_4/reconstruction.glb") -> vggt/outputs/eth3d_boulders_scen_4/reconstruction.glb | I21: DSC_0817.JPG DSC_0818.JPG DSC_0819.JPG DSC_0820.JPG DSC_0821.JPG DSC_0822.JPG DSC_0823.JPG DSC_0824.JPG | J21: Oceniono | K21: 2 | L21: 2 | M21: 2 | N21: 2 | O21: =IF($J21="Niepowodzenie rekonstrukcji",0,IF(COUNT($K21:$N21)=4,SUM($K21:$N21),"")) -> 8 | Q21: =IF($J21="Niepowodzenie rekonstrukcji",IF(COUNTIF($K21:$N21,0)=4,"OK","Ustaw C, G, A, D = 0"),IF(COUNT($K21:$N21)=0,"Nieoceniony",IF(COUNT($K21:$N21)=4,"OK","Uzupełnij oceny"))) -> OK | R21: /home/kamil/dataset/eth3d/boulders/images/scen_4
A22: 21 | B22: eth3d_boulders_scen_4 | C22: ETH3D | D22: boulders | E22: Zewnętrzne | F22: 8 | G22: MASt3R | H22: =HYPERLINK("mast3r/outputs/eth3d_boulders_scen_4/reconstruction.glb","mast3r/outputs/eth3d_boulders_scen_4/reconstruction.glb") -> mast3r/outputs/eth3d_boulders_scen_4/reconstruction.glb | I22: DSC_0817.JPG DSC_0818.JPG DSC_0819.JPG DSC_0820.JPG DSC_0821.JPG DSC_0822.JPG DSC_0823.JPG DSC_0824.JPG | J22: Oceniono | K22: 1 | L22: 2 | M22: 1 | N22: 1 | O22: =IF($J22="Niepowodzenie rekonstrukcji",0,IF(COUNT($K22:$N22)=4,SUM($K22:$N22),"")) -> 5 | Q22: =IF($J22="Niepowodzenie rekonstrukcji",IF(COUNTIF($K22:$N22,0)=4,"OK","Ustaw C, G, A, D = 0"),IF(COUNT($K22:$N22)=0,"Nieoceniony",IF(COUNT($K22:$N22)=4,"OK","Uzupełnij oceny"))) -> OK | R22: /home/kamil/dataset/eth3d/boulders/images/scen_4
A23: 22 | B23: eth3d_boulders_scen_4 | C23: ETH3D | D23: boulders | E23: Zewnętrzne | F23: 8 | G23: MapAnything | H23: =HYPERLINK("mapany/outputs/eth3d_boulders_scen_4/reconstruction.glb","mapany/outputs/eth3d_boulders_scen_4/reconstruction.glb") -> mapany/outputs/eth3d_boulders_scen_4/reconstruction.glb | I23: DSC_0817.JPG DSC_0818.JPG DSC_0819.JPG DSC_0820.JPG DSC_0821.JPG DSC_0822.JPG DSC_0823.JPG DSC_0824.JPG | J23: Oceniono | K23: 3 | L23: 2 | M23: 2 | N23: 2 | O23: =IF($J23="Niepowodzenie rekonstrukcji",0,IF(COUNT($K23:$N23)=4,SUM($K23:$N23),"")) -> 9 | Q23: =IF($J23="Niepowodzenie rekonstrukcji",IF(COUNTIF($K23:$N23,0)=4,"OK","Ustaw C, G, A, D = 0"),IF(COUNT($K23:$N23)=0,"Nieoceniony",IF(COUNT($K23:$N23)=4,"OK","Uzupełnij oceny"))) -> OK | R23: /home/kamil/dataset/eth3d/boulders/images/scen_4
A24: 23 | B24: eth3d_bridge_scen_1 | C24: ETH3D | D24: bridge | E24: Wewnętrzne | F24: 1 | G24: VGGT | H24: =HYPERLINK("vggt/outputs/eth3d_bridge_scen_1/reconstruction.glb","vggt/outputs/eth3d_bridge_scen_1/reconstruction.glb") -> vggt/outputs/eth3d_bridge_scen_1/reconstruction.glb | I24: DSC_1256.JPG | J24: Oceniono | K24: 1 | L24: 3 | M24: 3 | N24: 1 | O24: =IF($J24="Niepowodzenie rekonstrukcji",0,IF(COUNT($K24:$N24)=4,SUM($K24:$N24),"")) -> 8 | Q24: =IF($J24="Niepowodzenie rekonstrukcji",IF(COUNTIF($K24:$N24,0)=4,"OK","Ustaw C, G, A, D = 0"),IF(COUNT($K24:$N24)=0,"Nieoceniony",IF(COUNT($K24:$N24)=4,"OK","Uzupełnij oceny"))) -> OK | R24: /home/kamil/dataset/eth3d/bridge/images/scen_1
A25: 24 | B25: eth3d_bridge_scen_1 | C25: ETH3D | D25: bridge | E25: Wewnętrzne | F25: 1 | G25: MapAnything | H25: =HYPERLINK("mapany/outputs/eth3d_bridge_scen_1/reconstruction.glb","mapany/outputs/eth3d_bridge_scen_1/reconstruction.glb") -> mapany/outputs/eth3d_bridge_scen_1/reconstruction.glb | I25: DSC_1256.JPG | J25: Oceniono | K25: 2 | L25: 2 | M25: 2 | N25: 2 | O25: =IF($J25="Niepowodzenie rekonstrukcji",0,IF(COUNT($K25:$N25)=4,SUM($K25:$N25),"")) -> 8 | Q25: =IF($J25="Niepowodzenie rekonstrukcji",IF(COUNTIF($K25:$N25,0)=4,"OK","Ustaw C, G, A, D = 0"),IF(COUNT($K25:$N25)=0,"Nieoceniony",IF(COUNT($K25:$N25)=4,"OK","Uzupełnij oceny"))) -> OK | R25: /home/kamil/dataset/eth3d/bridge/images/scen_1
A26: 25 | B26: eth3d_bridge_scen_2 | C26: ETH3D | D26: bridge | E26: Wewnętrzne | F26: 2 | G26: VGGT | H26: =HYPERLINK("vggt/outputs/eth3d_bridge_scen_2/reconstruction.glb","vggt/outputs/eth3d_bridge_scen_2/reconstruction.glb") -> vggt/outputs/eth3d_bridge_scen_2/reconstruction.glb | I26: DSC_1256.JPG DSC_1258.JPG | J26: Oceniono | K26: 1 | L26: 3 | M26: 3 | N26: 1 | O26: =IF($J26="Niepowodzenie rekonstrukcji",0,IF(COUNT($K26:$N26)=4,SUM($K26:$N26),"")) -> 8 | Q26: =IF($J26="Niepowodzenie rekonstrukcji",IF(COUNTIF($K26:$N26,0)=4,"OK","Ustaw C, G, A, D = 0"),IF(COUNT($K26:$N26)=0,"Nieoceniony",IF(COUNT($K26:$N26)=4,"OK","Uzupełnij oceny"))) -> OK | R26: /home/kamil/dataset/eth3d/bridge/images/scen_2
A27: 26 | B27: eth3d_bridge_scen_2 | C27: ETH3D | D27: bridge | E27: Wewnętrzne | F27: 2 | G27: MASt3R | H27: =HYPERLINK("mast3r/outputs/eth3d_bridge_scen_2/reconstruction.glb","mast3r/outputs/eth3d_bridge_scen_2/reconstruction.glb") -> mast3r/outputs/eth3d_bridge_scen_2/reconstruction.glb | I27: DSC_1256.JPG DSC_1258.JPG | J27: Oceniono | K27: 2 | L27: 3 | M27: 2 | N27: 2 | O27: =IF($J27="Niepowodzenie rekonstrukcji",0,IF(COUNT($K27:$N27)=4,SUM($K27:$N27),"")) -> 9 | Q27: =IF($J27="Niepowodzenie rekonstrukcji",IF(COUNTIF($K27:$N27,0)=4,"OK","Ustaw C, G, A, D = 0"),IF(COUNT($K27:$N27)=0,"Nieoceniony",IF(COUNT($K27:$N27)=4,"OK","Uzupełnij oceny"))) -> OK | R27: /home/kamil/dataset/eth3d/bridge/images/scen_2
A28: 27 | B28: eth3d_bridge_scen_2 | C28: ETH3D | D28: bridge | E28: Wewnętrzne | F28: 2 | G28: MapAnything | H28: =HYPERLINK("mapany/outputs/eth3d_bridge_scen_2/reconstruction.glb","mapany/outputs/eth3d_bridge_scen_2/reconstruction.glb") -> mapany/outputs/eth3d_bridge_scen_2/reconstruction.glb | I28: DSC_1256.JPG DSC_1258.JPG | J28: Oceniono | K28: 3 | L28: 2 | M28: 2 | N28: 2 | O28: =IF($J28="Niepowodzenie rekonstrukcji",0,IF(COUNT($K28:$N28)=4,SUM($K28:$N28),"")) -> 9 | Q28: =IF($J28="Niepowodzenie rekonstrukcji",IF(COUNTIF($K28:$N28,0)=4,"OK","Ustaw C, G, A, D = 0"),IF(COUNT($K28:$N28)=0,"Nieoceniony",IF(COUNT($K28:$N28)=4,"OK","Uzupełnij oceny"))) -> OK | R28: /home/kamil/dataset/eth3d/bridge/images/scen_2
A29: 28 | B29: eth3d_bridge_scen_3 | C29: ETH3D | D29: bridge | E29: Wewnętrzne | F29: 4 | G29: VGGT | H29: =HYPERLINK("vggt/outputs/eth3d_bridge_scen_3/reconstruction.glb","vggt/outputs/eth3d_bridge_scen_3/reconstruction.glb") -> vggt/outputs/eth3d_bridge_scen_3/reconstruction.glb | I29: DSC_1256.JPG DSC_1258.JPG DSC_1260.JPG DSC_1262.JPG | J29: Oceniono | K29: 1 | L29: 2 | M29: 2 | N29: 1 | O29: =IF($J29="Niepowodzenie rekonstrukcji",0,IF(COUNT($K29:$N29)=4,SUM($K29:$N29),"")) -> 6 | Q29: =IF($J29="Niepowodzenie rekonstrukcji",IF(COUNTIF($K29:$N29,0)=4,"OK","Ustaw C, G, A, D = 0"),IF(COUNT($K29:$N29)=0,"Nieoceniony",IF(COUNT($K29:$N29)=4,"OK","Uzupełnij oceny"))) -> OK | R29: /home/kamil/dataset/eth3d/bridge/images/scen_3
A30: 29 | B30: eth3d_bridge_scen_3 | C30: ETH3D | D30: bridge | E30: Wewnętrzne | F30: 4 | G30: MASt3R | H30: =HYPERLINK("mast3r/outputs/eth3d_bridge_scen_3/reconstruction.glb","mast3r/outputs/eth3d_bridge_scen_3/reconstruction.glb") -> mast3r/outputs/eth3d_bridge_scen_3/reconstruction.glb | I30: DSC_1256.JPG DSC_1258.JPG DSC_1260.JPG DSC_1262.JPG | J30: Oceniono | K30: 2 | L30: 2 | M30: 1 | N30: 2 | O30: =IF($J30="Niepowodzenie rekonstrukcji",0,IF(COUNT($K30:$N30)=4,SUM($K30:$N30),"")) -> 7 | Q30: =IF($J30="Niepowodzenie rekonstrukcji",IF(COUNTIF($K30:$N30,0)=4,"OK","Ustaw C, G, A, D = 0"),IF(COUNT($K30:$N30)=0,"Nieoceniony",IF(COUNT($K30:$N30)=4,"OK","Uzupełnij oceny"))) -> OK | R30: /home/kamil/dataset/eth3d/bridge/images/scen_3
A31: 30 | B31: eth3d_bridge_scen_3 | C31: ETH3D | D31: bridge | E31: Wewnętrzne | F31: 4 | G31: MapAnything | H31: =HYPERLINK("mapany/outputs/eth3d_bridge_scen_3/reconstruction.glb","mapany/outputs/eth3d_bridge_scen_3/reconstruction.glb") -> mapany/outputs/eth3d_bridge_scen_3/reconstruction.glb | I31: DSC_1256.JPG DSC_1258.JPG DSC_1260.JPG DSC_1262.JPG | J31: Oceniono | K31: 3 | L31: 2 | M31: 3 | N31: 3 | O31: =IF($J31="Niepowodzenie rekonstrukcji",0,IF(COUNT($K31:$N31)=4,SUM($K31:$N31),"")) -> 11 | Q31: =IF($J31="Niepowodzenie rekonstrukcji",IF(COUNTIF($K31:$N31,0)=4,"OK","Ustaw C, G, A, D = 0"),IF(COUNT($K31:$N31)=0,"Nieoceniony",IF(COUNT($K31:$N31)=4,"OK","Uzupełnij oceny"))) -> OK | R31: /home/kamil/dataset/eth3d/bridge/images/scen_3
A32: 31 | B32: eth3d_bridge_scen_4 | C32: ETH3D | D32: bridge | E32: Wewnętrzne | F32: 8 | G32: VGGT | H32: =HYPERLINK("vggt/outputs/eth3d_bridge_scen_4/reconstruction.glb","vggt/outputs/eth3d_bridge_scen_4/reconstruction.glb") -> vggt/outputs/eth3d_bridge_scen_4/reconstruction.glb | I32: DSC_1249.JPG DSC_1256.JPG DSC_1258.JPG DSC_1260.JPG DSC_1262.JPG DSC_1265.JPG DSC_1267.JPG DSC_1269.JPG | J32: Oceniono | K32: 1 | L32: 0 | M32: 2 | N32: 1 | O32: =IF($J32="Niepowodzenie rekonstrukcji",0,IF(COUNT($K32:$N32)=4,SUM($K32:$N32),"")) -> 4 | Q32: =IF($J32="Niepowodzenie rekonstrukcji",IF(COUNTIF($K32:$N32,0)=4,"OK","Ustaw C, G, A, D = 0"),IF(COUNT($K32:$N32)=0,"Nieoceniony",IF(COUNT($K32:$N32)=4,"OK","Uzupełnij oceny"))) -> OK | R32: /home/kamil/dataset/eth3d/bridge/images/scen_4
A33: 32 | B33: eth3d_bridge_scen_4 | C33: ETH3D | D33: bridge | E33: Wewnętrzne | F33: 8 | G33: MASt3R | H33: =HYPERLINK("mast3r/outputs/eth3d_bridge_scen_4/reconstruction.glb","mast3r/outputs/eth3d_bridge_scen_4/reconstruction.glb") -> mast3r/outputs/eth3d_bridge_scen_4/reconstruction.glb | I33: DSC_1249.JPG DSC_1256.JPG DSC_1258.JPG DSC_1260.JPG DSC_1262.JPG DSC_1265.JPG DSC_1267.JPG DSC_1269.JPG | J33: Oceniono | K33: 1 | L33: 0 | M33: 0 | N33: 1 | O33: =IF($J33="Niepowodzenie rekonstrukcji",0,IF(COUNT($K33:$N33)=4,SUM($K33:$N33),"")) -> 2 | Q33: =IF($J33="Niepowodzenie rekonstrukcji",IF(COUNTIF($K33:$N33,0)=4,"OK","Ustaw C, G, A, D = 0"),IF(COUNT($K33:$N33)=0,"Nieoceniony",IF(COUNT($K33:$N33)=4,"OK","Uzupełnij oceny"))) -> OK | R33: /home/kamil/dataset/eth3d/bridge/images/scen_4
A34: 33 | B34: eth3d_bridge_scen_4 | C34: ETH3D | D34: bridge | E34: Wewnętrzne | F34: 8 | G34: MapAnything | H34: =HYPERLINK("mapany/outputs/eth3d_bridge_scen_4/reconstruction.glb","mapany/outputs/eth3d_bridge_scen_4/reconstruction.glb") -> mapany/outputs/eth3d_bridge_scen_4/reconstruction.glb | I34: DSC_1249.JPG DSC_1256.JPG DSC_1258.JPG DSC_1260.JPG DSC_1262.JPG DSC_1265.JPG DSC_1267.JPG DSC_1269.JPG | J34: Oceniono | K34: 2 | L34: 2 | M34: 1 | N34: 2 | O34: =IF($J34="Niepowodzenie rekonstrukcji",0,IF(COUNT($K34:$N34)=4,SUM($K34:$N34),"")) -> 7 | Q34: =IF($J34="Niepowodzenie rekonstrukcji",IF(COUNTIF($K34:$N34,0)=4,"OK","Ustaw C, G, A, D = 0"),IF(COUNT($K34:$N34)=0,"Nieoceniony",IF(COUNT($K34:$N34)=4,"OK","Uzupełnij oceny"))) -> OK | R34: /home/kamil/dataset/eth3d/bridge/images/scen_4
A35: 34 | B35: custom_bush_1_scen_1 | C35: Custom | D35: bush_1 | E35: Naturalne | F35: 1 | G35: VGGT | H35: =HYPERLINK("vggt/outputs/custom_bush_1_scen_1/reconstruction.glb","vggt/outputs/custom_bush_1_scen_1/reconstruction.glb") -> vggt/outputs/custom_bush_1_scen_1/reconstruction.glb | I35: IMG_9126.jpg | J35: Oceniono | K35: 1 | L35: 1 | M35: 2 | N35: 1 | O35: =IF($J35="Niepowodzenie rekonstrukcji",0,IF(COUNT($K35:$N35)=4,SUM($K35:$N35),"")) -> 5 | Q35: =IF($J35="Niepowodzenie rekonstrukcji",IF(COUNTIF($K35:$N35,0)=4,"OK","Ustaw C, G, A, D = 0"),IF(COUNT($K35:$N35)=0,"Nieoceniony",IF(COUNT($K35:$N35)=4,"OK","Uzupełnij oceny"))) -> OK | R35: /home/kamil/dataset/custom/bush_1/images/scen_1
A36: 35 | B36: custom_bush_1_scen_1 | C36: Custom | D36: bush_1 | E36: Naturalne | F36: 1 | G36: MapAnything | H36: =HYPERLINK("mapany/outputs/custom_bush_1_scen_1/reconstruction.glb","mapany/outputs/custom_bush_1_scen_1/reconstruction.glb") -> mapany/outputs/custom_bush_1_scen_1/reconstruction.glb | I36: IMG_9126.jpg | J36: Oceniono | K36: 2 | L36: 1 | M36: 1 | N36: 2 | O36: =IF($J36="Niepowodzenie rekonstrukcji",0,IF(COUNT($K36:$N36)=4,SUM($K36:$N36),"")) -> 6 | Q36: =IF($J36="Niepowodzenie rekonstrukcji",IF(COUNTIF($K36:$N36,0)=4,"OK","Ustaw C, G, A, D = 0"),IF(COUNT($K36:$N36)=0,"Nieoceniony",IF(COUNT($K36:$N36)=4,"OK","Uzupełnij oceny"))) -> OK | R36: /home/kamil/dataset/custom/bush_1/images/scen_1
A37: 36 | B37: custom_bush_1_scen_2 | C37: Custom | D37: bush_1 | E37: Naturalne | F37: 2 | G37: VGGT | H37: =HYPERLINK("vggt/outputs/custom_bush_1_scen_2/reconstruction.glb","vggt/outputs/custom_bush_1_scen_2/reconstruction.glb") -> vggt/outputs/custom_bush_1_scen_2/reconstruction.glb | I37: IMG_9123.jpg IMG_9126.jpg | J37: Oceniono | K37: 1 | L37: 1 | M37: 2 | N37: 1 | O37: =IF($J37="Niepowodzenie rekonstrukcji",0,IF(COUNT($K37:$N37)=4,SUM($K37:$N37),"")) -> 5 | Q37: =IF($J37="Niepowodzenie rekonstrukcji",IF(COUNTIF($K37:$N37,0)=4,"OK","Ustaw C, G, A, D = 0"),IF(COUNT($K37:$N37)=0,"Nieoceniony",IF(COUNT($K37:$N37)=4,"OK","Uzupełnij oceny"))) -> OK | R37: /home/kamil/dataset/custom/bush_1/images/scen_2
A38: 37 | B38: custom_bush_1_scen_2 | C38: Custom | D38: bush_1 | E38: Naturalne | F38: 2 | G38: MASt3R | H38: =HYPERLINK("mast3r/outputs/custom_bush_1_scen_2/reconstruction.glb","mast3r/outputs/custom_bush_1_scen_2/reconstruction.glb") -> mast3r/outputs/custom_bush_1_scen_2/reconstruction.glb | I38: IMG_9123.jpg IMG_9126.jpg | J38: Oceniono | K38: 1 | L38: 1 | M38: 2 | N38: 1 | O38: =IF($J38="Niepowodzenie rekonstrukcji",0,IF(COUNT($K38:$N38)=4,SUM($K38:$N38),"")) -> 5 | Q38: =IF($J38="Niepowodzenie rekonstrukcji",IF(COUNTIF($K38:$N38,0)=4,"OK","Ustaw C, G, A, D = 0"),IF(COUNT($K38:$N38)=0,"Nieoceniony",IF(COUNT($K38:$N38)=4,"OK","Uzupełnij oceny"))) -> OK | R38: /home/kamil/dataset/custom/bush_1/images/scen_2
A39: 38 | B39: custom_bush_1_scen_2 | C39: Custom | D39: bush_1 | E39: Naturalne | F39: 2 | G39: MapAnything | H39: =HYPERLINK("mapany/outputs/custom_bush_1_scen_2/reconstruction.glb","mapany/outputs/custom_bush_1_scen_2/reconstruction.glb") -> mapany/outputs/custom_bush_1_scen_2/reconstruction.glb | I39: IMG_9123.jpg IMG_9126.jpg | J39: Oceniono | K39: 2 | L39: 1 | M39: 1 | N39: 2 | O39: =IF($J39="Niepowodzenie rekonstrukcji",0,IF(COUNT($K39:$N39)=4,SUM($K39:$N39),"")) -> 6 | Q39: =IF($J39="Niepowodzenie rekonstrukcji",IF(COUNTIF($K39:$N39,0)=4,"OK","Ustaw C, G, A, D = 0"),IF(COUNT($K39:$N39)=0,"Nieoceniony",IF(COUNT($K39:$N39)=4,"OK","Uzupełnij oceny"))) -> OK | R39: /home/kamil/dataset/custom/bush_1/images/scen_2
A40: 39 | B40: custom_bush_1_scen_3 | C40: Custom | D40: bush_1 | E40: Naturalne | F40: 4 | G40: VGGT | H40: =HYPERLINK("vggt/outputs/custom_bush_1_scen_3/reconstruction.glb","vggt/outputs/custom_bush_1_scen_3/reconstruction.glb") -> vggt/outputs/custom_bush_1_scen_3/reconstruction.glb | I40: IMG_9123.jpg IMG_9126.jpg IMG_9128.jpg IMG_9129.jpg | J40: Oceniono | K40: 1 | L40: 1 | M40: 2 | N40: 1 | O40: =IF($J40="Niepowodzenie rekonstrukcji",0,IF(COUNT($K40:$N40)=4,SUM($K40:$N40),"")) -> 5 | Q40: =IF($J40="Niepowodzenie rekonstrukcji",IF(COUNTIF($K40:$N40,0)=4,"OK","Ustaw C, G, A, D = 0"),IF(COUNT($K40:$N40)=0,"Nieoceniony",IF(COUNT($K40:$N40)=4,"OK","Uzupełnij oceny"))) -> OK | R40: /home/kamil/dataset/custom/bush_1/images/scen_3
A41: 40 | B41: custom_bush_1_scen_3 | C41: Custom | D41: bush_1 | E41: Naturalne | F41: 4 | G41: MASt3R | H41: =HYPERLINK("mast3r/outputs/custom_bush_1_scen_3/reconstruction.glb","mast3r/outputs/custom_bush_1_scen_3/reconstruction.glb") -> mast3r/outputs/custom_bush_1_scen_3/reconstruction.glb | I41: IMG_9123.jpg IMG_9126.jpg IMG_9128.jpg IMG_9129.jpg | J41: Oceniono | K41: 1 | L41: 1 | M41: 2 | N41: 1 | O41: =IF($J41="Niepowodzenie rekonstrukcji",0,IF(COUNT($K41:$N41)=4,SUM($K41:$N41),"")) -> 5 | Q41: =IF($J41="Niepowodzenie rekonstrukcji",IF(COUNTIF($K41:$N41,0)=4,"OK","Ustaw C, G, A, D = 0"),IF(COUNT($K41:$N41)=0,"Nieoceniony",IF(COUNT($K41:$N41)=4,"OK","Uzupełnij oceny"))) -> OK | R41: /home/kamil/dataset/custom/bush_1/images/scen_3
A42: 41 | B42: custom_bush_1_scen_3 | C42: Custom | D42: bush_1 | E42: Naturalne | F42: 4 | G42: MapAnything | H42: =HYPERLINK("mapany/outputs/custom_bush_1_scen_3/reconstruction.glb","mapany/outputs/custom_bush_1_scen_3/reconstruction.glb") -> mapany/outputs/custom_bush_1_scen_3/reconstruction.glb | I42: IMG_9123.jpg IMG_9126.jpg IMG_9128.jpg IMG_9129.jpg | J42: Oceniono | K42: 2 | L42: 1 | M42: 1 | N42: 2 | O42: =IF($J42="Niepowodzenie rekonstrukcji",0,IF(COUNT($K42:$N42)=4,SUM($K42:$N42),"")) -> 6 | Q42: =IF($J42="Niepowodzenie rekonstrukcji",IF(COUNTIF($K42:$N42,0)=4,"OK","Ustaw C, G, A, D = 0"),IF(COUNT($K42:$N42)=0,"Nieoceniony",IF(COUNT($K42:$N42)=4,"OK","Uzupełnij oceny"))) -> OK | R42: /home/kamil/dataset/custom/bush_1/images/scen_3
A43: 42 | B43: custom_bush_1_scen_4 | C43: Custom | D43: bush_1 | E43: Naturalne | F43: 8 | G43: VGGT | H43: =HYPERLINK("vggt/outputs/custom_bush_1_scen_4/reconstruction.glb","vggt/outputs/custom_bush_1_scen_4/reconstruction.glb") -> vggt/outputs/custom_bush_1_scen_4/reconstruction.glb | I43: IMG_9122.jpg IMG_9123.jpg IMG_9124.jpg IMG_9125.jpg IMG_9126.jpg IMG_9127.jpg IMG_9128.jpg IMG_9129.jpg | J43: Oceniono | K43: 1 | L43: 2 | M43: 2 | N43: 1 | O43: =IF($J43="Niepowodzenie rekonstrukcji",0,IF(COUNT($K43:$N43)=4,SUM($K43:$N43),"")) -> 6 | Q43: =IF($J43="Niepowodzenie rekonstrukcji",IF(COUNTIF($K43:$N43,0)=4,"OK","Ustaw C, G, A, D = 0"),IF(COUNT($K43:$N43)=0,"Nieoceniony",IF(COUNT($K43:$N43)=4,"OK","Uzupełnij oceny"))) -> OK | R43: /home/kamil/dataset/custom/bush_1/images/scen_4
A44: 43 | B44: custom_bush_1_scen_4 | C44: Custom | D44: bush_1 | E44: Naturalne | F44: 8 | G44: MASt3R | H44: =HYPERLINK("mast3r/outputs/custom_bush_1_scen_4/reconstruction.glb","mast3r/outputs/custom_bush_1_scen_4/reconstruction.glb") -> mast3r/outputs/custom_bush_1_scen_4/reconstruction.glb | I44: IMG_9122.jpg IMG_9123.jpg IMG_9124.jpg IMG_9125.jpg IMG_9126.jpg IMG_9127.jpg IMG_9128.jpg IMG_9129.jpg | J44: Oceniono | K44: 1 | L44: 2 | M44: 2 | N44: 1 | O44: =IF($J44="Niepowodzenie rekonstrukcji",0,IF(COUNT($K44:$N44)=4,SUM($K44:$N44),"")) -> 6 | Q44: =IF($J44="Niepowodzenie rekonstrukcji",IF(COUNTIF($K44:$N44,0)=4,"OK","Ustaw C, G, A, D = 0"),IF(COUNT($K44:$N44)=0,"Nieoceniony",IF(COUNT($K44:$N44)=4,"OK","Uzupełnij oceny"))) -> OK | R44: /home/kamil/dataset/custom/bush_1/images/scen_4
A45: 44 | B45: custom_bush_1_scen_4 | C45: Custom | D45: bush_1 | E45: Naturalne | F45: 8 | G45: MapAnything | H45: =HYPERLINK("mapany/outputs/custom_bush_1_scen_4/reconstruction.glb","mapany/outputs/custom_bush_1_scen_4/reconstruction.glb") -> mapany/outputs/custom_bush_1_scen_4/reconstruction.glb | I45: IMG_9122.jpg IMG_9123.jpg IMG_9124.jpg IMG_9125.jpg IMG_9126.jpg IMG_9127.jpg IMG_9128.jpg IMG_9129.jpg | J45: Oceniono | K45: 3 | L45: 2 | M45: 1 | N45: 3 | O45: =IF($J45="Niepowodzenie rekonstrukcji",0,IF(COUNT($K45:$N45)=4,SUM($K45:$N45),"")) -> 9 | Q45: =IF($J45="Niepowodzenie rekonstrukcji",IF(COUNTIF($K45:$N45,0)=4,"OK","Ustaw C, G, A, D = 0"),IF(COUNT($K45:$N45)=0,"Nieoceniony",IF(COUNT($K45:$N45)=4,"OK","Uzupełnij oceny"))) -> OK | R45: /home/kamil/dataset/custom/bush_1/images/scen_4
A46: 45 | B46: custom_bush_2_scen_1 | C46: Custom | D46: bush_2 | E46: Naturalne | F46: 1 | G46: VGGT | H46: =HYPERLINK("vggt/outputs/custom_bush_2_scen_1/reconstruction.glb","vggt/outputs/custom_bush_2_scen_1/reconstruction.glb") -> vggt/outputs/custom_bush_2_scen_1/reconstruction.glb | I46: IMG_9131.jpg | J46: Oceniono | K46: 1 | L46: 2 | M46: 2 | N46: 1 | O46: =IF($J46="Niepowodzenie rekonstrukcji",0,IF(COUNT($K46:$N46)=4,SUM($K46:$N46),"")) -> 6 | Q46: =IF($J46="Niepowodzenie rekonstrukcji",IF(COUNTIF($K46:$N46,0)=4,"OK","Ustaw C, G, A, D = 0"),IF(COUNT($K46:$N46)=0,"Nieoceniony",IF(COUNT($K46:$N46)=4,"OK","Uzupełnij oceny"))) -> OK | R46: /home/kamil/dataset/custom/bush_2/images/scen_1
A47: 46 | B47: custom_bush_2_scen_1 | C47: Custom | D47: bush_2 | E47: Naturalne | F47: 1 | G47: MapAnything | H47: =HYPERLINK("mapany/outputs/custom_bush_2_scen_1/reconstruction.glb","mapany/outputs/custom_bush_2_scen_1/reconstruction.glb") -> mapany/outputs/custom_bush_2_scen_1/reconstruction.glb | I47: IMG_9131.jpg | J47: Oceniono | K47: 1 | L47: 1 | M47: 1 | N47: 1 | O47: =IF($J47="Niepowodzenie rekonstrukcji",0,IF(COUNT($K47:$N47)=4,SUM($K47:$N47),"")) -> 4 | Q47: =IF($J47="Niepowodzenie rekonstrukcji",IF(COUNTIF($K47:$N47,0)=4,"OK","Ustaw C, G, A, D = 0"),IF(COUNT($K47:$N47)=0,"Nieoceniony",IF(COUNT($K47:$N47)=4,"OK","Uzupełnij oceny"))) -> OK | R47: /home/kamil/dataset/custom/bush_2/images/scen_1
A48: 47 | B48: custom_bush_2_scen_2 | C48: Custom | D48: bush_2 | E48: Naturalne | F48: 2 | G48: VGGT | H48: =HYPERLINK("vggt/outputs/custom_bush_2_scen_2/reconstruction.glb","vggt/outputs/custom_bush_2_scen_2/reconstruction.glb") -> vggt/outputs/custom_bush_2_scen_2/reconstruction.glb | I48: IMG_9131.jpg IMG_9136.jpg | J48: Oceniono | K48: 1 | L48: 1 | M48: 2 | N48: 1 | O48: =IF($J48="Niepowodzenie rekonstrukcji",0,IF(COUNT($K48:$N48)=4,SUM($K48:$N48),"")) -> 5 | Q48: =IF($J48="Niepowodzenie rekonstrukcji",IF(COUNTIF($K48:$N48,0)=4,"OK","Ustaw C, G, A, D = 0"),IF(COUNT($K48:$N48)=0,"Nieoceniony",IF(COUNT($K48:$N48)=4,"OK","Uzupełnij oceny"))) -> OK | R48: /home/kamil/dataset/custom/bush_2/images/scen_2
A49: 48 | B49: custom_bush_2_scen_2 | C49: Custom | D49: bush_2 | E49: Naturalne | F49: 2 | G49: MASt3R | H49: =HYPERLINK("mast3r/outputs/custom_bush_2_scen_2/reconstruction.glb","mast3r/outputs/custom_bush_2_scen_2/reconstruction.glb") -> mast3r/outputs/custom_bush_2_scen_2/reconstruction.glb | I49: IMG_9131.jpg IMG_9136.jpg | J49: Oceniono | K49: 1 | L49: 1 | M49: 2 | N49: 1 | O49: =IF($J49="Niepowodzenie rekonstrukcji",0,IF(COUNT($K49:$N49)=4,SUM($K49:$N49),"")) -> 5 | Q49: =IF($J49="Niepowodzenie rekonstrukcji",IF(COUNTIF($K49:$N49,0)=4,"OK","Ustaw C, G, A, D = 0"),IF(COUNT($K49:$N49)=0,"Nieoceniony",IF(COUNT($K49:$N49)=4,"OK","Uzupełnij oceny"))) -> OK | R49: /home/kamil/dataset/custom/bush_2/images/scen_2
A50: 49 | B50: custom_bush_2_scen_2 | C50: Custom | D50: bush_2 | E50: Naturalne | F50: 2 | G50: MapAnything | H50: =HYPERLINK("mapany/outputs/custom_bush_2_scen_2/reconstruction.glb","mapany/outputs/custom_bush_2_scen_2/reconstruction.glb") -> mapany/outputs/custom_bush_2_scen_2/reconstruction.glb | I50: IMG_9131.jpg IMG_9136.jpg | J50: Oceniono | K50: 2 | L50: 1 | M50: 1 | N50: 1 | O50: =IF($J50="Niepowodzenie rekonstrukcji",0,IF(COUNT($K50:$N50)=4,SUM($K50:$N50),"")) -> 5 | Q50: =IF($J50="Niepowodzenie rekonstrukcji",IF(COUNTIF($K50:$N50,0)=4,"OK","Ustaw C, G, A, D = 0"),IF(COUNT($K50:$N50)=0,"Nieoceniony",IF(COUNT($K50:$N50)=4,"OK","Uzupełnij oceny"))) -> OK | R50: /home/kamil/dataset/custom/bush_2/images/scen_2
A51: 50 | B51: custom_bush_2_scen_3 | C51: Custom | D51: bush_2 | E51: Naturalne | F51: 4 | G51: VGGT | H51: =HYPERLINK("vggt/outputs/custom_bush_2_scen_3/reconstruction.glb","vggt/outputs/custom_bush_2_scen_3/reconstruction.glb") -> vggt/outputs/custom_bush_2_scen_3/reconstruction.glb | I51: IMG_9131.jpg IMG_9134.jpg IMG_9136.jpg IMG_9138.jpg | J51: Oceniono | K51: 1 | L51: 1 | M51: 2 | N51: 1 | O51: =IF($J51="Niepowodzenie rekonstrukcji",0,IF(COUNT($K51:$N51)=4,SUM($K51:$N51),"")) -> 5 | Q51: =IF($J51="Niepowodzenie rekonstrukcji",IF(COUNTIF($K51:$N51,0)=4,"OK","Ustaw C, G, A, D = 0"),IF(COUNT($K51:$N51)=0,"Nieoceniony",IF(COUNT($K51:$N51)=4,"OK","Uzupełnij oceny"))) -> OK | R51: /home/kamil/dataset/custom/bush_2/images/scen_3
A52: 51 | B52: custom_bush_2_scen_3 | C52: Custom | D52: bush_2 | E52: Naturalne | F52: 4 | G52: MASt3R | H52: =HYPERLINK("mast3r/outputs/custom_bush_2_scen_3/reconstruction.glb","mast3r/outputs/custom_bush_2_scen_3/reconstruction.glb") -> mast3r/outputs/custom_bush_2_scen_3/reconstruction.glb | I52: IMG_9131.jpg IMG_9134.jpg IMG_9136.jpg IMG_9138.jpg | J52: Oceniono | K52: 1 | L52: 1 | M52: 2 | N52: 1 | O52: =IF($J52="Niepowodzenie rekonstrukcji",0,IF(COUNT($K52:$N52)=4,SUM($K52:$N52),"")) -> 5 | Q52: =IF($J52="Niepowodzenie rekonstrukcji",IF(COUNTIF($K52:$N52,0)=4,"OK","Ustaw C, G, A, D = 0"),IF(COUNT($K52:$N52)=0,"Nieoceniony",IF(COUNT($K52:$N52)=4,"OK","Uzupełnij oceny"))) -> OK | R52: /home/kamil/dataset/custom/bush_2/images/scen_3
A53: 52 | B53: custom_bush_2_scen_3 | C53: Custom | D53: bush_2 | E53: Naturalne | F53: 4 | G53: MapAnything | H53: =HYPERLINK("mapany/outputs/custom_bush_2_scen_3/reconstruction.glb","mapany/outputs/custom_bush_2_scen_3/reconstruction.glb") -> mapany/outputs/custom_bush_2_scen_3/reconstruction.glb | I53: IMG_9131.jpg IMG_9134.jpg IMG_9136.jpg IMG_9138.jpg | J53: Oceniono | K53: 2 | L53: 2 | M53: 1 | N53: 1 | O53: =IF($J53="Niepowodzenie rekonstrukcji",0,IF(COUNT($K53:$N53)=4,SUM($K53:$N53),"")) -> 6 | Q53: =IF($J53="Niepowodzenie rekonstrukcji",IF(COUNTIF($K53:$N53,0)=4,"OK","Ustaw C, G, A, D = 0"),IF(COUNT($K53:$N53)=0,"Nieoceniony",IF(COUNT($K53:$N53)=4,"OK","Uzupełnij oceny"))) -> OK | R53: /home/kamil/dataset/custom/bush_2/images/scen_3
A54: 53 | B54: custom_bush_2_scen_4 | C54: Custom | D54: bush_2 | E54: Naturalne | F54: 8 | G54: VGGT | H54: =HYPERLINK("vggt/outputs/custom_bush_2_scen_4/reconstruction.glb","vggt/outputs/custom_bush_2_scen_4/reconstruction.glb") -> vggt/outputs/custom_bush_2_scen_4/reconstruction.glb | I54: IMG_9131.jpg IMG_9132.jpg IMG_9133.jpg IMG_9134.jpg IMG_9135.jpg IMG_9136.jpg IMG_9137.jpg IMG_9138.jpg | J54: Oceniono | K54: 1 | L54: 2 | M54: 2 | N54: 1 | O54: =IF($J54="Niepowodzenie rekonstrukcji",0,IF(COUNT($K54:$N54)=4,SUM($K54:$N54),"")) -> 6 | Q54: =IF($J54="Niepowodzenie rekonstrukcji",IF(COUNTIF($K54:$N54,0)=4,"OK","Ustaw C, G, A, D = 0"),IF(COUNT($K54:$N54)=0,"Nieoceniony",IF(COUNT($K54:$N54)=4,"OK","Uzupełnij oceny"))) -> OK | R54: /home/kamil/dataset/custom/bush_2/images/scen_4
A55: 54 | B55: custom_bush_2_scen_4 | C55: Custom | D55: bush_2 | E55: Naturalne | F55: 8 | G55: MASt3R | H55: =HYPERLINK("mast3r/outputs/custom_bush_2_scen_4/reconstruction.glb","mast3r/outputs/custom_bush_2_scen_4/reconstruction.glb") -> mast3r/outputs/custom_bush_2_scen_4/reconstruction.glb | I55: IMG_9131.jpg IMG_9132.jpg IMG_9133.jpg IMG_9134.jpg IMG_9135.jpg IMG_9136.jpg IMG_9137.jpg IMG_9138.jpg | J55: Oceniono | K55: 0 | L55: 1 | M55: 1 | N55: 1 | O55: =IF($J55="Niepowodzenie rekonstrukcji",0,IF(COUNT($K55:$N55)=4,SUM($K55:$N55),"")) -> 3 | Q55: =IF($J55="Niepowodzenie rekonstrukcji",IF(COUNTIF($K55:$N55,0)=4,"OK","Ustaw C, G, A, D = 0"),IF(COUNT($K55:$N55)=0,"Nieoceniony",IF(COUNT($K55:$N55)=4,"OK","Uzupełnij oceny"))) -> OK | R55: /home/kamil/dataset/custom/bush_2/images/scen_4
A56: 55 | B56: custom_bush_2_scen_4 | C56: Custom | D56: bush_2 | E56: Naturalne | F56: 8 | G56: MapAnything | H56: =HYPERLINK("mapany/outputs/custom_bush_2_scen_4/reconstruction.glb","mapany/outputs/custom_bush_2_scen_4/reconstruction.glb") -> mapany/outputs/custom_bush_2_scen_4/reconstruction.glb | I56: IMG_9131.jpg IMG_9132.jpg IMG_9133.jpg IMG_9134.jpg IMG_9135.jpg IMG_9136.jpg IMG_9137.jpg IMG_9138.jpg | J56: Oceniono | K56: 2 | L56: 2 | M56: 1 | N56: 2 | O56: =IF($J56="Niepowodzenie rekonstrukcji",0,IF(COUNT($K56:$N56)=4,SUM($K56:$N56),"")) -> 7 | Q56: =IF($J56="Niepowodzenie rekonstrukcji",IF(COUNTIF($K56:$N56,0)=4,"OK","Ustaw C, G, A, D = 0"),IF(COUNT($K56:$N56)=0,"Nieoceniony",IF(COUNT($K56:$N56)=4,"OK","Uzupełnij oceny"))) -> OK | R56: /home/kamil/dataset/custom/bush_2/images/scen_4
A57: 56 | B57: custom_cafe_scen_1 | C57: Custom | D57: cafe | E57: Wewnętrzne | F57: 1 | G57: VGGT | H57: =HYPERLINK("vggt/outputs/custom_cafe_scen_1/reconstruction.glb","vggt/outputs/custom_cafe_scen_1/reconstruction.glb") -> vggt/outputs/custom_cafe_scen_1/reconstruction.glb | I57: IMG_8806.jpg | J57: Oceniono | K57: 1 | L57: 2 | M57: 3 | N57: 2 | O57: =IF($J57="Niepowodzenie rekonstrukcji",0,IF(COUNT($K57:$N57)=4,SUM($K57:$N57),"")) -> 8 | Q57: =IF($J57="Niepowodzenie rekonstrukcji",IF(COUNTIF($K57:$N57,0)=4,"OK","Ustaw C, G, A, D = 0"),IF(COUNT($K57:$N57)=0,"Nieoceniony",IF(COUNT($K57:$N57)=4,"OK","Uzupełnij oceny"))) -> OK | R57: /home/kamil/dataset/custom/cafe/images/scen_1
A58: 57 | B58: custom_cafe_scen_1 | C58: Custom | D58: cafe | E58: Wewnętrzne | F58: 1 | G58: MapAnything | H58: =HYPERLINK("mapany/outputs/custom_cafe_scen_1/reconstruction.glb","mapany/outputs/custom_cafe_scen_1/reconstruction.glb") -> mapany/outputs/custom_cafe_scen_1/reconstruction.glb | I58: IMG_8806.jpg | J58: Oceniono | K58: 3 | L58: 3 | M58: 3 | N58: 3 | O58: =IF($J58="Niepowodzenie rekonstrukcji",0,IF(COUNT($K58:$N58)=4,SUM($K58:$N58),"")) -> 12 | Q58: =IF($J58="Niepowodzenie rekonstrukcji",IF(COUNTIF($K58:$N58,0)=4,"OK","Ustaw C, G, A, D = 0"),IF(COUNT($K58:$N58)=0,"Nieoceniony",IF(COUNT($K58:$N58)=4,"OK","Uzupełnij oceny"))) -> OK | R58: /home/kamil/dataset/custom/cafe/images/scen_1
A59: 58 | B59: custom_cafe_scen_2 | C59: Custom | D59: cafe | E59: Wewnętrzne | F59: 2 | G59: VGGT | H59: =HYPERLINK("vggt/outputs/custom_cafe_scen_2/reconstruction.glb","vggt/outputs/custom_cafe_scen_2/reconstruction.glb") -> vggt/outputs/custom_cafe_scen_2/reconstruction.glb | I59: IMG_8806.jpg IMG_8810.jpg | J59: Oceniono | K59: 1 | L59: 2 | M59: 3 | N59: 1 | O59: =IF($J59="Niepowodzenie rekonstrukcji",0,IF(COUNT($K59:$N59)=4,SUM($K59:$N59),"")) -> 7 | Q59: =IF($J59="Niepowodzenie rekonstrukcji",IF(COUNTIF($K59:$N59,0)=4,"OK","Ustaw C, G, A, D = 0"),IF(COUNT($K59:$N59)=0,"Nieoceniony",IF(COUNT($K59:$N59)=4,"OK","Uzupełnij oceny"))) -> OK | R59: /home/kamil/dataset/custom/cafe/images/scen_2
A60: 59 | B60: custom_cafe_scen_2 | C60: Custom | D60: cafe | E60: Wewnętrzne | F60: 2 | G60: MASt3R | H60: =HYPERLINK("mast3r/outputs/custom_cafe_scen_2/reconstruction.glb","mast3r/outputs/custom_cafe_scen_2/reconstruction.glb") -> mast3r/outputs/custom_cafe_scen_2/reconstruction.glb | I60: IMG_8806.jpg IMG_8810.jpg | J60: Oceniono | K60: 2 | L60: 1 | M60: 1 | N60: 1 | O60: =IF($J60="Niepowodzenie rekonstrukcji",0,IF(COUNT($K60:$N60)=4,SUM($K60:$N60),"")) -> 5 | Q60: =IF($J60="Niepowodzenie rekonstrukcji",IF(COUNTIF($K60:$N60,0)=4,"OK","Ustaw C, G, A, D = 0"),IF(COUNT($K60:$N60)=0,"Nieoceniony",IF(COUNT($K60:$N60)=4,"OK","Uzupełnij oceny"))) -> OK | R60: /home/kamil/dataset/custom/cafe/images/scen_2
A61: 60 | B61: custom_cafe_scen_2 | C61: Custom | D61: cafe | E61: Wewnętrzne | F61: 2 | G61: MapAnything | H61: =HYPERLINK("mapany/outputs/custom_cafe_scen_2/reconstruction.glb","mapany/outputs/custom_cafe_scen_2/reconstruction.glb") -> mapany/outputs/custom_cafe_scen_2/reconstruction.glb | I61: IMG_8806.jpg IMG_8810.jpg | J61: Oceniono | K61: 3 | L61: 2 | M61: 2 | N61: 3 | O61: =IF($J61="Niepowodzenie rekonstrukcji",0,IF(COUNT($K61:$N61)=4,SUM($K61:$N61),"")) -> 10 | Q61: =IF($J61="Niepowodzenie rekonstrukcji",IF(COUNTIF($K61:$N61,0)=4,"OK","Ustaw C, G, A, D = 0"),IF(COUNT($K61:$N61)=0,"Nieoceniony",IF(COUNT($K61:$N61)=4,"OK","Uzupełnij oceny"))) -> OK | R61: /home/kamil/dataset/custom/cafe/images/scen_2
A62: 61 | B62: custom_cafe_scen_3 | C62: Custom | D62: cafe | E62: Wewnętrzne | F62: 4 | G62: VGGT | H62: =HYPERLINK("vggt/outputs/custom_cafe_scen_3/reconstruction.glb","vggt/outputs/custom_cafe_scen_3/reconstruction.glb") -> vggt/outputs/custom_cafe_scen_3/reconstruction.glb | I62: IMG_8806.jpg IMG_8808.jpg IMG_8810.jpg IMG_8812.jpg | J62: Oceniono | K62: 1 | L62: 2 | M62: 2 | N62: 2 | O62: =IF($J62="Niepowodzenie rekonstrukcji",0,IF(COUNT($K62:$N62)=4,SUM($K62:$N62),"")) -> 7 | Q62: =IF($J62="Niepowodzenie rekonstrukcji",IF(COUNTIF($K62:$N62,0)=4,"OK","Ustaw C, G, A, D = 0"),IF(COUNT($K62:$N62)=0,"Nieoceniony",IF(COUNT($K62:$N62)=4,"OK","Uzupełnij oceny"))) -> OK | R62: /home/kamil/dataset/custom/cafe/images/scen_3
A63: 62 | B63: custom_cafe_scen_3 | C63: Custom | D63: cafe | E63: Wewnętrzne | F63: 4 | G63: MASt3R | H63: =HYPERLINK("mast3r/outputs/custom_cafe_scen_3/reconstruction.glb","mast3r/outputs/custom_cafe_scen_3/reconstruction.glb") -> mast3r/outputs/custom_cafe_scen_3/reconstruction.glb | I63: IMG_8806.jpg IMG_8808.jpg IMG_8810.jpg IMG_8812.jpg | J63: Oceniono | K63: 2 | L63: 1 | M63: 1 | N63: 2 | O63: =IF($J63="Niepowodzenie rekonstrukcji",0,IF(COUNT($K63:$N63)=4,SUM($K63:$N63),"")) -> 6 | Q63: =IF($J63="Niepowodzenie rekonstrukcji",IF(COUNTIF($K63:$N63,0)=4,"OK","Ustaw C, G, A, D = 0"),IF(COUNT($K63:$N63)=0,"Nieoceniony",IF(COUNT($K63:$N63)=4,"OK","Uzupełnij oceny"))) -> OK | R63: /home/kamil/dataset/custom/cafe/images/scen_3
A64: 63 | B64: custom_cafe_scen_3 | C64: Custom | D64: cafe | E64: Wewnętrzne | F64: 4 | G64: MapAnything | H64: =HYPERLINK("mapany/outputs/custom_cafe_scen_3/reconstruction.glb","mapany/outputs/custom_cafe_scen_3/reconstruction.glb") -> mapany/outputs/custom_cafe_scen_3/reconstruction.glb | I64: IMG_8806.jpg IMG_8808.jpg IMG_8810.jpg IMG_8812.jpg | J64: Oceniono | K64: 3 | L64: 2 | M64: 2 | N64: 3 | O64: =IF($J64="Niepowodzenie rekonstrukcji",0,IF(COUNT($K64:$N64)=4,SUM($K64:$N64),"")) -> 10 | Q64: =IF($J64="Niepowodzenie rekonstrukcji",IF(COUNTIF($K64:$N64,0)=4,"OK","Ustaw C, G, A, D = 0"),IF(COUNT($K64:$N64)=0,"Nieoceniony",IF(COUNT($K64:$N64)=4,"OK","Uzupełnij oceny"))) -> OK | R64: /home/kamil/dataset/custom/cafe/images/scen_3
A65: 64 | B65: custom_cafe_scen_4 | C65: Custom | D65: cafe | E65: Wewnętrzne | F65: 8 | G65: VGGT | H65: =HYPERLINK("vggt/outputs/custom_cafe_scen_4/reconstruction.glb","vggt/outputs/custom_cafe_scen_4/reconstruction.glb") -> vggt/outputs/custom_cafe_scen_4/reconstruction.glb | I65: IMG_8804.jpg IMG_8806.jpg IMG_8808.jpg IMG_8810.jpg IMG_8811.jpg IMG_8812.jpg IMG_8813.jpg IMG_8814.jpg | J65: Oceniono | K65: 2 | L65: 2 | M65: 2 | N65: 2 | O65: =IF($J65="Niepowodzenie rekonstrukcji",0,IF(COUNT($K65:$N65)=4,SUM($K65:$N65),"")) -> 8 | Q65: =IF($J65="Niepowodzenie rekonstrukcji",IF(COUNTIF($K65:$N65,0)=4,"OK","Ustaw C, G, A, D = 0"),IF(COUNT($K65:$N65)=0,"Nieoceniony",IF(COUNT($K65:$N65)=4,"OK","Uzupełnij oceny"))) -> OK | R65: /home/kamil/dataset/custom/cafe/images/scen_4
A66: 65 | B66: custom_cafe_scen_4 | C66: Custom | D66: cafe | E66: Wewnętrzne | F66: 8 | G66: MASt3R | H66: =HYPERLINK("mast3r/outputs/custom_cafe_scen_4/reconstruction.glb","mast3r/outputs/custom_cafe_scen_4/reconstruction.glb") -> mast3r/outputs/custom_cafe_scen_4/reconstruction.glb | I66: IMG_8804.jpg IMG_8806.jpg IMG_8808.jpg IMG_8810.jpg IMG_8811.jpg IMG_8812.jpg IMG_8813.jpg IMG_8814.jpg | J66: Oceniono | K66: 2 | L66: 2 | M66: 1 | N66: 2 | O66: =IF($J66="Niepowodzenie rekonstrukcji",0,IF(COUNT($K66:$N66)=4,SUM($K66:$N66),"")) -> 7 | Q66: =IF($J66="Niepowodzenie rekonstrukcji",IF(COUNTIF($K66:$N66,0)=4,"OK","Ustaw C, G, A, D = 0"),IF(COUNT($K66:$N66)=0,"Nieoceniony",IF(COUNT($K66:$N66)=4,"OK","Uzupełnij oceny"))) -> OK | R66: /home/kamil/dataset/custom/cafe/images/scen_4
A67: 66 | B67: custom_cafe_scen_4 | C67: Custom | D67: cafe | E67: Wewnętrzne | F67: 8 | G67: MapAnything | H67: =HYPERLINK("mapany/outputs/custom_cafe_scen_4/reconstruction.glb","mapany/outputs/custom_cafe_scen_4/reconstruction.glb") -> mapany/outputs/custom_cafe_scen_4/reconstruction.glb | I67: IMG_8804.jpg IMG_8806.jpg IMG_8808.jpg IMG_8810.jpg IMG_8811.jpg IMG_8812.jpg IMG_8813.jpg IMG_8814.jpg | J67: Oceniono | K67: 2 | L67: 2 | M67: 2 | N67: 3 | O67: =IF($J67="Niepowodzenie rekonstrukcji",0,IF(COUNT($K67:$N67)=4,SUM($K67:$N67),"")) -> 9 | Q67: =IF($J67="Niepowodzenie rekonstrukcji",IF(COUNTIF($K67:$N67,0)=4,"OK","Ustaw C, G, A, D = 0"),IF(COUNT($K67:$N67)=0,"Nieoceniony",IF(COUNT($K67:$N67)=4,"OK","Uzupełnij oceny"))) -> OK | R67: /home/kamil/dataset/custom/cafe/images/scen_4
A68: 67 | B68: custom_church_scen_1 | C68: Custom | D68: church | E68: Wewnętrzne | F68: 1 | G68: VGGT | H68: =HYPERLINK("vggt/outputs/custom_church_scen_1/reconstruction.glb","vggt/outputs/custom_church_scen_1/reconstruction.glb") -> vggt/outputs/custom_church_scen_1/reconstruction.glb | I68: IMG_8793.jpg | J68: Oceniono | K68: 2 | L68: 2 | M68: 3 | N68: 3 | O68: =IF($J68="Niepowodzenie rekonstrukcji",0,IF(COUNT($K68:$N68)=4,SUM($K68:$N68),"")) -> 10 | Q68: =IF($J68="Niepowodzenie rekonstrukcji",IF(COUNTIF($K68:$N68,0)=4,"OK","Ustaw C, G, A, D = 0"),IF(COUNT($K68:$N68)=0,"Nieoceniony",IF(COUNT($K68:$N68)=4,"OK","Uzupełnij oceny"))) -> OK | R68: /home/kamil/dataset/custom/church/images/scen_1
A69: 68 | B69: custom_church_scen_1 | C69: Custom | D69: church | E69: Wewnętrzne | F69: 1 | G69: MapAnything | H69: =HYPERLINK("mapany/outputs/custom_church_scen_1/reconstruction.glb","mapany/outputs/custom_church_scen_1/reconstruction.glb") -> mapany/outputs/custom_church_scen_1/reconstruction.glb | I69: IMG_8793.jpg | J69: Oceniono | K69: 3 | L69: 2 | M69: 3 | N69: 3 | O69: =IF($J69="Niepowodzenie rekonstrukcji",0,IF(COUNT($K69:$N69)=4,SUM($K69:$N69),"")) -> 11 | Q69: =IF($J69="Niepowodzenie rekonstrukcji",IF(COUNTIF($K69:$N69,0)=4,"OK","Ustaw C, G, A, D = 0"),IF(COUNT($K69:$N69)=0,"Nieoceniony",IF(COUNT($K69:$N69)=4,"OK","Uzupełnij oceny"))) -> OK | R69: /home/kamil/dataset/custom/church/images/scen_1
A70: 69 | B70: custom_church_scen_2 | C70: Custom | D70: church | E70: Wewnętrzne | F70: 2 | G70: VGGT | H70: =HYPERLINK("vggt/outputs/custom_church_scen_2/reconstruction.glb","vggt/outputs/custom_church_scen_2/reconstruction.glb") -> vggt/outputs/custom_church_scen_2/reconstruction.glb | I70: IMG_8793.jpg IMG_8797.jpg | J70: Oceniono | K70: 2 | L70: 2 | M70: 3 | N70: 3 | O70: =IF($J70="Niepowodzenie rekonstrukcji",0,IF(COUNT($K70:$N70)=4,SUM($K70:$N70),"")) -> 10 | Q70: =IF($J70="Niepowodzenie rekonstrukcji",IF(COUNTIF($K70:$N70,0)=4,"OK","Ustaw C, G, A, D = 0"),IF(COUNT($K70:$N70)=0,"Nieoceniony",IF(COUNT($K70:$N70)=4,"OK","Uzupełnij oceny"))) -> OK | R70: /home/kamil/dataset/custom/church/images/scen_2
A71: 70 | B71: custom_church_scen_2 | C71: Custom | D71: church | E71: Wewnętrzne | F71: 2 | G71: MASt3R | H71: =HYPERLINK("mast3r/outputs/custom_church_scen_2/reconstruction.glb","mast3r/outputs/custom_church_scen_2/reconstruction.glb") -> mast3r/outputs/custom_church_scen_2/reconstruction.glb | I71: IMG_8793.jpg IMG_8797.jpg | J71: Oceniono | K71: 2 | L71: 1 | M71: 2 | N71: 2 | O71: =IF($J71="Niepowodzenie rekonstrukcji",0,IF(COUNT($K71:$N71)=4,SUM($K71:$N71),"")) -> 7 | Q71: =IF($J71="Niepowodzenie rekonstrukcji",IF(COUNTIF($K71:$N71,0)=4,"OK","Ustaw C, G, A, D = 0"),IF(COUNT($K71:$N71)=0,"Nieoceniony",IF(COUNT($K71:$N71)=4,"OK","Uzupełnij oceny"))) -> OK | R71: /home/kamil/dataset/custom/church/images/scen_2
A72: 71 | B72: custom_church_scen_2 | C72: Custom | D72: church | E72: Wewnętrzne | F72: 2 | G72: MapAnything | H72: =HYPERLINK("mapany/outputs/custom_church_scen_2/reconstruction.glb","mapany/outputs/custom_church_scen_2/reconstruction.glb") -> mapany/outputs/custom_church_scen_2/reconstruction.glb | I72: IMG_8793.jpg IMG_8797.jpg | J72: Oceniono | K72: 3 | L72: 2 | M72: 3 | N72: 3 | O72: =IF($J72="Niepowodzenie rekonstrukcji",0,IF(COUNT($K72:$N72)=4,SUM($K72:$N72),"")) -> 11 | Q72: =IF($J72="Niepowodzenie rekonstrukcji",IF(COUNTIF($K72:$N72,0)=4,"OK","Ustaw C, G, A, D = 0"),IF(COUNT($K72:$N72)=0,"Nieoceniony",IF(COUNT($K72:$N72)=4,"OK","Uzupełnij oceny"))) -> OK | R72: /home/kamil/dataset/custom/church/images/scen_2
A73: 72 | B73: custom_church_scen_3 | C73: Custom | D73: church | E73: Wewnętrzne | F73: 4 | G73: VGGT | H73: =HYPERLINK("vggt/outputs/custom_church_scen_3/reconstruction.glb","vggt/outputs/custom_church_scen_3/reconstruction.glb") -> vggt/outputs/custom_church_scen_3/reconstruction.glb | I73: IMG_8789.jpg IMG_8793.jpg IMG_8797.jpg IMG_8801.jpg | J73: Oceniono | K73: 1 | L73: 2 | M73: 2 | N73: 2 | O73: =IF($J73="Niepowodzenie rekonstrukcji",0,IF(COUNT($K73:$N73)=4,SUM($K73:$N73),"")) -> 7 | Q73: =IF($J73="Niepowodzenie rekonstrukcji",IF(COUNTIF($K73:$N73,0)=4,"OK","Ustaw C, G, A, D = 0"),IF(COUNT($K73:$N73)=0,"Nieoceniony",IF(COUNT($K73:$N73)=4,"OK","Uzupełnij oceny"))) -> OK | R73: /home/kamil/dataset/custom/church/images/scen_3
A74: 73 | B74: custom_church_scen_3 | C74: Custom | D74: church | E74: Wewnętrzne | F74: 4 | G74: MASt3R | H74: =HYPERLINK("mast3r/outputs/custom_church_scen_3/reconstruction.glb","mast3r/outputs/custom_church_scen_3/reconstruction.glb") -> mast3r/outputs/custom_church_scen_3/reconstruction.glb | I74: IMG_8789.jpg IMG_8793.jpg IMG_8797.jpg IMG_8801.jpg | J74: Oceniono | K74: 1 | L74: 1 | M74: 2 | N74: 1 | O74: =IF($J74="Niepowodzenie rekonstrukcji",0,IF(COUNT($K74:$N74)=4,SUM($K74:$N74),"")) -> 5 | Q74: =IF($J74="Niepowodzenie rekonstrukcji",IF(COUNTIF($K74:$N74,0)=4,"OK","Ustaw C, G, A, D = 0"),IF(COUNT($K74:$N74)=0,"Nieoceniony",IF(COUNT($K74:$N74)=4,"OK","Uzupełnij oceny"))) -> OK | R74: /home/kamil/dataset/custom/church/images/scen_3
A75: 74 | B75: custom_church_scen_3 | C75: Custom | D75: church | E75: Wewnętrzne | F75: 4 | G75: MapAnything | H75: =HYPERLINK("mapany/outputs/custom_church_scen_3/reconstruction.glb","mapany/outputs/custom_church_scen_3/reconstruction.glb") -> mapany/outputs/custom_church_scen_3/reconstruction.glb | I75: IMG_8789.jpg IMG_8793.jpg IMG_8797.jpg IMG_8801.jpg | J75: Oceniono | K75: 3 | L75: 2 | M75: 2 | N75: 3 | O75: =IF($J75="Niepowodzenie rekonstrukcji",0,IF(COUNT($K75:$N75)=4,SUM($K75:$N75),"")) -> 10 | Q75: =IF($J75="Niepowodzenie rekonstrukcji",IF(COUNTIF($K75:$N75,0)=4,"OK","Ustaw C, G, A, D = 0"),IF(COUNT($K75:$N75)=0,"Nieoceniony",IF(COUNT($K75:$N75)=4,"OK","Uzupełnij oceny"))) -> OK | R75: /home/kamil/dataset/custom/church/images/scen_3
A76: 75 | B76: custom_church_scen_4 | C76: Custom | D76: church | E76: Wewnętrzne | F76: 8 | G76: VGGT | H76: =HYPERLINK("vggt/outputs/custom_church_scen_4/reconstruction.glb","vggt/outputs/custom_church_scen_4/reconstruction.glb") -> vggt/outputs/custom_church_scen_4/reconstruction.glb | I76: IMG_8789.jpg IMG_8790.jpg IMG_8791.jpg IMG_8793.jpg IMG_8795.jpg IMG_8797.jpg IMG_8799.jpg IMG_8801.jpg | J76: Oceniono | K76: 1 | L76: 2 | M76: 2 | N76: 2 | O76: =IF($J76="Niepowodzenie rekonstrukcji",0,IF(COUNT($K76:$N76)=4,SUM($K76:$N76),"")) -> 7 | Q76: =IF($J76="Niepowodzenie rekonstrukcji",IF(COUNTIF($K76:$N76,0)=4,"OK","Ustaw C, G, A, D = 0"),IF(COUNT($K76:$N76)=0,"Nieoceniony",IF(COUNT($K76:$N76)=4,"OK","Uzupełnij oceny"))) -> OK | R76: /home/kamil/dataset/custom/church/images/scen_4
A77: 76 | B77: custom_church_scen_4 | C77: Custom | D77: church | E77: Wewnętrzne | F77: 8 | G77: MASt3R | H77: =HYPERLINK("mast3r/outputs/custom_church_scen_4/reconstruction.glb","mast3r/outputs/custom_church_scen_4/reconstruction.glb") -> mast3r/outputs/custom_church_scen_4/reconstruction.glb | I77: IMG_8789.jpg IMG_8790.jpg IMG_8791.jpg IMG_8793.jpg IMG_8795.jpg IMG_8797.jpg IMG_8799.jpg IMG_8801.jpg | J77: Oceniono | K77: 2 | L77: 2 | M77: 2 | N77: 2 | O77: =IF($J77="Niepowodzenie rekonstrukcji",0,IF(COUNT($K77:$N77)=4,SUM($K77:$N77),"")) -> 8 | Q77: =IF($J77="Niepowodzenie rekonstrukcji",IF(COUNTIF($K77:$N77,0)=4,"OK","Ustaw C, G, A, D = 0"),IF(COUNT($K77:$N77)=0,"Nieoceniony",IF(COUNT($K77:$N77)=4,"OK","Uzupełnij oceny"))) -> OK | R77: /home/kamil/dataset/custom/church/images/scen_4
A78: 77 | B78: custom_church_scen_4 | C78: Custom | D78: church | E78: Wewnętrzne | F78: 8 | G78: MapAnything | H78: =HYPERLINK("mapany/outputs/custom_church_scen_4/reconstruction.glb","mapany/outputs/custom_church_scen_4/reconstruction.glb") -> mapany/outputs/custom_church_scen_4/reconstruction.glb | I78: IMG_8789.jpg IMG_8790.jpg IMG_8791.jpg IMG_8793.jpg IMG_8795.jpg IMG_8797.jpg IMG_8799.jpg IMG_8801.jpg | J78: Oceniono | K78: 3 | L78: 2 | M78: 2 | N78: 3 | O78: =IF($J78="Niepowodzenie rekonstrukcji",0,IF(COUNT($K78:$N78)=4,SUM($K78:$N78),"")) -> 10 | Q78: =IF($J78="Niepowodzenie rekonstrukcji",IF(COUNTIF($K78:$N78,0)=4,"OK","Ustaw C, G, A, D = 0"),IF(COUNT($K78:$N78)=0,"Nieoceniony",IF(COUNT($K78:$N78)=4,"OK","Uzupełnij oceny"))) -> OK | R78: /home/kamil/dataset/custom/church/images/scen_4
A79: 78 | B79: eth3d_exhibition_hall_scen_1 | C79: ETH3D | D79: exhibition_hall | E79: Wewnętrzne | F79: 1 | G79: VGGT | H79: =HYPERLINK("vggt/outputs/eth3d_exhibition_hall_scen_1/reconstruction.glb","vggt/outputs/eth3d_exhibition_hall_scen_1/reconstruction.glb") -> vggt/outputs/eth3d_exhibition_hall_scen_1/reconstruction.glb | I79: DSC_1766.JPG | J79: Oceniono | K79: 2 | L79: 3 | M79: 2 | N79: 2 | O79: =IF($J79="Niepowodzenie rekonstrukcji",0,IF(COUNT($K79:$N79)=4,SUM($K79:$N79),"")) -> 9 | Q79: =IF($J79="Niepowodzenie rekonstrukcji",IF(COUNTIF($K79:$N79,0)=4,"OK","Ustaw C, G, A, D = 0"),IF(COUNT($K79:$N79)=0,"Nieoceniony",IF(COUNT($K79:$N79)=4,"OK","Uzupełnij oceny"))) -> OK | R79: /home/kamil/dataset/eth3d/exhibition_hall/images/scen_1
A80: 79 | B80: eth3d_exhibition_hall_scen_1 | C80: ETH3D | D80: exhibition_hall | E80: Wewnętrzne | F80: 1 | G80: MapAnything | H80: =HYPERLINK("mapany/outputs/eth3d_exhibition_hall_scen_1/reconstruction.glb","mapany/outputs/eth3d_exhibition_hall_scen_1/reconstruction.glb") -> mapany/outputs/eth3d_exhibition_hall_scen_1/reconstruction.glb | I80: DSC_1766.JPG | J80: Oceniono | K80: 3 | L80: 3 | M80: 3 | N80: 3 | O80: =IF($J80="Niepowodzenie rekonstrukcji",0,IF(COUNT($K80:$N80)=4,SUM($K80:$N80),"")) -> 12 | Q80: =IF($J80="Niepowodzenie rekonstrukcji",IF(COUNTIF($K80:$N80,0)=4,"OK","Ustaw C, G, A, D = 0"),IF(COUNT($K80:$N80)=0,"Nieoceniony",IF(COUNT($K80:$N80)=4,"OK","Uzupełnij oceny"))) -> OK | R80: /home/kamil/dataset/eth3d/exhibition_hall/images/scen_1
A81: 80 | B81: eth3d_exhibition_hall_scen_2 | C81: ETH3D | D81: exhibition_hall | E81: Wewnętrzne | F81: 2 | G81: VGGT | H81: =HYPERLINK("vggt/outputs/eth3d_exhibition_hall_scen_2/reconstruction.glb","vggt/outputs/eth3d_exhibition_hall_scen_2/reconstruction.glb") -> vggt/outputs/eth3d_exhibition_hall_scen_2/reconstruction.glb | I81: DSC_1766.JPG DSC_1782.JPG | J81: Oceniono | K81: 1 | L81: 1 | M81: 3 | N81: 2 | O81: =IF($J81="Niepowodzenie rekonstrukcji",0,IF(COUNT($K81:$N81)=4,SUM($K81:$N81),"")) -> 7 | Q81: =IF($J81="Niepowodzenie rekonstrukcji",IF(COUNTIF($K81:$N81,0)=4,"OK","Ustaw C, G, A, D = 0"),IF(COUNT($K81:$N81)=0,"Nieoceniony",IF(COUNT($K81:$N81)=4,"OK","Uzupełnij oceny"))) -> OK | R81: /home/kamil/dataset/eth3d/exhibition_hall/images/scen_2
A82: 81 | B82: eth3d_exhibition_hall_scen_2 | C82: ETH3D | D82: exhibition_hall | E82: Wewnętrzne | F82: 2 | G82: MASt3R | H82: =HYPERLINK("mast3r/outputs/eth3d_exhibition_hall_scen_2/reconstruction.glb","mast3r/outputs/eth3d_exhibition_hall_scen_2/reconstruction.glb") -> mast3r/outputs/eth3d_exhibition_hall_scen_2/reconstruction.glb | I82: DSC_1766.JPG DSC_1782.JPG | J82: Niepowodzenie rekonstrukcji | K82: 0 | L82: 0 | M82: 0 | N82: 0 | O82: =IF($J82="Niepowodzenie rekonstrukcji",0,IF(COUNT($K82:$N82)=4,SUM($K82:$N82),"")) -> 0 | Q82: =IF($J82="Niepowodzenie rekonstrukcji",IF(COUNTIF($K82:$N82,0)=4,"OK","Ustaw C, G, A, D = 0"),IF(COUNT($K82:$N82)=0,"Nieoceniony",IF(COUNT($K82:$N82)=4,"OK","Uzupełnij oceny"))) -> OK | R82: /home/kamil/dataset/eth3d/exhibition_hall/images/scen_2
A83: 82 | B83: eth3d_exhibition_hall_scen_2 | C83: ETH3D | D83: exhibition_hall | E83: Wewnętrzne | F83: 2 | G83: MapAnything | H83: =HYPERLINK("mapany/outputs/eth3d_exhibition_hall_scen_2/reconstruction.glb","mapany/outputs/eth3d_exhibition_hall_scen_2/reconstruction.glb") -> mapany/outputs/eth3d_exhibition_hall_scen_2/reconstruction.glb | I83: DSC_1766.JPG DSC_1782.JPG | J83: Oceniono | K83: 2 | L83: 1 | M83: 3 | N83: 2 | O83: =IF($J83="Niepowodzenie rekonstrukcji",0,IF(COUNT($K83:$N83)=4,SUM($K83:$N83),"")) -> 8 | Q83: =IF($J83="Niepowodzenie rekonstrukcji",IF(COUNTIF($K83:$N83,0)=4,"OK","Ustaw C, G, A, D = 0"),IF(COUNT($K83:$N83)=0,"Nieoceniony",IF(COUNT($K83:$N83)=4,"OK","Uzupełnij oceny"))) -> OK | R83: /home/kamil/dataset/eth3d/exhibition_hall/images/scen_2
A84: 83 | B84: eth3d_exhibition_hall_scen_3 | C84: ETH3D | D84: exhibition_hall | E84: Wewnętrzne | F84: 4 | G84: VGGT | H84: =HYPERLINK("vggt/outputs/eth3d_exhibition_hall_scen_3/reconstruction.glb","vggt/outputs/eth3d_exhibition_hall_scen_3/reconstruction.glb") -> vggt/outputs/eth3d_exhibition_hall_scen_3/reconstruction.glb | I84: DSC_1766.JPG DSC_1768.JPG DSC_1771.JPG DSC_1773.JPG | J84: Oceniono | K84: 1 | L84: 1 | M84: 2 | N84: 1 | O84: =IF($J84="Niepowodzenie rekonstrukcji",0,IF(COUNT($K84:$N84)=4,SUM($K84:$N84),"")) -> 5 | Q84: =IF($J84="Niepowodzenie rekonstrukcji",IF(COUNTIF($K84:$N84,0)=4,"OK","Ustaw C, G, A, D = 0"),IF(COUNT($K84:$N84)=0,"Nieoceniony",IF(COUNT($K84:$N84)=4,"OK","Uzupełnij oceny"))) -> OK | R84: /home/kamil/dataset/eth3d/exhibition_hall/images/scen_3
A85: 84 | B85: eth3d_exhibition_hall_scen_3 | C85: ETH3D | D85: exhibition_hall | E85: Wewnętrzne | F85: 4 | G85: MASt3R | H85: =HYPERLINK("mast3r/outputs/eth3d_exhibition_hall_scen_3/reconstruction.glb","mast3r/outputs/eth3d_exhibition_hall_scen_3/reconstruction.glb") -> mast3r/outputs/eth3d_exhibition_hall_scen_3/reconstruction.glb | I85: DSC_1766.JPG DSC_1768.JPG DSC_1771.JPG DSC_1773.JPG | J85: Niepowodzenie rekonstrukcji | K85: 0 | L85: 0 | M85: 0 | N85: 0 | O85: =IF($J85="Niepowodzenie rekonstrukcji",0,IF(COUNT($K85:$N85)=4,SUM($K85:$N85),"")) -> 0 | Q85: =IF($J85="Niepowodzenie rekonstrukcji",IF(COUNTIF($K85:$N85,0)=4,"OK","Ustaw C, G, A, D = 0"),IF(COUNT($K85:$N85)=0,"Nieoceniony",IF(COUNT($K85:$N85)=4,"OK","Uzupełnij oceny"))) -> OK | R85: /home/kamil/dataset/eth3d/exhibition_hall/images/scen_3
A86: 85 | B86: eth3d_exhibition_hall_scen_3 | C86: ETH3D | D86: exhibition_hall | E86: Wewnętrzne | F86: 4 | G86: MapAnything | H86: =HYPERLINK("mapany/outputs/eth3d_exhibition_hall_scen_3/reconstruction.glb","mapany/outputs/eth3d_exhibition_hall_scen_3/reconstruction.glb") -> mapany/outputs/eth3d_exhibition_hall_scen_3/reconstruction.glb | I86: DSC_1766.JPG DSC_1768.JPG DSC_1771.JPG DSC_1773.JPG | J86: Oceniono | K86: 2 | L86: 1 | M86: 2 | N86: 2 | O86: =IF($J86="Niepowodzenie rekonstrukcji",0,IF(COUNT($K86:$N86)=4,SUM($K86:$N86),"")) -> 7 | Q86: =IF($J86="Niepowodzenie rekonstrukcji",IF(COUNTIF($K86:$N86,0)=4,"OK","Ustaw C, G, A, D = 0"),IF(COUNT($K86:$N86)=0,"Nieoceniony",IF(COUNT($K86:$N86)=4,"OK","Uzupełnij oceny"))) -> OK | R86: /home/kamil/dataset/eth3d/exhibition_hall/images/scen_3
A87: 86 | B87: eth3d_exhibition_hall_scen_4 | C87: ETH3D | D87: exhibition_hall | E87: Wewnętrzne | F87: 8 | G87: VGGT | H87: =HYPERLINK("vggt/outputs/eth3d_exhibition_hall_scen_4/reconstruction.glb","vggt/outputs/eth3d_exhibition_hall_scen_4/reconstruction.glb") -> vggt/outputs/eth3d_exhibition_hall_scen_4/reconstruction.glb | I87: DSC_1766.JPG DSC_1768.JPG DSC_1771.JPG DSC_1773.JPG DSC_1775.JPG DSC_1777.JPG DSC_1779.JPG DSC_1782.JPG | J87: Oceniono | K87: 1 | L87: 2 | M87: 2 | N87: 1 | O87: =IF($J87="Niepowodzenie rekonstrukcji",0,IF(COUNT($K87:$N87)=4,SUM($K87:$N87),"")) -> 6 | Q87: =IF($J87="Niepowodzenie rekonstrukcji",IF(COUNTIF($K87:$N87,0)=4,"OK","Ustaw C, G, A, D = 0"),IF(COUNT($K87:$N87)=0,"Nieoceniony",IF(COUNT($K87:$N87)=4,"OK","Uzupełnij oceny"))) -> OK | R87: /home/kamil/dataset/eth3d/exhibition_hall/images/scen_4
A88: 87 | B88: eth3d_exhibition_hall_scen_4 | C88: ETH3D | D88: exhibition_hall | E88: Wewnętrzne | F88: 8 | G88: MASt3R | H88: =HYPERLINK("mast3r/outputs/eth3d_exhibition_hall_scen_4/reconstruction.glb","mast3r/outputs/eth3d_exhibition_hall_scen_4/reconstruction.glb") -> mast3r/outputs/eth3d_exhibition_hall_scen_4/reconstruction.glb | I88: DSC_1766.JPG DSC_1768.JPG DSC_1771.JPG DSC_1773.JPG DSC_1775.JPG DSC_1777.JPG DSC_1779.JPG DSC_1782.JPG | J88: Niepowodzenie rekonstrukcji | K88: 0 | L88: 0 | M88: 0 | N88: 0 | O88: =IF($J88="Niepowodzenie rekonstrukcji",0,IF(COUNT($K88:$N88)=4,SUM($K88:$N88),"")) -> 0 | Q88: =IF($J88="Niepowodzenie rekonstrukcji",IF(COUNTIF($K88:$N88,0)=4,"OK","Ustaw C, G, A, D = 0"),IF(COUNT($K88:$N88)=0,"Nieoceniony",IF(COUNT($K88:$N88)=4,"OK","Uzupełnij oceny"))) -> OK | R88: /home/kamil/dataset/eth3d/exhibition_hall/images/scen_4
A89: 88 | B89: eth3d_exhibition_hall_scen_4 | C89: ETH3D | D89: exhibition_hall | E89: Wewnętrzne | F89: 8 | G89: MapAnything | H89: =HYPERLINK("mapany/outputs/eth3d_exhibition_hall_scen_4/reconstruction.glb","mapany/outputs/eth3d_exhibition_hall_scen_4/reconstruction.glb") -> mapany/outputs/eth3d_exhibition_hall_scen_4/reconstruction.glb | I89: DSC_1766.JPG DSC_1768.JPG DSC_1771.JPG DSC_1773.JPG DSC_1775.JPG DSC_1777.JPG DSC_1779.JPG DSC_1782.JPG | J89: Oceniono | K89: 1 | L89: 1 | M89: 1 | N89: 1 | O89: =IF($J89="Niepowodzenie rekonstrukcji",0,IF(COUNT($K89:$N89)=4,SUM($K89:$N89),"")) -> 4 | Q89: =IF($J89="Niepowodzenie rekonstrukcji",IF(COUNTIF($K89:$N89,0)=4,"OK","Ustaw C, G, A, D = 0"),IF(COUNT($K89:$N89)=0,"Nieoceniony",IF(COUNT($K89:$N89)=4,"OK","Uzupełnij oceny"))) -> OK | R89: /home/kamil/dataset/eth3d/exhibition_hall/images/scen_4
A90: 89 | B90: llff_fern_scen_1 | C90: LLFF | D90: fern | E90: Naturalne | F90: 1 | G90: VGGT | H90: =HYPERLINK("vggt/outputs/llff_fern_scen_1/reconstruction.glb","vggt/outputs/llff_fern_scen_1/reconstruction.glb") -> vggt/outputs/llff_fern_scen_1/reconstruction.glb | I90: IMG_4026.JPG | J90: Oceniono | K90: 1 | L90: 2 | M90: 2 | N90: 1 | O90: =IF($J90="Niepowodzenie rekonstrukcji",0,IF(COUNT($K90:$N90)=4,SUM($K90:$N90),"")) -> 6 | Q90: =IF($J90="Niepowodzenie rekonstrukcji",IF(COUNTIF($K90:$N90,0)=4,"OK","Ustaw C, G, A, D = 0"),IF(COUNT($K90:$N90)=0,"Nieoceniony",IF(COUNT($K90:$N90)=4,"OK","Uzupełnij oceny"))) -> OK | R90: /home/kamil/dataset/nerf_llff_data/fern/images/scen_1
A91: 90 | B91: llff_fern_scen_1 | C91: LLFF | D91: fern | E91: Naturalne | F91: 1 | G91: MapAnything | H91: =HYPERLINK("mapany/outputs/llff_fern_scen_1/reconstruction.glb","mapany/outputs/llff_fern_scen_1/reconstruction.glb") -> mapany/outputs/llff_fern_scen_1/reconstruction.glb | I91: IMG_4026.JPG | J91: Oceniono | K91: 2 | L91: 2 | M91: 2 | N91: 2 | O91: =IF($J91="Niepowodzenie rekonstrukcji",0,IF(COUNT($K91:$N91)=4,SUM($K91:$N91),"")) -> 8 | Q91: =IF($J91="Niepowodzenie rekonstrukcji",IF(COUNTIF($K91:$N91,0)=4,"OK","Ustaw C, G, A, D = 0"),IF(COUNT($K91:$N91)=0,"Nieoceniony",IF(COUNT($K91:$N91)=4,"OK","Uzupełnij oceny"))) -> OK | R91: /home/kamil/dataset/nerf_llff_data/fern/images/scen_1
A92: 91 | B92: llff_fern_scen_2 | C92: LLFF | D92: fern | E92: Naturalne | F92: 2 | G92: VGGT | H92: =HYPERLINK("vggt/outputs/llff_fern_scen_2/reconstruction.glb","vggt/outputs/llff_fern_scen_2/reconstruction.glb") -> vggt/outputs/llff_fern_scen_2/reconstruction.glb | I92: IMG_4029.JPG IMG_4039.JPG | J92: Oceniono | K92: 1 | L92: 2 | M92: 2 | N92: 2 | O92: =IF($J92="Niepowodzenie rekonstrukcji",0,IF(COUNT($K92:$N92)=4,SUM($K92:$N92),"")) -> 7 | Q92: =IF($J92="Niepowodzenie rekonstrukcji",IF(COUNTIF($K92:$N92,0)=4,"OK","Ustaw C, G, A, D = 0"),IF(COUNT($K92:$N92)=0,"Nieoceniony",IF(COUNT($K92:$N92)=4,"OK","Uzupełnij oceny"))) -> OK | R92: /home/kamil/dataset/nerf_llff_data/fern/images/scen_2
A93: 92 | B93: llff_fern_scen_2 | C93: LLFF | D93: fern | E93: Naturalne | F93: 2 | G93: MASt3R | H93: =HYPERLINK("mast3r/outputs/llff_fern_scen_2/reconstruction.glb","mast3r/outputs/llff_fern_scen_2/reconstruction.glb") -> mast3r/outputs/llff_fern_scen_2/reconstruction.glb | I93: IMG_4029.JPG IMG_4039.JPG | J93: Oceniono | K93: 1 | L93: 2 | M93: 1 | N93: 1 | O93: =IF($J93="Niepowodzenie rekonstrukcji",0,IF(COUNT($K93:$N93)=4,SUM($K93:$N93),"")) -> 5 | Q93: =IF($J93="Niepowodzenie rekonstrukcji",IF(COUNTIF($K93:$N93,0)=4,"OK","Ustaw C, G, A, D = 0"),IF(COUNT($K93:$N93)=0,"Nieoceniony",IF(COUNT($K93:$N93)=4,"OK","Uzupełnij oceny"))) -> OK | R93: /home/kamil/dataset/nerf_llff_data/fern/images/scen_2
A94: 93 | B94: llff_fern_scen_2 | C94: LLFF | D94: fern | E94: Naturalne | F94: 2 | G94: MapAnything | H94: =HYPERLINK("mapany/outputs/llff_fern_scen_2/reconstruction.glb","mapany/outputs/llff_fern_scen_2/reconstruction.glb") -> mapany/outputs/llff_fern_scen_2/reconstruction.glb | I94: IMG_4029.JPG IMG_4039.JPG | J94: Oceniono | K94: 2 | L94: 2 | M94: 2 | N94: 2 | O94: =IF($J94="Niepowodzenie rekonstrukcji",0,IF(COUNT($K94:$N94)=4,SUM($K94:$N94),"")) -> 8 | Q94: =IF($J94="Niepowodzenie rekonstrukcji",IF(COUNTIF($K94:$N94,0)=4,"OK","Ustaw C, G, A, D = 0"),IF(COUNT($K94:$N94)=0,"Nieoceniony",IF(COUNT($K94:$N94)=4,"OK","Uzupełnij oceny"))) -> OK | R94: /home/kamil/dataset/nerf_llff_data/fern/images/scen_2
A95: 94 | B95: llff_fern_scen_3 | C95: LLFF | D95: fern | E95: Naturalne | F95: 4 | G95: VGGT | H95: =HYPERLINK("vggt/outputs/llff_fern_scen_3/reconstruction.glb","vggt/outputs/llff_fern_scen_3/reconstruction.glb") -> vggt/outputs/llff_fern_scen_3/reconstruction.glb | I95: IMG_4029.JPG IMG_4033.JPG IMG_4039.JPG IMG_4043.JPG | J95: Oceniono | K95: 1 | L95: 2 | M95: 2 | N95: 1 | O95: =IF($J95="Niepowodzenie rekonstrukcji",0,IF(COUNT($K95:$N95)=4,SUM($K95:$N95),"")) -> 6 | Q95: =IF($J95="Niepowodzenie rekonstrukcji",IF(COUNTIF($K95:$N95,0)=4,"OK","Ustaw C, G, A, D = 0"),IF(COUNT($K95:$N95)=0,"Nieoceniony",IF(COUNT($K95:$N95)=4,"OK","Uzupełnij oceny"))) -> OK | R95: /home/kamil/dataset/nerf_llff_data/fern/images/scen_3
A96: 95 | B96: llff_fern_scen_3 | C96: LLFF | D96: fern | E96: Naturalne | F96: 4 | G96: MASt3R | H96: =HYPERLINK("mast3r/outputs/llff_fern_scen_3/reconstruction.glb","mast3r/outputs/llff_fern_scen_3/reconstruction.glb") -> mast3r/outputs/llff_fern_scen_3/reconstruction.glb | I96: IMG_4029.JPG IMG_4033.JPG IMG_4039.JPG IMG_4043.JPG | J96: Oceniono | K96: 1 | L96: 2 | M96: 1 | N96: 1 | O96: =IF($J96="Niepowodzenie rekonstrukcji",0,IF(COUNT($K96:$N96)=4,SUM($K96:$N96),"")) -> 5 | Q96: =IF($J96="Niepowodzenie rekonstrukcji",IF(COUNTIF($K96:$N96,0)=4,"OK","Ustaw C, G, A, D = 0"),IF(COUNT($K96:$N96)=0,"Nieoceniony",IF(COUNT($K96:$N96)=4,"OK","Uzupełnij oceny"))) -> OK | R96: /home/kamil/dataset/nerf_llff_data/fern/images/scen_3
A97: 96 | B97: llff_fern_scen_3 | C97: LLFF | D97: fern | E97: Naturalne | F97: 4 | G97: MapAnything | H97: =HYPERLINK("mapany/outputs/llff_fern_scen_3/reconstruction.glb","mapany/outputs/llff_fern_scen_3/reconstruction.glb") -> mapany/outputs/llff_fern_scen_3/reconstruction.glb | I97: IMG_4029.JPG IMG_4033.JPG IMG_4039.JPG IMG_4043.JPG | J97: Oceniono | K97: 2 | L97: 2 | M97: 2 | N97: 2 | O97: =IF($J97="Niepowodzenie rekonstrukcji",0,IF(COUNT($K97:$N97)=4,SUM($K97:$N97),"")) -> 8 | Q97: =IF($J97="Niepowodzenie rekonstrukcji",IF(COUNTIF($K97:$N97,0)=4,"OK","Ustaw C, G, A, D = 0"),IF(COUNT($K97:$N97)=0,"Nieoceniony",IF(COUNT($K97:$N97)=4,"OK","Uzupełnij oceny"))) -> OK | R97: /home/kamil/dataset/nerf_llff_data/fern/images/scen_3
A98: 97 | B98: llff_fern_scen_4 | C98: LLFF | D98: fern | E98: Naturalne | F98: 8 | G98: VGGT | H98: =HYPERLINK("vggt/outputs/llff_fern_scen_4/reconstruction.glb","vggt/outputs/llff_fern_scen_4/reconstruction.glb") -> vggt/outputs/llff_fern_scen_4/reconstruction.glb | I98: IMG_4026.JPG IMG_4029.JPG IMG_4032.JPG IMG_4033.JPG IMG_4036.JPG IMG_4039.JPG IMG_4040.JPG IMG_4043.JPG | J98: Oceniono | K98: 1 | L98: 2 | M98: 2 | N98: 1 | O98: =IF($J98="Niepowodzenie rekonstrukcji",0,IF(COUNT($K98:$N98)=4,SUM($K98:$N98),"")) -> 6 | Q98: =IF($J98="Niepowodzenie rekonstrukcji",IF(COUNTIF($K98:$N98,0)=4,"OK","Ustaw C, G, A, D = 0"),IF(COUNT($K98:$N98)=0,"Nieoceniony",IF(COUNT($K98:$N98)=4,"OK","Uzupełnij oceny"))) -> OK | R98: /home/kamil/dataset/nerf_llff_data/fern/images/scen_4
A99: 98 | B99: llff_fern_scen_4 | C99: LLFF | D99: fern | E99: Naturalne | F99: 8 | G99: MASt3R | H99: =HYPERLINK("mast3r/outputs/llff_fern_scen_4/reconstruction.glb","mast3r/outputs/llff_fern_scen_4/reconstruction.glb") -> mast3r/outputs/llff_fern_scen_4/reconstruction.glb | I99: IMG_4026.JPG IMG_4029.JPG IMG_4032.JPG IMG_4033.JPG IMG_4036.JPG IMG_4039.JPG IMG_4040.JPG IMG_4043.JPG | J99: Oceniono | K99: 1 | L99: 2 | M99: 1 | N99: 2 | O99: =IF($J99="Niepowodzenie rekonstrukcji",0,IF(COUNT($K99:$N99)=4,SUM($K99:$N99),"")) -> 6 | Q99: =IF($J99="Niepowodzenie rekonstrukcji",IF(COUNTIF($K99:$N99,0)=4,"OK","Ustaw C, G, A, D = 0"),IF(COUNT($K99:$N99)=0,"Nieoceniony",IF(COUNT($K99:$N99)=4,"OK","Uzupełnij oceny"))) -> OK | R99: /home/kamil/dataset/nerf_llff_data/fern/images/scen_4
A100: 99 | B100: llff_fern_scen_4 | C100: LLFF | D100: fern | E100: Naturalne | F100: 8 | G100: MapAnything | H100: =HYPERLINK("mapany/outputs/llff_fern_scen_4/reconstruction.glb","mapany/outputs/llff_fern_scen_4/reconstruction.glb") -> mapany/outputs/llff_fern_scen_4/reconstruction.glb | I100: IMG_4026.JPG IMG_4029.JPG IMG_4032.JPG IMG_4033.JPG IMG_4036.JPG IMG_4039.JPG IMG_4040.JPG IMG_4043.JPG | J100: Oceniono | K100: 3 | L100: 2 | M100: 2 | N100: 2 | O100: =IF($J100="Niepowodzenie rekonstrukcji",0,IF(COUNT($K100:$N100)=4,SUM($K100:$N100),"")) -> 9 | Q100: =IF($J100="Niepowodzenie rekonstrukcji",IF(COUNTIF($K100:$N100,0)=4,"OK","Ustaw C, G, A, D = 0"),IF(COUNT($K100:$N100)=0,"Nieoceniony",IF(COUNT($K100:$N100)=4,"OK","Uzupełnij oceny"))) -> OK | R100: /home/kamil/dataset/nerf_llff_data/fern/images/scen_4
...

Sheet Skala
A1: Skala punktowa 0–3
A2: Kryterium | B2: 0 pkt | C2: 1 pkt | D2: 2 pkt | E2: 3 pkt
A3: C – kompletność rekonstrukcji | B3: Brak użytecznej rekonstrukcji albo jedynie pojedyncze, niepowiązane fragmenty. | C3: Zrekonstruowano niewielką część sceny; duże braki względem obrazów wejściowych. | D3: Większość istotnych elementów jest obecna, ale występują zauważalne braki. | E3: Rekonstrukcja obejmuje praktycznie wszystkie istotne elementy widoczne na obrazach.
A4: G – spójność geometryczna | B4: Nie można zidentyfikować spójnej struktury przestrzennej sceny. | C4: Poważne deformacje, przesunięcia, rozwarstwienia lub błędne położenie elementów. | D4: Ogólna geometria jest poprawna, ale występują lokalne deformacje albo niespójności. | E4: Położenie elementów, proporcje i lokalna geometria są wizualnie spójne ze źródłami.
A5: A – artefakty i szum | B5: Artefakty dominują nad rekonstrukcją i uniemożliwiają jej interpretację. | C5: Liczne punkty odstające, duchy, rozwarstwienia, duplikaty lub inne poważne artefakty. | D5: Artefakty są widoczne, ale nie uniemożliwiają interpretacji sceny. | E5: Artefakty są nieliczne i mają marginalny wpływ na odbiór rekonstrukcji.
A6: D – struktura i szczegóły | B6: Podstawowa struktura sceny jest nierozpoznawalna. | C6: Rozpoznawalne są jedynie główne bryły lub najbardziej ogólna struktura. | D6: Poprawnie odwzorowano główne elementy oraz część drobniejszych szczegółów. | E6: Dobrze zachowano zarówno główne struktury, jak i drobniejsze elementy sceny.
A7: Q = C + G + A + D, dlatego Q ∈ [0, 12].

Sheet Podsumowanie
A1: Automatyczne podsumowanie wyników
A2: Model | B2: Scenariusz | C2: Liczba obrazów | D2: Liczba przypadków | E2: Ocenione / kompletne | F2: Postęp | G2: Mediana Q | H2: Średnia Q | I2: Mediana C | J2: Średnia C | K2: Mediana G | L2: Średnia G | M2: Mediana A | N2: Średnia A | O2: Mediana D | P2: Średnia D | Q2: Min Q | R2: Max Q | S2: Niepowodzenia (Q=0) | T2: Udział niepowodzeń
A3: VGGT | B3: 1 | C3: 1 | D3: 38 | E3: =COUNT(Ocena!$O$2,Ocena!$O$13,Ocena!$O$24,Ocena!$O$35,Ocena!$O$46,Ocena!$O$57,Ocena!$O$68,Ocena!$O$79,Ocena!$O$90,Ocena!$O$101,Ocena!$O$112,Ocena!$O$123,Ocena!$O$134,Ocena!$O$145,Ocena!$O$156,Ocena!$O$167,Ocena!$O$178,Ocena!$O$189,Ocena!$O$200,Ocena!$O$211,Ocena!$O$222,Ocena!$O$233,Ocena!$O$244,Ocena!$O$255,Ocena!$O$266,Ocena!$O$277,Ocena!$O$288,Ocena!$O$299,Ocena!$O$310,Ocena!$O$321,Ocena!$O$332,Ocena!$O$343,Ocena!$O$354,Ocena!$O$355,Ocena!$O$376,Ocena!$O$387,Ocena!$O$398,Ocena!$O$409) -> 38 | F3: =IFERROR(E3/D3,0) -> 1 | G3: =IF(E3=0,"",MEDIAN(Ocena!$O$2,Ocena!$O$13,Ocena!$O$24,Ocena!$O$35,Ocena!$O$46,Ocena!$O$57,Ocena!$O$68,Ocena!$O$79,Ocena!$O$90,Ocena!$O$101,Ocena!$O$112,Ocena!$O$123,Ocena!$O$134,Ocena!$O$145,Ocena!$O$156,Ocena!$O$167,Ocena!$O$178,Ocena!$O$189,Ocena!$O$200,Ocena!$O$211,Ocena!$O$222,Ocena!$O$233,Ocena!$O$244,Ocena!$O$255,Ocena!$O$266,Ocena!$O$277,Ocena!$O$288,Ocena!$O$299,Ocena!$O$310,Ocena!$O$321,Ocena!$O$332,Ocena!$O$343,Ocena!$O$354,Ocena!$O$355,Ocena!$O$376,Ocena!$O$387,Ocena!$O$398,Ocena!$O$409)) -> 7 | H3: =IF(E3=0,"",AVERAGE(Ocena!$O$2,Ocena!$O$13,Ocena!$O$24,Ocena!$O$35,Ocena!$O$46,Ocena!$O$57,Ocena!$O$68,Ocena!$O$79,Ocena!$O$90,Ocena!$O$101,Ocena!$O$112,Ocena!$O$123,Ocena!$O$134,Ocena!$O$145,Ocena!$O$156,Ocena!$O$167,Ocena!$O$178,Ocena!$O$189,Ocena!$O$200,Ocena!$O$211,Ocena!$O$222,Ocena!$O$233,Ocena!$O$244,Ocena!$O$255,Ocena!$O$266,Ocena!$O$277,Ocena!$O$288,Ocena!$O$299,Ocena!$O$310,Ocena!$O$321,Ocena!$O$332,Ocena!$O$343,Ocena!$O$354,Ocena!$O$355,Ocena!$O$376,Ocena!$O$387,Ocena!$O$398,Ocena!$O$409)) -> 6.5526316 | I3: =IF(E3=0,"",MEDIAN(Ocena!$K$2,Ocena!$K$13,Ocena!$K$24,Ocena!$K$35,Ocena!$K$46,Ocena!$K$57,Ocena!$K$68,Ocena!$K$79,Ocena!$K$90,Ocena!$K$101,Ocena!$K$112,Ocena!$K$123,Ocena!$K$134,Ocena!$K$145,Ocena!$K$156,Ocena!$K$167,Ocena!$K$178,Ocena!$K$189,Ocena!$K$200,Ocena!$K$211,Ocena!$K$222,Ocena!$K$233,Ocena!$K$244,Ocena!$K$255,Ocena!$K$266,Ocena!$K$277,Ocena!$K$288,Ocena!$K$299,Ocena!$K$310,Ocena!$K$321,Ocena!$K$332,Ocena!$K$343,Ocena!$K$354,Ocena!$K$355,Ocena!$K$376,Ocena!$K$387,Ocena!$K$398,Ocena!$K$409)) -> 1 | J3: =IF(E3=0,"",AVERAGE(Ocena!$K$2,Ocena!$K$13,Ocena!$K$24,Ocena!$K$35,Ocena!$K$46,Ocena!$K$57,Ocena!$K$68,Ocena!$K$79,Ocena!$K$90,Ocena!$K$101,Ocena!$K$112,Ocena!$K$123,Ocena!$K$134,Ocena!$K$145,Ocena!$K$156,Ocena!$K$167,Ocena!$K$178,Ocena!$K$189,Ocena!$K$200,Ocena!$K$211,Ocena!$K$222,Ocena!$K$233,Ocena!$K$244,Ocena!$K$255,Ocena!$K$266,Ocena!$K$277,Ocena!$K$288,Ocena!$K$299,Ocena!$K$310,Ocena!$K$321,Ocena!$K$332,Ocena!$K$343,Ocena!$K$354,Ocena!$K$355,Ocena!$K$376,Ocena!$K$387,Ocena!$K$398,Ocena!$K$409)) -> 1.1052632 | K3: =IF(E3=0,"",MEDIAN(Ocena!$L$2,Ocena!$L$13,Ocena!$L$24,Ocena!$L$35,Ocena!$L$46,Ocena!$L$57,Ocena!$L$68,Ocena!$L$79,Ocena!$L$90,Ocena!$L$101,Ocena!$L$112,Ocena!$L$123,Ocena!$L$134,Ocena!$L$145,Ocena!$L$156,Ocena!$L$167,Ocena!$L$178,Ocena!$L$189,Ocena!$L$200,Ocena!$L$211,Ocena!$L$222,Ocena!$L$233,Ocena!$L$244,Ocena!$L$255,Ocena!$L$266,Ocena!$L$277,Ocena!$L$288,Ocena!$L$299,Ocena!$L$310,Ocena!$L$321,Ocena!$L$332,Ocena!$L$343,Ocena!$L$354,Ocena!$L$355,Ocena!$L$376,Ocena!$L$387,Ocena!$L$398,Ocena!$L$409)) -> 2 | L3: =IF(E3=0,"",AVERAGE(Ocena!$L$2,Ocena!$L$13,Ocena!$L$24,Ocena!$L$35,Ocena!$L$46,Ocena!$L$57,Ocena!$L$68,Ocena!$L$79,Ocena!$L$90,Ocena!$L$101,Ocena!$L$112,Ocena!$L$123,Ocena!$L$134,Ocena!$L$145,Ocena!$L$156,Ocena!$L$167,Ocena!$L$178,Ocena!$L$189,Ocena!$L$200,Ocena!$L$211,Ocena!$L$222,Ocena!$L$233,Ocena!$L$244,Ocena!$L$255,Ocena!$L$266,Ocena!$L$277,Ocena!$L$288,Ocena!$L$299,Ocena!$L$310,Ocena!$L$321,Ocena!$L$332,Ocena!$L$343,Ocena!$L$354,Ocena!$L$355,Ocena!$L$376,Ocena!$L$387,Ocena!$L$398,Ocena!$L$409)) -> 1.8421053 | M3: =IF(E3=0,"",MEDIAN(Ocena!$M$2,Ocena!$M$13,Ocena!$M$24,Ocena!$M$35,Ocena!$M$46,Ocena!$M$57,Ocena!$M$68,Ocena!$M$79,Ocena!$M$90,Ocena!$M$101,Ocena!$M$112,Ocena!$M$123,Ocena!$M$134,Ocena!$M$145,Ocena!$M$156,Ocena!$M$167,Ocena!$M$178,Ocena!$M$189,Ocena!$M$200,Ocena!$M$211,Ocena!$M$222,Ocena!$M$233,Ocena!$M$244,Ocena!$M$255,Ocena!$M$266,Ocena!$M$277,Ocena!$M$288,Ocena!$M$299,Ocena!$M$310,Ocena!$M$321,Ocena!$M$332,Ocena!$M$343,Ocena!$M$354,Ocena!$M$355,Ocena!$M$376,Ocena!$M$387,Ocena!$M$398,Ocena!$M$409)) -> 2 | N3: =IF(E3=0,"",AVERAGE(Ocena!$M$2,Ocena!$M$13,Ocena!$M$24,Ocena!$M$35,Ocena!$M$46,Ocena!$M$57,Ocena!$M$68,Ocena!$M$79,Ocena!$M$90,Ocena!$M$101,Ocena!$M$112,Ocena!$M$123,Ocena!$M$134,Ocena!$M$145,Ocena!$M$156,Ocena!$M$167,Ocena!$M$178,Ocena!$M$189,Ocena!$M$200,Ocena!$M$211,Ocena!$M$222,Ocena!$M$233,Ocena!$M$244,Ocena!$M$255,Ocena!$M$266,Ocena!$M$277,Ocena!$M$288,Ocena!$M$299,Ocena!$M$310,Ocena!$M$321,Ocena!$M$332,Ocena!$M$343,Ocena!$M$354,Ocena!$M$355,Ocena!$M$376,Ocena!$M$387,Ocena!$M$398,Ocena!$M$409)) -> 2.2368421 | O3: =IF(E3=0,"",MEDIAN(Ocena!$N$2,Ocena!$N$13,Ocena!$N$24,Ocena!$N$35,Ocena!$N$46,Ocena!$N$57,Ocena!$N$68,Ocena!$N$79,Ocena!$N$90,Ocena!$N$101,Ocena!$N$112,Ocena!$N$123,Ocena!$N$134,Ocena!$N$145,Ocena!$N$156,Ocena!$N$167,Ocena!$N$178,Ocena!$N$189,Ocena!$N$200,Ocena!$N$211,Ocena!$N$222,Ocena!$N$233,Ocena!$N$244,Ocena!$N$255,Ocena!$N$266,Ocena!$N$277,Ocena!$N$288,Ocena!$N$299,Ocena!$N$310,Ocena!$N$321,Ocena!$N$332,Ocena!$N$343,Ocena!$N$354,Ocena!$N$355,Ocena!$N$376,Ocena!$N$387,Ocena!$N$398,Ocena!$N$409)) -> 1 | P3: =IF(E3=0,"",AVERAGE(Ocena!$N$2,Ocena!$N$13,Ocena!$N$24,Ocena!$N$35,Ocena!$N$46,Ocena!$N$57,Ocena!$N$68,Ocena!$N$79,Ocena!$N$90,Ocena!$N$101,Ocena!$N$112,Ocena!$N$123,Ocena!$N$134,Ocena!$N$145,Ocena!$N$156,Ocena!$N$167,Ocena!$N$178,Ocena!$N$189,Ocena!$N$200,Ocena!$N$211,Ocena!$N$222,Ocena!$N$233,Ocena!$N$244,Ocena!$N$255,Ocena!$N$266,Ocena!$N$277,Ocena!$N$288,Ocena!$N$299,Ocena!$N$310,Ocena!$N$321,Ocena!$N$332,Ocena!$N$343,Ocena!$N$354,Ocena!$N$355,Ocena!$N$376,Ocena!$N$387,Ocena!$N$398,Ocena!$N$409)) -> 1.3684211 | Q3: =IF(E3=0,"",MIN(Ocena!$O$2,Ocena!$O$13,Ocena!$O$24,Ocena!$O$35,Ocena!$O$46,Ocena!$O$57,Ocena!$O$68,Ocena!$O$79,Ocena!$O$90,Ocena!$O$101,Ocena!$O$112,Ocena!$O$123,Ocena!$O$134,Ocena!$O$145,Ocena!$O$156,Ocena!$O$167,Ocena!$O$178,Ocena!$O$189,Ocena!$O$200,Ocena!$O$211,Ocena!$O$222,Ocena!$O$233,Ocena!$O$244,Ocena!$O$255,Ocena!$O$266,Ocena!$O$277,Ocena!$O$288,Ocena!$O$299,Ocena!$O$310,Ocena!$O$321,Ocena!$O$332,Ocena!$O$343,Ocena!$O$354,Ocena!$O$355,Ocena!$O$376,Ocena!$O$387,Ocena!$O$398,Ocena!$O$409)) -> 3 | R3: =IF(E3=0,"",MAX(Ocena!$O$2,Ocena!$O$13,Ocena!$O$24,Ocena!$O$35,Ocena!$O$46,Ocena!$O$57,Ocena!$O$68,Ocena!$O$79,Ocena!$O$90,Ocena!$O$101,Ocena!$O$112,Ocena!$O$123,Ocena!$O$134,Ocena!$O$145,Ocena!$O$156,Ocena!$O$167,Ocena!$O$178,Ocena!$O$189,Ocena!$O$200,Ocena!$O$211,Ocena!$O$222,Ocena!$O$233,Ocena!$O$244,Ocena!$O$255,Ocena!$O$266,Ocena!$O$277,Ocena!$O$288,Ocena!$O$299,Ocena!$O$310,Ocena!$O$321,Ocena!$O$332,Ocena!$O$343,Ocena!$O$354,Ocena!$O$355,Ocena!$O$376,Ocena!$O$387,Ocena!$O$398,Ocena!$O$409)) -> 10 | S3: =IF(AND(COUNT(Ocena!$K$2:$N$2)=4,COUNTIF(Ocena!$K$2:$N$2,0)=4),1,0)+IF(AND(COUNT(Ocena!$K$13:$N$13)=4,COUNTIF(Ocena!$K$13:$N$13,0)=4),1,0)+IF(AND(COUNT(Ocena!$K$24:$N$24)=4,COUNTIF(Ocena!$K$24:$N$24,0)=4),1,0)+IF(AND(COUNT(Ocena!$K$35:$N$35)=4,COUNTIF(Ocena!$K$35:$N$35,0)=4),1,0)+IF(AND(COUNT(Ocena!$K$46:$N$46)=4,COUNTIF(Ocena!$K$46:$N$46,0)=4),1,0)+IF(AND(COUNT(Ocena!$K$57:$N$57)=4,COUNTIF(Ocena!$K$57:$N$57,0)=4),1,0)+IF(AND(COUNT(Ocena!$K$68:$N$68)=4,COUNTIF(Ocena!$K$68:$N$68,0)=4),1,0)+IF(AND(COUNT(Ocena!$K$79:$N$79)=4,COUNTIF(Ocena!$K$79:$N$79,0)=4),1,0)+IF(AND(COUNT(Ocena!$K$90:$N$90)=4,COUNTIF(Ocena!$K$90:$N$90,0)=4),1,0)+IF(AND(COUNT(Ocena!$K$101:$N$101)=4,COUNTIF(Ocena!$K$101:$N$101,0)=4),1,0)+IF(AND(COUNT(Ocena!$K$112:$N$112)=4,COUNTIF(Ocena!$K$112:$N$112,0)=4),1,0)+IF(AND(COUNT(Ocena!$K$123:$N$123)=4,COUNTIF(Ocena!$K$123:$N$123,0)=4),1,0)+IF(AND(COUNT(Ocena!$K$134:$N$134)=4,COUNTIF(Ocena!$K$134:$N$134,0)=4),1,0)+IF(AND(COUNT(Ocena!$K$145:$N$145)=4,COUNTIF(Ocena!$K$145:$N$145,0)=4),1,0)+IF(AND(COUNT(Ocena!$K$156:$N$156)=4,COUNTIF(Ocena!$K$156:$N$156,0)=4),1,0)+IF(AND(COUNT(Ocena!$K$167:$N$167)=4,COUNTIF(Ocena!$K$167:$N$167,0)=4),1,0)+IF(AND(COUNT(Ocena!$K$178:$N$178)=4,COUNTIF(Ocena!$K$178:$N$178,0)=4),1,0)+IF(AND(COUNT(Ocena!$K$189:$N$189)=4,COUNTIF(Ocena!$K$189:$N$189,0)=4),1,0)+IF(AND(COUNT(Ocena!$K$200:$N$200)=4,COUNTIF(Ocena!$K$200:$N$200,0)=4),1,0)+IF(AND(COUNT(Ocena!$K$211:$N$211)=4,COUNTIF(Ocena!$K$211:$N$211,0)=4),1,0)+IF(AND(COUNT(Ocena!$K$222:$N$222)=4,COUNTIF(Ocena!$K$222:$N$222,0)=4),1,0)+IF(AND(COUNT(Ocena!$K$233:$N$233)=4,COUNTIF(Ocena!$K$233:$N$233,0)=4),1,0)+IF(AND(COUNT(Ocena!$K$244:$N$244)=4,COUNTIF(Ocena!$K$244:$N$244,0)=4),1,0)+IF(AND(COUNT(Ocena!$K$255:$N$255)=4,COUNTIF(Ocena!$K$255:$N$255,0)=4),1,0)+IF(AND(COUNT(Ocena!$K$266:$N$266)=4,COUNTIF(Ocena!$K$266:$N$266,0)=4),1,0)+IF(AND(COUNT(Ocena!$K$277:$N$277)=4,COUNTIF(Ocena!$K$277:$N$277,0)=4),1,0)+IF(AND(COUNT(Ocena!$K$288:$N$288)=4,COUNTIF(Ocena!$K$288:$N$288,0)=4),1,0)+IF(AND(COUNT(Ocena!$K$299:$N$299)=4,COUNTIF(Ocena!$K$299:$N$299,0)=4),1,0)+IF(AND(COUNT(Ocena!$K$310:$N$310)=4,COUNTIF(Ocena!$K$310:$N$310,0)=4),1,0)+IF(AND(COUNT(Ocena!$K$321:$N$321)=4,COUNTIF(Ocena!$K$321:$N$321,0)=4),1,0)+IF(AND(COUNT(Ocena!$K$332:$N$332)=4,COUNTIF(Ocena!$K$332:$N$332,0)=4),1,0)+IF(AND(COUNT(Ocena!$K$343:$N$343)=4,COUNTIF(Ocena!$K$343:$N$343,0)=4),1,0)+IF(AND(COUNT(Ocena!$K$354:$N$354)=4,COUNTIF(Ocena!$K$354:$N$354,0)=4),1,0)+IF(AND(COUNT(Ocena!$K$355:$N$355)=4,COUNTIF(Ocena!$K$355:$N$355,0)=4),1,0)+IF(AND(COUNT(Ocena!$K$376:$N$376)=4,COUNTIF(Ocena!$K$376:$N$376,0)=4),1,0)+IF(AND(COUNT(Ocena!$K$387:$N$387)=4,COUNTIF(Ocena!$K$387:$N$387,0)=4),1,0)+IF(AND(COUNT(Ocena!$K$398:$N$398)=4,COUNTIF(Ocena!$K$398:$N$398,0)=4),1,0)+IF(AND(COUNT(Ocena!$K$409:$N$409)=4,COUNTIF(Ocena!$K$409:$N$409,0)=4),1,0) -> 0 | T3: =IFERROR(S3/D3,0) -> 0
A4: VGGT | B4: 2 | C4: 2 | D4: 38 | E4: =COUNT(Ocena!$O$4,Ocena!$O$15,Ocena!$O$26,Ocena!$O$37,Ocena!$O$48,Ocena!$O$59,Ocena!$O$70,Ocena!$O$81,Ocena!$O$92,Ocena!$O$103,Ocena!$O$114,Ocena!$O$125,Ocena!$O$136,Ocena!$O$147,Ocena!$O$158,Ocena!$O$169,Ocena!$O$180,Ocena!$O$191,Ocena!$O$202,Ocena!$O$213,Ocena!$O$224,Ocena!$O$235,Ocena!$O$246,Ocena!$O$257,Ocena!$O$268,Ocena!$O$279,Ocena!$O$290,Ocena!$O$301,Ocena!$O$312,Ocena!$O$323,Ocena!$O$334,Ocena!$O$345,Ocena!$O$358,Ocena!$O$359,Ocena!$O$378,Ocena!$O$389,Ocena!$O$400,Ocena!$O$411) -> 38 | F4: =IFERROR(E4/D4,0) -> 1 | G4: =IF(E4=0,"",MEDIAN(Ocena!$O$4,Ocena!$O$15,Ocena!$O$26,Ocena!$O$37,Ocena!$O$48,Ocena!$O$59,Ocena!$O$70,Ocena!$O$81,Ocena!$O$92,Ocena!$O$103,Ocena!$O$114,Ocena!$O$125,Ocena!$O$136,Ocena!$O$147,Ocena!$O$158,Ocena!$O$169,Ocena!$O$180,Ocena!$O$191,Ocena!$O$202,Ocena!$O$213,Ocena!$O$224,Ocena!$O$235,Ocena!$O$246,Ocena!$O$257,Ocena!$O$268,Ocena!$O$279,Ocena!$O$290,Ocena!$O$301,Ocena!$O$312,Ocena!$O$323,Ocena!$O$334,Ocena!$O$345,Ocena!$O$358,Ocena!$O$359,Ocena!$O$378,Ocena!$O$389,Ocena!$O$400,Ocena!$O$411)) -> 6 | H4: =IF(E4=0,"",AVERAGE(Ocena!$O$4,Ocena!$O$15,Ocena!$O$26,Ocena!$O$37,Ocena!$O$48,Ocena!$O$59,Ocena!$O$70,Ocena!$O$81,Ocena!$O$92,Ocena!$O$103,Ocena!$O$114,Ocena!$O$125,Ocena!$O$136,Ocena!$O$147,Ocena!$O$158,Ocena!$O$169,Ocena!$O$180,Ocena!$O$191,Ocena!$O$202,Ocena!$O$213,Ocena!$O$224,Ocena!$O$235,Ocena!$O$246,Ocena!$O$257,Ocena!$O$268,Ocena!$O$279,Ocena!$O$290,Ocena!$O$301,Ocena!$O$312,Ocena!$O$323,Ocena!$O$334,Ocena!$O$345,Ocena!$O$358,Ocena!$O$359,Ocena!$O$378,Ocena!$O$389,Ocena!$O$400,Ocena!$O$411)) -> 6.4473684 | I4: =IF(E4=0,"",MEDIAN(Ocena!$K$4,Ocena!$K$15,Ocena!$K$26,Ocena!$K$37,Ocena!$K$48,Ocena!$K$59,Ocena!$K$70,Ocena!$K$81,Ocena!$K$92,Ocena!$K$103,Ocena!$K$114,Ocena!$K$125,Ocena!$K$136,Ocena!$K$147,Ocena!$K$158,Ocena!$K$169,Ocena!$K$180,Ocena!$K$191,Ocena!$K$202,Ocena!$K$213,Ocena!$K$224,Ocena!$K$235,Ocena!$K$246,Ocena!$K$257,Ocena!$K$268,Ocena!$K$279,Ocena!$K$290,Ocena!$K$301,Ocena!$K$312,Ocena!$K$323,Ocena!$K$334,Ocena!$K$345,Ocena!$K$358,Ocena!$K$359,Ocena!$K$378,Ocena!$K$389,Ocena!$K$400,Ocena!$K$411)) -> 1 | J4: =IF(E4=0,"",AVERAGE(Ocena!$K$4,Ocena!$K$15,Ocena!$K$26,Ocena!$K$37,Ocena!$K$48,Ocena!$K$59,Ocena!$K$70,Ocena!$K$81,Ocena!$K$92,Ocena!$K$103,Ocena!$K$114,Ocena!$K$125,Ocena!$K$136,Ocena!$K$147,Ocena!$K$158,Ocena!$K$169,Ocena!$K$180,Ocena!$K$191,Ocena!$K$202,Ocena!$K$213,Ocena!$K$224,Ocena!$K$235,Ocena!$K$246,Ocena!$K$257,Ocena!$K$268,Ocena!$K$279,Ocena!$K$290,Ocena!$K$301,Ocena!$K$312,Ocena!$K$323,Ocena!$K$334,Ocena!$K$345,Ocena!$K$358,Ocena!$K$359,Ocena!$K$378,Ocena!$K$389,Ocena!$K$400,Ocena!$K$411)) -> 1.2368421 | K4: =IF(E4=0,"",MEDIAN(Ocena!$L$4,Ocena!$L$15,Ocena!$L$26,Ocena!$L$37,Ocena!$L$48,Ocena!$L$59,Ocena!$L$70,Ocena!$L$81,Ocena!$L$92,Ocena!$L$103,Ocena!$L$114,Ocena!$L$125,Ocena!$L$136,Ocena!$L$147,Ocena!$L$158,Ocena!$L$169,Ocena!$L$180,Ocena!$L$191,Ocena!$L$202,Ocena!$L$213,Ocena!$L$224,Ocena!$L$235,Ocena!$L$246,Ocena!$L$257,Ocena!$L$268,Ocena!$L$279,Ocena!$L$290,Ocena!$L$301,Ocena!$L$312,Ocena!$L$323,Ocena!$L$334,Ocena!$L$345,Ocena!$L$358,Ocena!$L$359,Ocena!$L$378,Ocena!$L$389,Ocena!$L$400,Ocena!$L$411)) -> 2 | L4: =IF(E4=0,"",AVERAGE(Ocena!$L$4,Ocena!$L$15,Ocena!$L$26,Ocena!$L$37,Ocena!$L$48,Ocena!$L$59,Ocena!$L$70,Ocena!$L$81,Ocena!$L$92,Ocena!$L$103,Ocena!$L$114,Ocena!$L$125,Ocena!$L$136,Ocena!$L$147,Ocena!$L$158,Ocena!$L$169,Ocena!$L$180,Ocena!$L$191,Ocena!$L$202,Ocena!$L$213,Ocena!$L$224,Ocena!$L$235,Ocena!$L$246,Ocena!$L$257,Ocena!$L$268,Ocena!$L$279,Ocena!$L$290,Ocena!$L$301,Ocena!$L$312,Ocena!$L$323,Ocena!$L$334,Ocena!$L$345,Ocena!$L$358,Ocena!$L$359,Ocena!$L$378,Ocena!$L$389,Ocena!$L$400,Ocena!$L$411)) -> 1.7105263 | M4: =IF(E4=0,"",MEDIAN(Ocena!$M$4,Ocena!$M$15,Ocena!$M$26,Ocena!$M$37,Ocena!$M$48,Ocena!$M$59,Ocena!$M$70,Ocena!$M$81,Ocena!$M$92,Ocena!$M$103,Ocena!$M$114,Ocena!$M$125,Ocena!$M$136,Ocena!$M$147,Ocena!$M$158,Ocena!$M$169,Ocena!$M$180,Ocena!$M$191,Ocena!$M$202,Ocena!$M$213,Ocena!$M$224,Ocena!$M$235,Ocena!$M$246,Ocena!$M$257,Ocena!$M$268,Ocena!$M$279,Ocena!$M$290,Ocena!$M$301,Ocena!$M$312,Ocena!$M$323,Ocena!$M$334,Ocena!$M$345,Ocena!$M$358,Ocena!$M$359,Ocena!$M$378,Ocena!$M$389,Ocena!$M$400,Ocena!$M$411)) -> 2 | N4: =IF(E4=0,"",AVERAGE(Ocena!$M$4,Ocena!$M$15,Ocena!$M$26,Ocena!$M$37,Ocena!$M$48,Ocena!$M$59,Ocena!$M$70,Ocena!$M$81,Ocena!$M$92,Ocena!$M$103,Ocena!$M$114,Ocena!$M$125,Ocena!$M$136,Ocena!$M$147,Ocena!$M$158,Ocena!$M$169,Ocena!$M$180,Ocena!$M$191,Ocena!$M$202,Ocena!$M$213,Ocena!$M$224,Ocena!$M$235,Ocena!$M$246,Ocena!$M$257,Ocena!$M$268,Ocena!$M$279,Ocena!$M$290,Ocena!$M$301,Ocena!$M$312,Ocena!$M$323,Ocena!$M$334,Ocena!$M$345,Ocena!$M$358,Ocena!$M$359,Ocena!$M$378,Ocena!$M$389,Ocena!$M$400,Ocena!$M$411)) -> 2.0789474 | O4: =IF(E4=0,"",MEDIAN(Ocena!$N$4,Ocena!$N$15,Ocena!$N$26,Ocena!$N$37,Ocena!$N$48,Ocena!$N$59,Ocena!$N$70,Ocena!$N$81,Ocena!$N$92,Ocena!$N$103,Ocena!$N$114,Ocena!$N$125,Ocena!$N$136,Ocena!$N$147,Ocena!$N$158,Ocena!$N$169,Ocena!$N$180,Ocena!$N$191,Ocena!$N$202,Ocena!$N$213,Ocena!$N$224,Ocena!$N$235,Ocena!$N$246,Ocena!$N$257,Ocena!$N$268,Ocena!$N$279,Ocena!$N$290,Ocena!$N$301,Ocena!$N$312,Ocena!$N$323,Ocena!$N$334,Ocena!$N$345,Ocena!$N$358,Ocena!$N$359,Ocena!$N$378,Ocena!$N$389,Ocena!$N$400,Ocena!$N$411)) -> 1 | P4: =IF(E4=0,"",AVERAGE(Ocena!$N$4,Ocena!$N$15,Ocena!$N$26,Ocena!$N$37,Ocena!$N$48,Ocena!$N$59,Ocena!$N$70,Ocena!$N$81,Ocena!$N$92,Ocena!$N$103,Ocena!$N$114,Ocena!$N$125,Ocena!$N$136,Ocena!$N$147,Ocena!$N$158,Ocena!$N$169,Ocena!$N$180,Ocena!$N$191,Ocena!$N$202,Ocena!$N$213,Ocena!$N$224,Ocena!$N$235,Ocena!$N$246,Ocena!$N$257,Ocena!$N$268,Ocena!$N$279,Ocena!$N$290,Ocena!$N$301,Ocena!$N$312,Ocena!$N$323,Ocena!$N$334,Ocena!$N$345,Ocena!$N$358,Ocena!$N$359,Ocena!$N$378,Ocena!$N$389,Ocena!$N$400,Ocena!$N$411)) -> 1.4210526 | Q4: =IF(E4=0,"",MIN(Ocena!$O$4,Ocena!$O$15,Ocena!$O$26,Ocena!$O$37,Ocena!$O$48,Ocena!$O$59,Ocena!$O$70,Ocena!$O$81,Ocena!$O$92,Ocena!$O$103,Ocena!$O$114,Ocena!$O$125,Ocena!$O$136,Ocena!$O$147,Ocena!$O$158,Ocena!$O$169,Ocena!$O$180,Ocena!$O$191,Ocena!$O$202,Ocena!$O$213,Ocena!$O$224,Ocena!$O$235,Ocena!$O$246,Ocena!$O$257,Ocena!$O$268,Ocena!$O$279,Ocena!$O$290,Ocena!$O$301,Ocena!$O$312,Ocena!$O$323,Ocena!$O$334,Ocena!$O$345,Ocena!$O$358,Ocena!$O$359,Ocena!$O$378,Ocena!$O$389,Ocena!$O$400,Ocena!$O$411)) -> 3 | R4: =IF(E4=0,"",MAX(Ocena!$O$4,Ocena!$O$15,Ocena!$O$26,Ocena!$O$37,Ocena!$O$48,Ocena!$O$59,Ocena!$O$70,Ocena!$O$81,Ocena!$O$92,Ocena!$O$103,Ocena!$O$114,Ocena!$O$125,Ocena!$O$136,Ocena!$O$147,Ocena!$O$158,Ocena!$O$169,Ocena!$O$180,Ocena!$O$191,Ocena!$O$202,Ocena!$O$213,Ocena!$O$224,Ocena!$O$235,Ocena!$O$246,Ocena!$O$257,Ocena!$O$268,Ocena!$O$279,Ocena!$O$290,Ocena!$O$301,Ocena!$O$312,Ocena!$O$323,Ocena!$O$334,Ocena!$O$345,Ocena!$O$358,Ocena!$O$359,Ocena!$O$378,Ocena!$O$389,Ocena!$O$400,Ocena!$O$411)) -> 10 | S4: =IF(AND(COUNT(Ocena!$K$4:$N$4)=4,COUNTIF(Ocena!$K$4:$N$4,0)=4),1,0)+IF(AND(COUNT(Ocena!$K$15:$N$15)=4,COUNTIF(Ocena!$K$15:$N$15,0)=4),1,0)+IF(AND(COUNT(Ocena!$K$26:$N$26)=4,COUNTIF(Ocena!$K$26:$N$26,0)=4),1,0)+IF(AND(COUNT(Ocena!$K$37:$N$37)=4,COUNTIF(Ocena!$K$37:$N$37,0)=4),1,0)+IF(AND(COUNT(Ocena!$K$48:$N$48)=4,COUNTIF(Ocena!$K$48:$N$48,0)=4),1,0)+IF(AND(COUNT(Ocena!$K$59:$N$59)=4,COUNTIF(Ocena!$K$59:$N$59,0)=4),1,0)+IF(AND(COUNT(Ocena!$K$70:$N$70)=4,COUNTIF(Ocena!$K$70:$N$70,0)=4),1,0)+IF(AND(COUNT(Ocena!$K$81:$N$81)=4,COUNTIF(Ocena!$K$81:$N$81,0)=4),1,0)+IF(AND(COUNT(Ocena!$K$92:$N$92)=4,COUNTIF(Ocena!$K$92:$N$92,0)=4),1,0)+IF(AND(COUNT(Ocena!$K$103:$N$103)=4,COUNTIF(Ocena!$K$103:$N$103,0)=4),1,0)+IF(AND(COUNT(Ocena!$K$114:$N$114)=4,COUNTIF(Ocena!$K$114:$N$114,0)=4),1,0)+IF(AND(COUNT(Ocena!$K$125:$N$125)=4,COUNTIF(Ocena!$K$125:$N$125,0)=4),1,0)+IF(AND(COUNT(Ocena!$K$136:$N$136)=4,COUNTIF(Ocena!$K$136:$N$136,0)=4),1,0)+IF(AND(COUNT(Ocena!$K$147:$N$147)=4,COUNTIF(Ocena!$K$147:$N$147,0)=4),1,0)+IF(AND(COUNT(Ocena!$K$158:$N$158)=4,COUNTIF(Ocena!$K$158:$N$158,0)=4),1,0)+IF(AND(COUNT(Ocena!$K$169:$N$169)=4,COUNTIF(Ocena!$K$169:$N$169,0)=4),1,0)+IF(AND(COUNT(Ocena!$K$180:$N$180)=4,COUNTIF(Ocena!$K$180:$N$180,0)=4),1,0)+IF(AND(COUNT(Ocena!$K$191:$N$191)=4,COUNTIF(Ocena!$K$191:$N$191,0)=4),1,0)+IF(AND(COUNT(Ocena!$K$202:$N$202)=4,COUNTIF(Ocena!$K$202:$N$202,0)=4),1,0)+IF(AND(COUNT(Ocena!$K$213:$N$213)=4,COUNTIF(Ocena!$K$213:$N$213,0)=4),1,0)+IF(AND(COUNT(Ocena!$K$224:$N$224)=4,COUNTIF(Ocena!$K$224:$N$224,0)=4),1,0)+IF(AND(COUNT(Ocena!$K$235:$N$235)=4,COUNTIF(Ocena!$K$235:$N$235,0)=4),1,0)+IF(AND(COUNT(Ocena!$K$246:$N$246)=4,COUNTIF(Ocena!$K$246:$N$246,0)=4),1,0)+IF(AND(COUNT(Ocena!$K$257:$N$257)=4,COUNTIF(Ocena!$K$257:$N$257,0)=4),1,0)+IF(AND(COUNT(Ocena!$K$268:$N$268)=4,COUNTIF(Ocena!$K$268:$N$268,0)=4),1,0)+IF(AND(COUNT(Ocena!$K$279:$N$279)=4,COUNTIF(Ocena!$K$279:$N$279,0)=4),1,0)+IF(AND(COUNT(Ocena!$K$290:$N$290)=4,COUNTIF(Ocena!$K$290:$N$290,0)=4),1,0)+IF(AND(COUNT(Ocena!$K$301:$N$301)=4,COUNTIF(Ocena!$K$301:$N$301,0)=4),1,0)+IF(AND(COUNT(Ocena!$K$312:$N$312)=4,COUNTIF(Ocena!$K$312:$N$312,0)=4),1,0)+IF(AND(COUNT(Ocena!$K$323:$N$323)=4,COUNTIF(Ocena!$K$323:$N$323,0)=4),1,0)+IF(AND(COUNT(Ocena!$K$334:$N$334)=4,COUNTIF(Ocena!$K$334:$N$334,0)=4),1,0)+IF(AND(COUNT(Ocena!$K$345:$N$345)=4,COUNTIF(Ocena!$K$345:$N$345,0)=4),1,0)+IF(AND(COUNT(Ocena!$K$358:$N$358)=4,COUNTIF(Ocena!$K$358:$N$358,0)=4),1,0)+IF(AND(COUNT(Ocena!$K$359:$N$359)=4,COUNTIF(Ocena!$K$359:$N$359,0)=4),1,0)+IF(AND(COUNT(Ocena!$K$378:$N$378)=4,COUNTIF(Ocena!$K$378:$N$378,0)=4),1,0)+IF(AND(COUNT(Ocena!$K$389:$N$389)=4,COUNTIF(Ocena!$K$389:$N$389,0)=4),1,0)+IF(AND(COUNT(Ocena!$K$400:$N$400)=4,COUNTIF(Ocena!$K$400:$N$400,0)=4),1,0)+IF(AND(COUNT(Ocena!$K$411:$N$411)=4,COUNTIF(Ocena!$K$411:$N$411,0)=4),1,0) -> 0 | T4: =IFERROR(S4/D4,0) -> 0
A5: VGGT | B5: 4 | C5: 4 | D5: 38 | E5: =COUNT(Ocena!$O$7,Ocena!$O$18,Ocena!$O$29,Ocena!$O$40,Ocena!$O$51,Ocena!$O$62,Ocena!$O$73,Ocena!$O$84,Ocena!$O$95,Ocena!$O$106,Ocena!$O$117,Ocena!$O$128,Ocena!$O$139,Ocena!$O$150,Ocena!$O$161,Ocena!$O$172,Ocena!$O$183,Ocena!$O$194,Ocena!$O$205,Ocena!$O$216,Ocena!$O$227,Ocena!$O$238,Ocena!$O$249,Ocena!$O$260,Ocena!$O$271,Ocena!$O$282,Ocena!$O$293,Ocena!$O$304,Ocena!$O$315,Ocena!$O$326,Ocena!$O$337,Ocena!$O$348,Ocena!$O$364,Ocena!$O$365,Ocena!$O$381,Ocena!$O$392,Ocena!$O$403,Ocena!$O$414) -> 38 | F5: =IFERROR(E5/D5,0) -> 1 | G5: =IF(E5=0,"",MEDIAN(Ocena!$O$7,Ocena!$O$18,Ocena!$O$29,Ocena!$O$40,Ocena!$O$51,Ocena!$O$62,Ocena!$O$73,Ocena!$O$84,Ocena!$O$95,Ocena!$O$106,Ocena!$O$117,Ocena!$O$128,Ocena!$O$139,Ocena!$O$150,Ocena!$O$161,Ocena!$O$172,Ocena!$O$183,Ocena!$O$194,Ocena!$O$205,Ocena!$O$216,Ocena!$O$227,Ocena!$O$238,Ocena!$O$249,Ocena!$O$260,Ocena!$O$271,Ocena!$O$282,Ocena!$O$293,Ocena!$O$304,Ocena!$O$315,Ocena!$O$326,Ocena!$O$337,Ocena!$O$348,Ocena!$O$364,Ocena!$O$365,Ocena!$O$381,Ocena!$O$392,Ocena!$O$403,Ocena!$O$414)) -> 6 | H5: =IF(E5=0,"",AVERAGE(Ocena!$O$7,Ocena!$O$18,Ocena!$O$29,Ocena!$O$40,Ocena!$O$51,Ocena!$O$62,Ocena!$O$73,Ocena!$O$84,Ocena!$O$95,Ocena!$O$106,Ocena!$O$117,Ocena!$O$128,Ocena!$O$139,Ocena!$O$150,Ocena!$O$161,Ocena!$O$172,Ocena!$O$183,Ocena!$O$194,Ocena!$O$205,Ocena!$O$216,Ocena!$O$227,Ocena!$O$238,Ocena!$O$249,Ocena!$O$260,Ocena!$O$271,Ocena!$O$282,Ocena!$O$293,Ocena!$O$304,Ocena!$O$315,Ocena!$O$326,Ocena!$O$337,Ocena!$O$348,Ocena!$O$364,Ocena!$O$365,Ocena!$O$381,Ocena!$O$392,Ocena!$O$403,Ocena!$O$414)) -> 6.2368421 | I5: =IF(E5=0,"",MEDIAN(Ocena!$K$7,Ocena!$K$18,Ocena!$K$29,Ocena!$K$40,Ocena!$K$51,Ocena!$K$62,Ocena!$K$73,Ocena!$K$84,Ocena!$K$95,Ocena!$K$106,Ocena!$K$117,Ocena!$K$128,Ocena!$K$139,Ocena!$K$150,Ocena!$K$161,Ocena!$K$172,Ocena!$K$183,Ocena!$K$194,Ocena!$K$205,Ocena!$K$216,Ocena!$K$227,Ocena!$K$238,Ocena!$K$249,Ocena!$K$260,Ocena!$K$271,Ocena!$K$282,Ocena!$K$293,Ocena!$K$304,Ocena!$K$315,Ocena!$K$326,Ocena!$K$337,Ocena!$K$348,Ocena!$K$364,Ocena!$K$365,Ocena!$K$381,Ocena!$K$392,Ocena!$K$403,Ocena!$K$414)) -> 1 | J5: =IF(E5=0,"",AVERAGE(Ocena!$K$7,Ocena!$K$18,Ocena!$K$29,Ocena!$K$40,Ocena!$K$51,Ocena!$K$62,Ocena!$K$73,Ocena!$K$84,Ocena!$K$95,Ocena!$K$106,Ocena!$K$117,Ocena!$K$128,Ocena!$K$139,Ocena!$K$150,Ocena!$K$161,Ocena!$K$172,Ocena!$K$183,Ocena!$K$194,Ocena!$K$205,Ocena!$K$216,Ocena!$K$227,Ocena!$K$238,Ocena!$K$249,Ocena!$K$260,Ocena!$K$271,Ocena!$K$282,Ocena!$K$293,Ocena!$K$304,Ocena!$K$315,Ocena!$K$326,Ocena!$K$337,Ocena!$K$348,Ocena!$K$364,Ocena!$K$365,Ocena!$K$381,Ocena!$K$392,Ocena!$K$403,Ocena!$K$414)) -> 1.2368421 | K5: =IF(E5=0,"",MEDIAN(Ocena!$L$7,Ocena!$L$18,Ocena!$L$29,Ocena!$L$40,Ocena!$L$51,Ocena!$L$62,Ocena!$L$73,Ocena!$L$84,Ocena!$L$95,Ocena!$L$106,Ocena!$L$117,Ocena!$L$128,Ocena!$L$139,Ocena!$L$150,Ocena!$L$161,Ocena!$L$172,Ocena!$L$183,Ocena!$L$194,Ocena!$L$205,Ocena!$L$216,Ocena!$L$227,Ocena!$L$238,Ocena!$L$249,Ocena!$L$260,Ocena!$L$271,Ocena!$L$282,Ocena!$L$293,Ocena!$L$304,Ocena!$L$315,Ocena!$L$326,Ocena!$L$337,Ocena!$L$348,Ocena!$L$364,Ocena!$L$365,Ocena!$L$381,Ocena!$L$392,Ocena!$L$403,Ocena!$L$414)) -> 2 | L5: =IF(E5=0,"",AVERAGE(Ocena!$L$7,Ocena!$L$18,Ocena!$L$29,Ocena!$L$40,Ocena!$L$51,Ocena!$L$62,Ocena!$L$73,Ocena!$L$84,Ocena!$L$95,Ocena!$L$106,Ocena!$L$117,Ocena!$L$128,Ocena!$L$139,Ocena!$L$150,Ocena!$L$161,Ocena!$L$172,Ocena!$L$183,Ocena!$L$194,Ocena!$L$205,Ocena!$L$216,Ocena!$L$227,Ocena!$L$238,Ocena!$L$249,Ocena!$L$260,Ocena!$L$271,Ocena!$L$282,Ocena!$L$293,Ocena!$L$304,Ocena!$L$315,Ocena!$L$326,Ocena!$L$337,Ocena!$L$348,Ocena!$L$364,Ocena!$L$365,Ocena!$L$381,Ocena!$L$392,Ocena!$L$403,Ocena!$L$414)) -> 1.6842105 | M5: =IF(E5=0,"",MEDIAN(Ocena!$M$7,Ocena!$M$18,Ocena!$M$29,Ocena!$M$40,Ocena!$M$51,Ocena!$M$62,Ocena!$M$73,Ocena!$M$84,Ocena!$M$95,Ocena!$M$106,Ocena!$M$117,Ocena!$M$128,Ocena!$M$139,Ocena!$M$150,Ocena!$M$161,Ocena!$M$172,Ocena!$M$183,Ocena!$M$194,Ocena!$M$205,Ocena!$M$216,Ocena!$M$227,Ocena!$M$238,Ocena!$M$249,Ocena!$M$260,Ocena!$M$271,Ocena!$M$282,Ocena!$M$293,Ocena!$M$304,Ocena!$M$315,Ocena!$M$326,Ocena!$M$337,Ocena!$M$348,Ocena!$M$364,Ocena!$M$365,Ocena!$M$381,Ocena!$M$392,Ocena!$M$403,Ocena!$M$414)) -> 2 | N5: =IF(E5=0,"",AVERAGE(Ocena!$M$7,Ocena!$M$18,Ocena!$M$29,Ocena!$M$40,Ocena!$M$51,Ocena!$M$62,Ocena!$M$73,Ocena!$M$84,Ocena!$M$95,Ocena!$M$106,Ocena!$M$117,Ocena!$M$128,Ocena!$M$139,Ocena!$M$150,Ocena!$M$161,Ocena!$M$172,Ocena!$M$183,Ocena!$M$194,Ocena!$M$205,Ocena!$M$216,Ocena!$M$227,Ocena!$M$238,Ocena!$M$249,Ocena!$M$260,Ocena!$M$271,Ocena!$M$282,Ocena!$M$293,Ocena!$M$304,Ocena!$M$315,Ocena!$M$326,Ocena!$M$337,Ocena!$M$348,Ocena!$M$364,Ocena!$M$365,Ocena!$M$381,Ocena!$M$392,Ocena!$M$403,Ocena!$M$414)) -> 1.9473684 | O5: =IF(E5=0,"",MEDIAN(Ocena!$N$7,Ocena!$N$18,Ocena!$N$29,Ocena!$N$40,Ocena!$N$51,Ocena!$N$62,Ocena!$N$73,Ocena!$N$84,Ocena!$N$95,Ocena!$N$106,Ocena!$N$117,Ocena!$N$128,Ocena!$N$139,Ocena!$N$150,Ocena!$N$161,Ocena!$N$172,Ocena!$N$183,Ocena!$N$194,Ocena!$N$205,Ocena!$N$216,Ocena!$N$227,Ocena!$N$238,Ocena!$N$249,Ocena!$N$260,Ocena!$N$271,Ocena!$N$282,Ocena!$N$293,Ocena!$N$304,Ocena!$N$315,Ocena!$N$326,Ocena!$N$337,Ocena!$N$348,Ocena!$N$364,Ocena!$N$365,Ocena!$N$381,Ocena!$N$392,Ocena!$N$403,Ocena!$N$414)) -> 1 | P5: =IF(E5=0,"",AVERAGE(Ocena!$N$7,Ocena!$N$18,Ocena!$N$29,Ocena!$N$40,Ocena!$N$51,Ocena!$N$62,Ocena!$N$73,Ocena!$N$84,Ocena!$N$95,Ocena!$N$106,Ocena!$N$117,Ocena!$N$128,Ocena!$N$139,Ocena!$N$150,Ocena!$N$161,Ocena!$N$172,Ocena!$N$183,Ocena!$N$194,Ocena!$N$205,Ocena!$N$216,Ocena!$N$227,Ocena!$N$238,Ocena!$N$249,Ocena!$N$260,Ocena!$N$271,Ocena!$N$282,Ocena!$N$293,Ocena!$N$304,Ocena!$N$315,Ocena!$N$326,Ocena!$N$337,Ocena!$N$348,Ocena!$N$364,Ocena!$N$365,Ocena!$N$381,Ocena!$N$392,Ocena!$N$403,Ocena!$N$414)) -> 1.3684211 | Q5: =IF(E5=0,"",MIN(Ocena!$O$7,Ocena!$O$18,Ocena!$O$29,Ocena!$O$40,Ocena!$O$51,Ocena!$O$62,Ocena!$O$73,Ocena!$O$84,Ocena!$O$95,Ocena!$O$106,Ocena!$O$117,Ocena!$O$128,Ocena!$O$139,Ocena!$O$150,Ocena!$O$161,Ocena!$O$172,Ocena!$O$183,Ocena!$O$194,Ocena!$O$205,Ocena!$O$216,Ocena!$O$227,Ocena!$O$238,Ocena!$O$249,Ocena!$O$260,Ocena!$O$271,Ocena!$O$282,Ocena!$O$293,Ocena!$O$304,Ocena!$O$315,Ocena!$O$326,Ocena!$O$337,Ocena!$O$348,Ocena!$O$364,Ocena!$O$365,Ocena!$O$381,Ocena!$O$392,Ocena!$O$403,Ocena!$O$414)) -> 3 | R5: =IF(E5=0,"",MAX(Ocena!$O$7,Ocena!$O$18,Ocena!$O$29,Ocena!$O$40,Ocena!$O$51,Ocena!$O$62,Ocena!$O$73,Ocena!$O$84,Ocena!$O$95,Ocena!$O$106,Ocena!$O$117,Ocena!$O$128,Ocena!$O$139,Ocena!$O$150,Ocena!$O$161,Ocena!$O$172,Ocena!$O$183,Ocena!$O$194,Ocena!$O$205,Ocena!$O$216,Ocena!$O$227,Ocena!$O$238,Ocena!$O$249,Ocena!$O$260,Ocena!$O$271,Ocena!$O$282,Ocena!$O$293,Ocena!$O$304,Ocena!$O$315,Ocena!$O$326,Ocena!$O$337,Ocena!$O$348,Ocena!$O$364,Ocena!$O$365,Ocena!$O$381,Ocena!$O$392,Ocena!$O$403,Ocena!$O$414)) -> 10 | S5: =IF(AND(COUNT(Ocena!$K$7:$N$7)=4,COUNTIF(Ocena!$K$7:$N$7,0)=4),1,0)+IF(AND(COUNT(Ocena!$K$18:$N$18)=4,COUNTIF(Ocena!$K$18:$N$18,0)=4),1,0)+IF(AND(COUNT(Ocena!$K$29:$N$29)=4,COUNTIF(Ocena!$K$29:$N$29,0)=4),1,0)+IF(AND(COUNT(Ocena!$K$40:$N$40)=4,COUNTIF(Ocena!$K$40:$N$40,0)=4),1,0)+IF(AND(COUNT(Ocena!$K$51:$N$51)=4,COUNTIF(Ocena!$K$51:$N$51,0)=4),1,0)+IF(AND(COUNT(Ocena!$K$62:$N$62)=4,COUNTIF(Ocena!$K$62:$N$62,0)=4),1,0)+IF(AND(COUNT(Ocena!$K$73:$N$73)=4,COUNTIF(Ocena!$K$73:$N$73,0)=4),1,0)+IF(AND(COUNT(Ocena!$K$84:$N$84)=4,COUNTIF(Ocena!$K$84:$N$84,0)=4),1,0)+IF(AND(COUNT(Ocena!$K$95:$N$95)=4,COUNTIF(Ocena!$K$95:$N$95,0)=4),1,0)+IF(AND(COUNT(Ocena!$K$106:$N$106)=4,COUNTIF(Ocena!$K$106:$N$106,0)=4),1,0)+IF(AND(COUNT(Ocena!$K$117:$N$117)=4,COUNTIF(Ocena!$K$117:$N$117,0)=4),1,0)+IF(AND(COUNT(Ocena!$K$128:$N$128)=4,COUNTIF(Ocena!$K$128:$N$128,0)=4),1,0)+IF(AND(COUNT(Ocena!$K$139:$N$139)=4,COUNTIF(Ocena!$K$139:$N$139,0)=4),1,0)+IF(AND(COUNT(Ocena!$K$150:$N$150)=4,COUNTIF(Ocena!$K$150:$N$150,0)=4),1,0)+IF(AND(COUNT(Ocena!$K$161:$N$161)=4,COUNTIF(Ocena!$K$161:$N$161,0)=4),1,0)+IF(AND(COUNT(Ocena!$K$172:$N$172)=4,COUNTIF(Ocena!$K$172:$N$172,0)=4),1,0)+IF(AND(COUNT(Ocena!$K$183:$N$183)=4,COUNTIF(Ocena!$K$183:$N$183,0)=4),1,0)+IF(AND(COUNT(Ocena!$K$194:$N$194)=4,COUNTIF(Ocena!$K$194:$N$194,0)=4),1,0)+IF(AND(COUNT(Ocena!$K$205:$N$205)=4,COUNTIF(Ocena!$K$205:$N$205,0)=4),1,0)+IF(AND(COUNT(Ocena!$K$216:$N$216)=4,COUNTIF(Ocena!$K$216:$N$216,0)=4),1,0)+IF(AND(COUNT(Ocena!$K$227:$N$227)=4,COUNTIF(Ocena!$K$227:$N$227,0)=4),1,0)+IF(AND(COUNT(Ocena!$K$238:$N$238)=4,COUNTIF(Ocena!$K$238:$N$238,0)=4),1,0)+IF(AND(COUNT(Ocena!$K$249:$N$249)=4,COUNTIF(Ocena!$K$249:$N$249,0)=4),1,0)+IF(AND(COUNT(Ocena!$K$260:$N$260)=4,COUNTIF(Ocena!$K$260:$N$260,0)=4),1,0)+IF(AND(COUNT(Ocena!$K$271:$N$271)=4,COUNTIF(Ocena!$K$271:$N$271,0)=4),1,0)+IF(AND(COUNT(Ocena!$K$282:$N$282)=4,COUNTIF(Ocena!$K$282:$N$282,0)=4),1,0)+IF(AND(COUNT(Ocena!$K$293:$N$293)=4,COUNTIF(Ocena!$K$293:$N$293,0)=4),1,0)+IF(AND(COUNT(Ocena!$K$304:$N$304)=4,COUNTIF(Ocena!$K$304:$N$304,0)=4),1,0)+IF(AND(COUNT(Ocena!$K$315:$N$315)=4,COUNTIF(Ocena!$K$315:$N$315,0)=4),1,0)+IF(AND(COUNT(Ocena!$K$326:$N$326)=4,COUNTIF(Ocena!$K$326:$N$326,0)=4),1,0)+IF(AND(COUNT(Ocena!$K$337:$N$337)=4,COUNTIF(Ocena!$K$337:$N$337,0)=4),1,0)+IF(AND(COUNT(Ocena!$K$348:$N$348)=4,COUNTIF(Ocena!$K$348:$N$348,0)=4),1,0)+IF(AND(COUNT(Ocena!$K$364:$N$364)=4,COUNTIF(Ocena!$K$364:$N$364,0)=4),1,0)+IF(AND(COUNT(Ocena!$K$365:$N$365)=4,COUNTIF(Ocena!$K$365:$N$365,0)=4),1,0)+IF(AND(COUNT(Ocena!$K$381:$N$381)=4,COUNTIF(Ocena!$K$381:$N$381,0)=4),1,0)+IF(AND(COUNT(Ocena!$K$392:$N$392)=4,COUNTIF(Ocena!$K$392:$N$392,0)=4),1,0)+IF(AND(COUNT(Ocena!$K$403:$N$403)=4,COUNTIF(Ocena!$K$403:$N$403,0)=4),1,0)+IF(AND(COUNT(Ocena!$K$414:$N$414)=4,COUNTIF(Ocena!$K$414:$N$414,0)=4),1,0) -> 0 | T5: =IFERROR(S5/D5,0) -> 0
A6: VGGT | B6: 8 | C6: 8 | D6: 38 | E6: =COUNT(Ocena!$O$10,Ocena!$O$21,Ocena!$O$32,Ocena!$O$43,Ocena!$O$54,Ocena!$O$65,Ocena!$O$76,Ocena!$O$87,Ocena!$O$98,Ocena!$O$109,Ocena!$O$120,Ocena!$O$131,Ocena!$O$142,Ocena!$O$153,Ocena!$O$164,Ocena!$O$175,Ocena!$O$186,Ocena!$O$197,Ocena!$O$208,Ocena!$O$219,Ocena!$O$230,Ocena!$O$241,Ocena!$O$252,Ocena!$O$263,Ocena!$O$274,Ocena!$O$285,Ocena!$O$296,Ocena!$O$307,Ocena!$O$318,Ocena!$O$329,Ocena!$O$340,Ocena!$O$351,Ocena!$O$370,Ocena!$O$371,Ocena!$O$384,Ocena!$O$395,Ocena!$O$406,Ocena!$O$417) -> 38 | F6: =IFERROR(E6/D6,0) -> 1 | G6: =IF(E6=0,"",MEDIAN(Ocena!$O$10,Ocena!$O$21,Ocena!$O$32,Ocena!$O$43,Ocena!$O$54,Ocena!$O$65,Ocena!$O$76,Ocena!$O$87,Ocena!$O$98,Ocena!$O$109,Ocena!$O$120,Ocena!$O$131,Ocena!$O$142,Ocena!$O$153,Ocena!$O$164,Ocena!$O$175,Ocena!$O$186,Ocena!$O$197,Ocena!$O$208,Ocena!$O$219,Ocena!$O$230,Ocena!$O$241,Ocena!$O$252,Ocena!$O$263,Ocena!$O$274,Ocena!$O$285,Ocena!$O$296,Ocena!$O$307,Ocena!$O$318,Ocena!$O$329,Ocena!$O$340,Ocena!$O$351,Ocena!$O$370,Ocena!$O$371,Ocena!$O$384,Ocena!$O$395,Ocena!$O$406,Ocena!$O$417)) -> 6 | H6: =IF(E6=0,"",AVERAGE(Ocena!$O$10,Ocena!$O$21,Ocena!$O$32,Ocena!$O$43,Ocena!$O$54,Ocena!$O$65,Ocena!$O$76,Ocena!$O$87,Ocena!$O$98,Ocena!$O$109,Ocena!$O$120,Ocena!$O$131,Ocena!$O$142,Ocena!$O$153,Ocena!$O$164,Ocena!$O$175,Ocena!$O$186,Ocena!$O$197,Ocena!$O$208,Ocena!$O$219,Ocena!$O$230,Ocena!$O$241,Ocena!$O$252,Ocena!$O$263,Ocena!$O$274,Ocena!$O$285,Ocena!$O$296,Ocena!$O$307,Ocena!$O$318,Ocena!$O$329,Ocena!$O$340,Ocena!$O$351,Ocena!$O$370,Ocena!$O$371,Ocena!$O$384,Ocena!$O$395,Ocena!$O$406,Ocena!$O$417)) -> 6.1315789 | I6: =IF(E6=0,"",MEDIAN(Ocena!$K$10,Ocena!$K$21,Ocena!$K$32,Ocena!$K$43,Ocena!$K$54,Ocena!$K$65,Ocena!$K$76,Ocena!$K$87,Ocena!$K$98,Ocena!$K$109,Ocena!$K$120,Ocena!$K$131,Ocena!$K$142,Ocena!$K$153,Ocena!$K$164,Ocena!$K$175,Ocena!$K$186,Ocena!$K$197,Ocena!$K$208,Ocena!$K$219,Ocena!$K$230,Ocena!$K$241,Ocena!$K$252,Ocena!$K$263,Ocena!$K$274,Ocena!$K$285,Ocena!$K$296,Ocena!$K$307,Ocena!$K$318,Ocena!$K$329,Ocena!$K$340,Ocena!$K$351,Ocena!$K$370,Ocena!$K$371,Ocena!$K$384,Ocena!$K$395,Ocena!$K$406,Ocena!$K$417)) -> 1 | J6: =IF(E6=0,"",AVERAGE(Ocena!$K$10,Ocena!$K$21,Ocena!$K$32,Ocena!$K$43,Ocena!$K$54,Ocena!$K$65,Ocena!$K$76,Ocena!$K$87,Ocena!$K$98,Ocena!$K$109,Ocena!$K$120,Ocena!$K$131,Ocena!$K$142,Ocena!$K$153,Ocena!$K$164,Ocena!$K$175,Ocena!$K$186,Ocena!$K$197,Ocena!$K$208,Ocena!$K$219,Ocena!$K$230,Ocena!$K$241,Ocena!$K$252,Ocena!$K$263,Ocena!$K$274,Ocena!$K$285,Ocena!$K$296,Ocena!$K$307,Ocena!$K$318,Ocena!$K$329,Ocena!$K$340,Ocena!$K$351,Ocena!$K$370,Ocena!$K$371,Ocena!$K$384,Ocena!$K$395,Ocena!$K$406,Ocena!$K$417)) -> 1.2368421 | K6: =IF(E6=0,"",MEDIAN(Ocena!$L$10,Ocena!$L$21,Ocena!$L$32,Ocena!$L$43,Ocena!$L$54,Ocena!$L$65,Ocena!$L$76,Ocena!$L$87,Ocena!$L$98,Ocena!$L$109,Ocena!$L$120,Ocena!$L$131,Ocena!$L$142,Ocena!$L$153,Ocena!$L$164,Ocena!$L$175,Ocena!$L$186,Ocena!$L$197,Ocena!$L$208,Ocena!$L$219,Ocena!$L$230,Ocena!$L$241,Ocena!$L$252,Ocena!$L$263,Ocena!$L$274,Ocena!$L$285,Ocena!$L$296,Ocena!$L$307,Ocena!$L$318,Ocena!$L$329,Ocena!$L$340,Ocena!$L$351,Ocena!$L$370,Ocena!$L$371,Ocena!$L$384,Ocena!$L$395,Ocena!$L$406,Ocena!$L$417)) -> 2 | L6: =IF(E6=0,"",AVERAGE(Ocena!$L$10,Ocena!$L$21,Ocena!$L$32,Ocena!$L$43,Ocena!$L$54,Ocena!$L$65,Ocena!$L$76,Ocena!$L$87,Ocena!$L$98,Ocena!$L$109,Ocena!$L$120,Ocena!$L$131,Ocena!$L$142,Ocena!$L$153,Ocena!$L$164,Ocena!$L$175,Ocena!$L$186,Ocena!$L$197,Ocena!$L$208,Ocena!$L$219,Ocena!$L$230,Ocena!$L$241,Ocena!$L$252,Ocena!$L$263,Ocena!$L$274,Ocena!$L$285,Ocena!$L$296,Ocena!$L$307,Ocena!$L$318,Ocena!$L$329,Ocena!$L$340,Ocena!$L$351,Ocena!$L$370,Ocena!$L$371,Ocena!$L$384,Ocena!$L$395,Ocena!$L$406,Ocena!$L$417)) -> 1.6578947 | M6: =IF(E6=0,"",MEDIAN(Ocena!$M$10,Ocena!$M$21,Ocena!$M$32,Ocena!$M$43,Ocena!$M$54,Ocena!$M$65,Ocena!$M$76,Ocena!$M$87,Ocena!$M$98,Ocena!$M$109,Ocena!$M$120,Ocena!$M$131,Ocena!$M$142,Ocena!$M$153,Ocena!$M$164,Ocena!$M$175,Ocena!$M$186,Ocena!$M$197,Ocena!$M$208,Ocena!$M$219,Ocena!$M$230,Ocena!$M$241,Ocena!$M$252,Ocena!$M$263,Ocena!$M$274,Ocena!$M$285,Ocena!$M$296,Ocena!$M$307,Ocena!$M$318,Ocena!$M$329,Ocena!$M$340,Ocena!$M$351,Ocena!$M$370,Ocena!$M$371,Ocena!$M$384,Ocena!$M$395,Ocena!$M$406,Ocena!$M$417)) -> 2 | N6: =IF(E6=0,"",AVERAGE(Ocena!$M$10,Ocena!$M$21,Ocena!$M$32,Ocena!$M$43,Ocena!$M$54,Ocena!$M$65,Ocena!$M$76,Ocena!$M$87,Ocena!$M$98,Ocena!$M$109,Ocena!$M$120,Ocena!$M$131,Ocena!$M$142,Ocena!$M$153,Ocena!$M$164,Ocena!$M$175,Ocena!$M$186,Ocena!$M$197,Ocena!$M$208,Ocena!$M$219,Ocena!$M$230,Ocena!$M$241,Ocena!$M$252,Ocena!$M$263,Ocena!$M$274,Ocena!$M$285,Ocena!$M$296,Ocena!$M$307,Ocena!$M$318,Ocena!$M$329,Ocena!$M$340,Ocena!$M$351,Ocena!$M$370,Ocena!$M$371,Ocena!$M$384,Ocena!$M$395,Ocena!$M$406,Ocena!$M$417)) -> 1.8421053 | O6: =IF(E6=0,"",MEDIAN(Ocena!$N$10,Ocena!$N$21,Ocena!$N$32,Ocena!$N$43,Ocena!$N$54,Ocena!$N$65,Ocena!$N$76,Ocena!$N$87,Ocena!$N$98,Ocena!$N$109,Ocena!$N$120,Ocena!$N$131,Ocena!$N$142,Ocena!$N$153,Ocena!$N$164,Ocena!$N$175,Ocena!$N$186,Ocena!$N$197,Ocena!$N$208,Ocena!$N$219,Ocena!$N$230,Ocena!$N$241,Ocena!$N$252,Ocena!$N$263,Ocena!$N$274,Ocena!$N$285,Ocena!$N$296,Ocena!$N$307,Ocena!$N$318,Ocena!$N$329,Ocena!$N$340,Ocena!$N$351,Ocena!$N$370,Ocena!$N$371,Ocena!$N$384,Ocena!$N$395,Ocena!$N$406,Ocena!$N$417)) -> 1 | P6: =IF(E6=0,"",AVERAGE(Ocena!$N$10,Ocena!$N$21,Ocena!$N$32,Ocena!$N$43,Ocena!$N$54,Ocena!$N$65,Ocena!$N$76,Ocena!$N$87,Ocena!$N$98,Ocena!$N$109,Ocena!$N$120,Ocena!$N$131,Ocena!$N$142,Ocena!$N$153,Ocena!$N$164,Ocena!$N$175,Ocena!$N$186,Ocena!$N$197,Ocena!$N$208,Ocena!$N$219,Ocena!$N$230,Ocena!$N$241,Ocena!$N$252,Ocena!$N$263,Ocena!$N$274,Ocena!$N$285,Ocena!$N$296,Ocena!$N$307,Ocena!$N$318,Ocena!$N$329,Ocena!$N$340,Ocena!$N$351,Ocena!$N$370,Ocena!$N$371,Ocena!$N$384,Ocena!$N$395,Ocena!$N$406,Ocena!$N$417)) -> 1.3947368 | Q6: =IF(E6=0,"",MIN(Ocena!$O$10,Ocena!$O$21,Ocena!$O$32,Ocena!$O$43,Ocena!$O$54,Ocena!$O$65,Ocena!$O$76,Ocena!$O$87,Ocena!$O$98,Ocena!$O$109,Ocena!$O$120,Ocena!$O$131,Ocena!$O$142,Ocena!$O$153,Ocena!$O$164,Ocena!$O$175,Ocena!$O$186,Ocena!$O$197,Ocena!$O$208,Ocena!$O$219,Ocena!$O$230,Ocena!$O$241,Ocena!$O$252,Ocena!$O$263,Ocena!$O$274,Ocena!$O$285,Ocena!$O$296,Ocena!$O$307,Ocena!$O$318,Ocena!$O$329,Ocena!$O$340,Ocena!$O$351,Ocena!$O$370,Ocena!$O$371,Ocena!$O$384,Ocena!$O$395,Ocena!$O$406,Ocena!$O$417)) -> 3 | R6: =IF(E6=0,"",MAX(Ocena!$O$10,Ocena!$O$21,Ocena!$O$32,Ocena!$O$43,Ocena!$O$54,Ocena!$O$65,Ocena!$O$76,Ocena!$O$87,Ocena!$O$98,Ocena!$O$109,Ocena!$O$120,Ocena!$O$131,Ocena!$O$142,Ocena!$O$153,Ocena!$O$164,Ocena!$O$175,Ocena!$O$186,Ocena!$O$197,Ocena!$O$208,Ocena!$O$219,Ocena!$O$230,Ocena!$O$241,Ocena!$O$252,Ocena!$O$263,Ocena!$O$274,Ocena!$O$285,Ocena!$O$296,Ocena!$O$307,Ocena!$O$318,Ocena!$O$329,Ocena!$O$340,Ocena!$O$351,Ocena!$O$370,Ocena!$O$371,Ocena!$O$384,Ocena!$O$395,Ocena!$O$406,Ocena!$O$417)) -> 8 | S6: =IF(AND(COUNT(Ocena!$K$10:$N$10)=4,COUNTIF(Ocena!$K$10:$N$10,0)=4),1,0)+IF(AND(COUNT(Ocena!$K$21:$N$21)=4,COUNTIF(Ocena!$K$21:$N$21,0)=4),1,0)+IF(AND(COUNT(Ocena!$K$32:$N$32)=4,COUNTIF(Ocena!$K$32:$N$32,0)=4),1,0)+IF(AND(COUNT(Ocena!$K$43:$N$43)=4,COUNTIF(Ocena!$K$43:$N$43,0)=4),1,0)+IF(AND(COUNT(Ocena!$K$54:$N$54)=4,COUNTIF(Ocena!$K$54:$N$54,0)=4),1,0)+IF(AND(COUNT(Ocena!$K$65:$N$65)=4,COUNTIF(Ocena!$K$65:$N$65,0)=4),1,0)+IF(AND(COUNT(Ocena!$K$76:$N$76)=4,COUNTIF(Ocena!$K$76:$N$76,0)=4),1,0)+IF(AND(COUNT(Ocena!$K$87:$N$87)=4,COUNTIF(Ocena!$K$87:$N$87,0)=4),1,0)+IF(AND(COUNT(Ocena!$K$98:$N$98)=4,COUNTIF(Ocena!$K$98:$N$98,0)=4),1,0)+IF(AND(COUNT(Ocena!$K$109:$N$109)=4,COUNTIF(Ocena!$K$109:$N$109,0)=4),1,0)+IF(AND(COUNT(Ocena!$K$120:$N$120)=4,COUNTIF(Ocena!$K$120:$N$120,0)=4),1,0)+IF(AND(COUNT(Ocena!$K$131:$N$131)=4,COUNTIF(Ocena!$K$131:$N$131,0)=4),1,0)+IF(AND(COUNT(Ocena!$K$142:$N$142)=4,COUNTIF(Ocena!$K$142:$N$142,0)=4),1,0)+IF(AND(COUNT(Ocena!$K$153:$N$153)=4,COUNTIF(Ocena!$K$153:$N$153,0)=4),1,0)+IF(AND(COUNT(Ocena!$K$164:$N$164)=4,COUNTIF(Ocena!$K$164:$N$164,0)=4),1,0)+IF(AND(COUNT(Ocena!$K$175:$N$175)=4,COUNTIF(Ocena!$K$175:$N$175,0)=4),1,0)+IF(AND(COUNT(Ocena!$K$186:$N$186)=4,COUNTIF(Ocena!$K$186:$N$186,0)=4),1,0)+IF(AND(COUNT(Ocena!$K$197:$N$197)=4,COUNTIF(Ocena!$K$197:$N$197,0)=4),1,0)+IF(AND(COUNT(Ocena!$K$208:$N$208)=4,COUNTIF(Ocena!$K$208:$N$208,0)=4),1,0)+IF(AND(COUNT(Ocena!$K$219:$N$219)=4,COUNTIF(Ocena!$K$219:$N$219,0)=4),1,0)+IF(AND(COUNT(Ocena!$K$230:$N$230)=4,COUNTIF(Ocena!$K$230:$N$230,0)=4),1,0)+IF(AND(COUNT(Ocena!$K$241:$N$241)=4,COUNTIF(Ocena!$K$241:$N$241,0)=4),1,0)+IF(AND(COUNT(Ocena!$K$252:$N$252)=4,COUNTIF(Ocena!$K$252:$N$252,0)=4),1,0)+IF(AND(COUNT(Ocena!$K$263:$N$263)=4,COUNTIF(Ocena!$K$263:$N$263,0)=4),1,0)+IF(AND(COUNT(Ocena!$K$274:$N$274)=4,COUNTIF(Ocena!$K$274:$N$274,0)=4),1,0)+IF(AND(COUNT(Ocena!$K$285:$N$285)=4,COUNTIF(Ocena!$K$285:$N$285,0)=4),1,0)+IF(AND(COUNT(Ocena!$K$296:$N$296)=4,COUNTIF(Ocena!$K$296:$N$296,0)=4),1,0)+IF(AND(COUNT(Ocena!$K$307:$N$307)=4,COUNTIF(Ocena!$K$307:$N$307,0)=4),1,0)+IF(AND(COUNT(Ocena!$K$318:$N$318)=4,COUNTIF(Ocena!$K$318:$N$318,0)=4),1,0)+IF(AND(COUNT(Ocena!$K$329:$N$329)=4,COUNTIF(Ocena!$K$329:$N$329,0)=4),1,0)+IF(AND(COUNT(Ocena!$K$340:$N$340)=4,COUNTIF(Ocena!$K$340:$N$340,0)=4),1,0)+IF(AND(COUNT(Ocena!$K$351:$N$351)=4,COUNTIF(Ocena!$K$351:$N$351,0)=4),1,0)+IF(AND(COUNT(Ocena!$K$370:$N$370)=4,COUNTIF(Ocena!$K$370:$N$370,0)=4),1,0)+IF(AND(COUNT(Ocena!$K$371:$N$371)=4,COUNTIF(Ocena!$K$371:$N$371,0)=4),1,0)+IF(AND(COUNT(Ocena!$K$384:$N$384)=4,COUNTIF(Ocena!$K$384:$N$384,0)=4),1,0)+IF(AND(COUNT(Ocena!$K$395:$N$395)=4,COUNTIF(Ocena!$K$395:$N$395,0)=4),1,0)+IF(AND(COUNT(Ocena!$K$406:$N$406)=4,COUNTIF(Ocena!$K$406:$N$406,0)=4),1,0)+IF(AND(COUNT(Ocena!$K$417:$N$417)=4,COUNTIF(Ocena!$K$417:$N$417,0)=4),1,0) -> 0 | T6: =IFERROR(S6/D6,0) -> 0
A7: MASt3R | B7: 2 | C7: 2 | D7: 38 | E7: =COUNT(Ocena!$O$5,Ocena!$O$16,Ocena!$O$27,Ocena!$O$38,Ocena!$O$49,Ocena!$O$60,Ocena!$O$71,Ocena!$O$82,Ocena!$O$93,Ocena!$O$104,Ocena!$O$115,Ocena!$O$126,Ocena!$O$137,Ocena!$O$148,Ocena!$O$159,Ocena!$O$170,Ocena!$O$181,Ocena!$O$192,Ocena!$O$203,Ocena!$O$214,Ocena!$O$225,Ocena!$O$236,Ocena!$O$247,Ocena!$O$258,Ocena!$O$269,Ocena!$O$280,Ocena!$O$291,Ocena!$O$302,Ocena!$O$313,Ocena!$O$324,Ocena!$O$335,Ocena!$O$346,Ocena!$O$360,Ocena!$O$361,Ocena!$O$379,Ocena!$O$390,Ocena!$O$401,Ocena!$O$412) -> 38 | F7: =IFERROR(E7/D7,0) -> 1 | G7: =IF(E7=0,"",MEDIAN(Ocena!$O$5,Ocena!$O$16,Ocena!$O$27,Ocena!$O$38,Ocena!$O$49,Ocena!$O$60,Ocena!$O$71,Ocena!$O$82,Ocena!$O$93,Ocena!$O$104,Ocena!$O$115,Ocena!$O$126,Ocena!$O$137,Ocena!$O$148,Ocena!$O$159,Ocena!$O$170,Ocena!$O$181,Ocena!$O$192,Ocena!$O$203,Ocena!$O$214,Ocena!$O$225,Ocena!$O$236,Ocena!$O$247,Ocena!$O$258,Ocena!$O$269,Ocena!$O$280,Ocena!$O$291,Ocena!$O$302,Ocena!$O$313,Ocena!$O$324,Ocena!$O$335,Ocena!$O$346,Ocena!$O$360,Ocena!$O$361,Ocena!$O$379,Ocena!$O$390,Ocena!$O$401,Ocena!$O$412)) -> 6 | H7: =IF(E7=0,"",AVERAGE(Ocena!$O$5,Ocena!$O$16,Ocena!$O$27,Ocena!$O$38,Ocena!$O$49,Ocena!$O$60,Ocena!$O$71,Ocena!$O$82,Ocena!$O$93,Ocena!$O$104,Ocena!$O$115,Ocena!$O$126,Ocena!$O$137,Ocena!$O$148,Ocena!$O$159,Ocena!$O$170,Ocena!$O$181,Ocena!$O$192,Ocena!$O$203,Ocena!$O$214,Ocena!$O$225,Ocena!$O$236,Ocena!$O$247,Ocena!$O$258,Ocena!$O$269,Ocena!$O$280,Ocena!$O$291,Ocena!$O$302,Ocena!$O$313,Ocena!$O$324,Ocena!$O$335,Ocena!$O$346,Ocena!$O$360,Ocena!$O$361,Ocena!$O$379,Ocena!$O$390,Ocena!$O$401,Ocena!$O$412)) -> 5.9473684 | I7: =IF(E7=0,"",MEDIAN(Ocena!$K$5,Ocena!$K$16,Ocena!$K$27,Ocena!$K$38,Ocena!$K$49,Ocena!$K$60,Ocena!$K$71,Ocena!$K$82,Ocena!$K$93,Ocena!$K$104,Ocena!$K$115,Ocena!$K$126,Ocena!$K$137,Ocena!$K$148,Ocena!$K$159,Ocena!$K$170,Ocena!$K$181,Ocena!$K$192,Ocena!$K$203,Ocena!$K$214,Ocena!$K$225,Ocena!$K$236,Ocena!$K$247,Ocena!$K$258,Ocena!$K$269,Ocena!$K$280,Ocena!$K$291,Ocena!$K$302,Ocena!$K$313,Ocena!$K$324,Ocena!$K$335,Ocena!$K$346,Ocena!$K$360,Ocena!$K$361,Ocena!$K$379,Ocena!$K$390,Ocena!$K$401,Ocena!$K$412)) -> 1 | J7: =IF(E7=0,"",AVERAGE(Ocena!$K$5,Ocena!$K$16,Ocena!$K$27,Ocena!$K$38,Ocena!$K$49,Ocena!$K$60,Ocena!$K$71,Ocena!$K$82,Ocena!$K$93,Ocena!$K$104,Ocena!$K$115,Ocena!$K$126,Ocena!$K$137,Ocena!$K$148,Ocena!$K$159,Ocena!$K$170,Ocena!$K$181,Ocena!$K$192,Ocena!$K$203,Ocena!$K$214,Ocena!$K$225,Ocena!$K$236,Ocena!$K$247,Ocena!$K$258,Ocena!$K$269,Ocena!$K$280,Ocena!$K$291,Ocena!$K$302,Ocena!$K$313,Ocena!$K$324,Ocena!$K$335,Ocena!$K$346,Ocena!$K$360,Ocena!$K$361,Ocena!$K$379,Ocena!$K$390,Ocena!$K$401,Ocena!$K$412)) -> 1.3947368 | K7: =IF(E7=0,"",MEDIAN(Ocena!$L$5,Ocena!$L$16,Ocena!$L$27,Ocena!$L$38,Ocena!$L$49,Ocena!$L$60,Ocena!$L$71,Ocena!$L$82,Ocena!$L$93,Ocena!$L$104,Ocena!$L$115,Ocena!$L$126,Ocena!$L$137,Ocena!$L$148,Ocena!$L$159,Ocena!$L$170,Ocena!$L$181,Ocena!$L$192,Ocena!$L$203,Ocena!$L$214,Ocena!$L$225,Ocena!$L$236,Ocena!$L$247,Ocena!$L$258,Ocena!$L$269,Ocena!$L$280,Ocena!$L$291,Ocena!$L$302,Ocena!$L$313,Ocena!$L$324,Ocena!$L$335,Ocena!$L$346,Ocena!$L$360,Ocena!$L$361,Ocena!$L$379,Ocena!$L$390,Ocena!$L$401,Ocena!$L$412)) -> 1 | L7: =IF(E7=0,"",AVERAGE(Ocena!$L$5,Ocena!$L$16,Ocena!$L$27,Ocena!$L$38,Ocena!$L$49,Ocena!$L$60,Ocena!$L$71,Ocena!$L$82,Ocena!$L$93,Ocena!$L$104,Ocena!$L$115,Ocena!$L$126,Ocena!$L$137,Ocena!$L$148,Ocena!$L$159,Ocena!$L$170,Ocena!$L$181,Ocena!$L$192,Ocena!$L$203,Ocena!$L$214,Ocena!$L$225,Ocena!$L$236,Ocena!$L$247,Ocena!$L$258,Ocena!$L$269,Ocena!$L$280,Ocena!$L$291,Ocena!$L$302,Ocena!$L$313,Ocena!$L$324,Ocena!$L$335,Ocena!$L$346,Ocena!$L$360,Ocena!$L$361,Ocena!$L$379,Ocena!$L$390,Ocena!$L$401,Ocena!$L$412)) -> 1.3684211 | M7: =IF(E7=0,"",MEDIAN(Ocena!$M$5,Ocena!$M$16,Ocena!$M$27,Ocena!$M$38,Ocena!$M$49,Ocena!$M$60,Ocena!$M$71,Ocena!$M$82,Ocena!$M$93,Ocena!$M$104,Ocena!$M$115,Ocena!$M$126,Ocena!$M$137,Ocena!$M$148,Ocena!$M$159,Ocena!$M$170,Ocena!$M$181,Ocena!$M$192,Ocena!$M$203,Ocena!$M$214,Ocena!$M$225,Ocena!$M$236,Ocena!$M$247,Ocena!$M$258,Ocena!$M$269,Ocena!$M$280,Ocena!$M$291,Ocena!$M$302,Ocena!$M$313,Ocena!$M$324,Ocena!$M$335,Ocena!$M$346,Ocena!$M$360,Ocena!$M$361,Ocena!$M$379,Ocena!$M$390,Ocena!$M$401,Ocena!$M$412)) -> 2 | N7: =IF(E7=0,"",AVERAGE(Ocena!$M$5,Ocena!$M$16,Ocena!$M$27,Ocena!$M$38,Ocena!$M$49,Ocena!$M$60,Ocena!$M$71,Ocena!$M$82,Ocena!$M$93,Ocena!$M$104,Ocena!$M$115,Ocena!$M$126,Ocena!$M$137,Ocena!$M$148,Ocena!$M$159,Ocena!$M$170,Ocena!$M$181,Ocena!$M$192,Ocena!$M$203,Ocena!$M$214,Ocena!$M$225,Ocena!$M$236,Ocena!$M$247,Ocena!$M$258,Ocena!$M$269,Ocena!$M$280,Ocena!$M$291,Ocena!$M$302,Ocena!$M$313,Ocena!$M$324,Ocena!$M$335,Ocena!$M$346,Ocena!$M$360,Ocena!$M$361,Ocena!$M$379,Ocena!$M$390,Ocena!$M$401,Ocena!$M$412)) -> 1.7105263 | O7: =IF(E7=0,"",MEDIAN(Ocena!$N$5,Ocena!$N$16,Ocena!$N$27,Ocena!$N$38,Ocena!$N$49,Ocena!$N$60,Ocena!$N$71,Ocena!$N$82,Ocena!$N$93,Ocena!$N$104,Ocena!$N$115,Ocena!$N$126,Ocena!$N$137,Ocena!$N$148,Ocena!$N$159,Ocena!$N$170,Ocena!$N$181,Ocena!$N$192,Ocena!$N$203,Ocena!$N$214,Ocena!$N$225,Ocena!$N$236,Ocena!$N$247,Ocena!$N$258,Ocena!$N$269,Ocena!$N$280,Ocena!$N$291,Ocena!$N$302,Ocena!$N$313,Ocena!$N$324,Ocena!$N$335,Ocena!$N$346,Ocena!$N$360,Ocena!$N$361,Ocena!$N$379,Ocena!$N$390,Ocena!$N$401,Ocena!$N$412)) -> 1 | P7: =IF(E7=0,"",AVERAGE(Ocena!$N$5,Ocena!$N$16,Ocena!$N$27,Ocena!$N$38,Ocena!$N$49,Ocena!$N$60,Ocena!$N$71,Ocena!$N$82,Ocena!$N$93,Ocena!$N$104,Ocena!$N$115,Ocena!$N$126,Ocena!$N$137,Ocena!$N$148,Ocena!$N$159,Ocena!$N$170,Ocena!$N$181,Ocena!$N$192,Ocena!$N$203,Ocena!$N$214,Ocena!$N$225,Ocena!$N$236,Ocena!$N$247,Ocena!$N$258,Ocena!$N$269,Ocena!$N$280,Ocena!$N$291,Ocena!$N$302,Ocena!$N$313,Ocena!$N$324,Ocena!$N$335,Ocena!$N$346,Ocena!$N$360,Ocena!$N$361,Ocena!$N$379,Ocena!$N$390,Ocena!$N$401,Ocena!$N$412)) -> 1.4736842 | Q7: =IF(E7=0,"",MIN(Ocena!$O$5,Ocena!$O$16,Ocena!$O$27,Ocena!$O$38,Ocena!$O$49,Ocena!$O$60,Ocena!$O$71,Ocena!$O$82,Ocena!$O$93,Ocena!$O$104,Ocena!$O$115,Ocena!$O$126,Ocena!$O$137,Ocena!$O$148,Ocena!$O$159,Ocena!$O$170,Ocena!$O$181,Ocena!$O$192,Ocena!$O$203,Ocena!$O$214,Ocena!$O$225,Ocena!$O$236,Ocena!$O$247,Ocena!$O$258,Ocena!$O$269,Ocena!$O$280,Ocena!$O$291,Ocena!$O$302,Ocena!$O$313,Ocena!$O$324,Ocena!$O$335,Ocena!$O$346,Ocena!$O$360,Ocena!$O$361,Ocena!$O$379,Ocena!$O$390,Ocena!$O$401,Ocena!$O$412)) -> 0 | R7: =IF(E7=0,"",MAX(Ocena!$O$5,Ocena!$O$16,Ocena!$O$27,Ocena!$O$38,Ocena!$O$49,Ocena!$O$60,Ocena!$O$71,Ocena!$O$82,Ocena!$O$93,Ocena!$O$104,Ocena!$O$115,Ocena!$O$126,Ocena!$O$137,Ocena!$O$148,Ocena!$O$159,Ocena!$O$170,Ocena!$O$181,Ocena!$O$192,Ocena!$O$203,Ocena!$O$214,Ocena!$O$225,Ocena!$O$236,Ocena!$O$247,Ocena!$O$258,Ocena!$O$269,Ocena!$O$280,Ocena!$O$291,Ocena!$O$302,Ocena!$O$313,Ocena!$O$324,Ocena!$O$335,Ocena!$O$346,Ocena!$O$360,Ocena!$O$361,Ocena!$O$379,Ocena!$O$390,Ocena!$O$401,Ocena!$O$412)) -> 10 | S7: =IF(AND(COUNT(Ocena!$K$5:$N$5)=4,COUNTIF(Ocena!$K$5:$N$5,0)=4),1,0)+IF(AND(COUNT(Ocena!$K$16:$N$16)=4,COUNTIF(Ocena!$K$16:$N$16,0)=4),1,0)+IF(AND(COUNT(Ocena!$K$27:$N$27)=4,COUNTIF(Ocena!$K$27:$N$27,0)=4),1,0)+IF(AND(COUNT(Ocena!$K$38:$N$38)=4,COUNTIF(Ocena!$K$38:$N$38,0)=4),1,0)+IF(AND(COUNT(Ocena!$K$49:$N$49)=4,COUNTIF(Ocena!$K$49:$N$49,0)=4),1,0)+IF(AND(COUNT(Ocena!$K$60:$N$60)=4,COUNTIF(Ocena!$K$60:$N$60,0)=4),1,0)+IF(AND(COUNT(Ocena!$K$71:$N$71)=4,COUNTIF(Ocena!$K$71:$N$71,0)=4),1,0)+IF(AND(COUNT(Ocena!$K$82:$N$82)=4,COUNTIF(Ocena!$K$82:$N$82,0)=4),1,0)+IF(AND(COUNT(Ocena!$K$93:$N$93)=4,COUNTIF(Ocena!$K$93:$N$93,0)=4),1,0)+IF(AND(COUNT(Ocena!$K$104:$N$104)=4,COUNTIF(Ocena!$K$104:$N$104,0)=4),1,0)+IF(AND(COUNT(Ocena!$K$115:$N$115)=4,COUNTIF(Ocena!$K$115:$N$115,0)=4),1,0)+IF(AND(COUNT(Ocena!$K$126:$N$126)=4,COUNTIF(Ocena!$K$126:$N$126,0)=4),1,0)+IF(AND(COUNT(Ocena!$K$137:$N$137)=4,COUNTIF(Ocena!$K$137:$N$137,0)=4),1,0)+IF(AND(COUNT(Ocena!$K$148:$N$148)=4,COUNTIF(Ocena!$K$148:$N$148,0)=4),1,0)+IF(AND(COUNT(Ocena!$K$159:$N$159)=4,COUNTIF(Ocena!$K$159:$N$159,0)=4),1,0)+IF(AND(COUNT(Ocena!$K$170:$N$170)=4,COUNTIF(Ocena!$K$170:$N$170,0)=4),1,0)+IF(AND(COUNT(Ocena!$K$181:$N$181)=4,COUNTIF(Ocena!$K$181:$N$181,0)=4),1,0)+IF(AND(COUNT(Ocena!$K$192:$N$192)=4,COUNTIF(Ocena!$K$192:$N$192,0)=4),1,0)+IF(AND(COUNT(Ocena!$K$203:$N$203)=4,COUNTIF(Ocena!$K$203:$N$203,0)=4),1,0)+IF(AND(COUNT(Ocena!$K$214:$N$214)=4,COUNTIF(Ocena!$K$214:$N$214,0)=4),1,0)+IF(AND(COUNT(Ocena!$K$225:$N$225)=4,COUNTIF(Ocena!$K$225:$N$225,0)=4),1,0)+IF(AND(COUNT(Ocena!$K$236:$N$236)=4,COUNTIF(Ocena!$K$236:$N$236,0)=4),1,0)+IF(AND(COUNT(Ocena!$K$247:$N$247)=4,COUNTIF(Ocena!$K$247:$N$247,0)=4),1,0)+IF(AND(COUNT(Ocena!$K$258:$N$258)=4,COUNTIF(Ocena!$K$258:$N$258,0)=4),1,0)+IF(AND(COUNT(Ocena!$K$269:$N$269)=4,COUNTIF(Ocena!$K$269:$N$269,0)=4),1,0)+IF(AND(COUNT(Ocena!$K$280:$N$280)=4,COUNTIF(Ocena!$K$280:$N$280,0)=4),1,0)+IF(AND(COUNT(Ocena!$K$291:$N$291)=4,COUNTIF(Ocena!$K$291:$N$291,0)=4),1,0)+IF(AND(COUNT(Ocena!$K$302:$N$302)=4,COUNTIF(Ocena!$K$302:$N$302,0)=4),1,0)+IF(AND(COUNT(Ocena!$K$313:$N$313)=4,COUNTIF(Ocena!$K$313:$N$313,0)=4),1,0)+IF(AND(COUNT(Ocena!$K$324:$N$324)=4,COUNTIF(Ocena!$K$324:$N$324,0)=4),1,0)+IF(AND(COUNT(Ocena!$K$335:$N$335)=4,COUNTIF(Ocena!$K$335:$N$335,0)=4),1,0)+IF(AND(COUNT(Ocena!$K$346:$N$346)=4,COUNTIF(Ocena!$K$346:$N$346,0)=4),1,0)+IF(AND(COUNT(Ocena!$K$360:$N$360)=4,COUNTIF(Ocena!$K$360:$N$360,0)=4),1,0)+IF(AND(COUNT(Ocena!$K$361:$N$361)=4,COUNTIF(Ocena!$K$361:$N$361,0)=4),1,0)+IF(AND(COUNT(Ocena!$K$379:$N$379)=4,COUNTIF(Ocena!$K$379:$N$379,0)=4),1,0)+IF(AND(COUNT(Ocena!$K$390:$N$390)=4,COUNTIF(Ocena!$K$390:$N$390,0)=4),1,0)+IF(AND(COUNT(Ocena!$K$401:$N$401)=4,COUNTIF(Ocena!$K$401:$N$401,0)=4),1,0)+IF(AND(COUNT(Ocena!$K$412:$N$412)=4,COUNTIF(Ocena!$K$412:$N$412,0)=4),1,0) -> 1 | T7: =IFERROR(S7/D7,0) -> 0.026315789
A8: MASt3R | B8: 4 | C8: 4 | D8: 38 | E8: =COUNT(Ocena!$O$8,Ocena!$O$19,Ocena!$O$30,Ocena!$O$41,Ocena!$O$52,Ocena!$O$63,Ocena!$O$74,Ocena!$O$85,Ocena!$O$96,Ocena!$O$107,Ocena!$O$118,Ocena!$O$129,Ocena!$O$140,Ocena!$O$151,Ocena!$O$162,Ocena!$O$173,Ocena!$O$184,Ocena!$O$195,Ocena!$O$206,Ocena!$O$217,Ocena!$O$228,Ocena!$O$239,Ocena!$O$250,Ocena!$O$261,Ocena!$O$272,Ocena!$O$283,Ocena!$O$294,Ocena!$O$305,Ocena!$O$316,Ocena!$O$327,Ocena!$O$338,Ocena!$O$349,Ocena!$O$366,Ocena!$O$367,Ocena!$O$382,Ocena!$O$393,Ocena!$O$404,Ocena!$O$415) -> 38 | F8: =IFERROR(E8/D8,0) -> 1 | G8: =IF(E8=0,"",MEDIAN(Ocena!$O$8,Ocena!$O$19,Ocena!$O$30,Ocena!$O$41,Ocena!$O$52,Ocena!$O$63,Ocena!$O$74,Ocena!$O$85,Ocena!$O$96,Ocena!$O$107,Ocena!$O$118,Ocena!$O$129,Ocena!$O$140,Ocena!$O$151,Ocena!$O$162,Ocena!$O$173,Ocena!$O$184,Ocena!$O$195,Ocena!$O$206,Ocena!$O$217,Ocena!$O$228,Ocena!$O$239,Ocena!$O$250,Ocena!$O$261,Ocena!$O$272,Ocena!$O$283,Ocena!$O$294,Ocena!$O$305,Ocena!$O$316,Ocena!$O$327,Ocena!$O$338,Ocena!$O$349,Ocena!$O$366,Ocena!$O$367,Ocena!$O$382,Ocena!$O$393,Ocena!$O$404,Ocena!$O$415)) -> 6 | H8: =IF(E8=0,"",AVERAGE(Ocena!$O$8,Ocena!$O$19,Ocena!$O$30,Ocena!$O$41,Ocena!$O$52,Ocena!$O$63,Ocena!$O$74,Ocena!$O$85,Ocena!$O$96,Ocena!$O$107,Ocena!$O$118,Ocena!$O$129,Ocena!$O$140,Ocena!$O$151,Ocena!$O$162,Ocena!$O$173,Ocena!$O$184,Ocena!$O$195,Ocena!$O$206,Ocena!$O$217,Ocena!$O$228,Ocena!$O$239,Ocena!$O$250,Ocena!$O$261,Ocena!$O$272,Ocena!$O$283,Ocena!$O$294,Ocena!$O$305,Ocena!$O$316,Ocena!$O$327,Ocena!$O$338,Ocena!$O$349,Ocena!$O$366,Ocena!$O$367,Ocena!$O$382,Ocena!$O$393,Ocena!$O$404,Ocena!$O$415)) -> 6.0789474 | I8: =IF(E8=0,"",MEDIAN(Ocena!$K$8,Ocena!$K$19,Ocena!$K$30,Ocena!$K$41,Ocena!$K$52,Ocena!$K$63,Ocena!$K$74,Ocena!$K$85,Ocena!$K$96,Ocena!$K$107,Ocena!$K$118,Ocena!$K$129,Ocena!$K$140,Ocena!$K$151,Ocena!$K$162,Ocena!$K$173,Ocena!$K$184,Ocena!$K$195,Ocena!$K$206,Ocena!$K$217,Ocena!$K$228,Ocena!$K$239,Ocena!$K$250,Ocena!$K$261,Ocena!$K$272,Ocena!$K$283,Ocena!$K$294,Ocena!$K$305,Ocena!$K$316,Ocena!$K$327,Ocena!$K$338,Ocena!$K$349,Ocena!$K$366,Ocena!$K$367,Ocena!$K$382,Ocena!$K$393,Ocena!$K$404,Ocena!$K$415)) -> 2 | J8: =IF(E8=0,"",AVERAGE(Ocena!$K$8,Ocena!$K$19,Ocena!$K$30,Ocena!$K$41,Ocena!$K$52,Ocena!$K$63,Ocena!$K$74,Ocena!$K$85,Ocena!$K$96,Ocena!$K$107,Ocena!$K$118,Ocena!$K$129,Ocena!$K$140,Ocena!$K$151,Ocena!$K$162,Ocena!$K$173,Ocena!$K$184,Ocena!$K$195,Ocena!$K$206,Ocena!$K$217,Ocena!$K$228,Ocena!$K$239,Ocena!$K$250,Ocena!$K$261,Ocena!$K$272,Ocena!$K$283,Ocena!$K$294,Ocena!$K$305,Ocena!$K$316,Ocena!$K$327,Ocena!$K$338,Ocena!$K$349,Ocena!$K$366,Ocena!$K$367,Ocena!$K$382,Ocena!$K$393,Ocena!$K$404,Ocena!$K$415)) -> 1.5263158 | K8: =IF(E8=0,"",MEDIAN(Ocena!$L$8,Ocena!$L$19,Ocena!$L$30,Ocena!$L$41,Ocena!$L$52,Ocena!$L$63,Ocena!$L$74,Ocena!$L$85,Ocena!$L$96,Ocena!$L$107,Ocena!$L$118,Ocena!$L$129,Ocena!$L$140,Ocena!$L$151,Ocena!$L$162,Ocena!$L$173,Ocena!$L$184,Ocena!$L$195,Ocena!$L$206,Ocena!$L$217,Ocena!$L$228,Ocena!$L$239,Ocena!$L$250,Ocena!$L$261,Ocena!$L$272,Ocena!$L$283,Ocena!$L$294,Ocena!$L$305,Ocena!$L$316,Ocena!$L$327,Ocena!$L$338,Ocena!$L$349,Ocena!$L$366,Ocena!$L$367,Ocena!$L$382,Ocena!$L$393,Ocena!$L$404,Ocena!$L$415)) -> 1 | L8: =IF(E8=0,"",AVERAGE(Ocena!$L$8,Ocena!$L$19,Ocena!$L$30,Ocena!$L$41,Ocena!$L$52,Ocena!$L$63,Ocena!$L$74,Ocena!$L$85,Ocena!$L$96,Ocena!$L$107,Ocena!$L$118,Ocena!$L$129,Ocena!$L$140,Ocena!$L$151,Ocena!$L$162,Ocena!$L$173,Ocena!$L$184,Ocena!$L$195,Ocena!$L$206,Ocena!$L$217,Ocena!$L$228,Ocena!$L$239,Ocena!$L$250,Ocena!$L$261,Ocena!$L$272,Ocena!$L$283,Ocena!$L$294,Ocena!$L$305,Ocena!$L$316,Ocena!$L$327,Ocena!$L$338,Ocena!$L$349,Ocena!$L$366,Ocena!$L$367,Ocena!$L$382,Ocena!$L$393,Ocena!$L$404,Ocena!$L$415)) -> 1.4210526 | M8: =IF(E8=0,"",MEDIAN(Ocena!$M$8,Ocena!$M$19,Ocena!$M$30,Ocena!$M$41,Ocena!$M$52,Ocena!$M$63,Ocena!$M$74,Ocena!$M$85,Ocena!$M$96,Ocena!$M$107,Ocena!$M$118,Ocena!$M$129,Ocena!$M$140,Ocena!$M$151,Ocena!$M$162,Ocena!$M$173,Ocena!$M$184,Ocena!$M$195,Ocena!$M$206,Ocena!$M$217,Ocena!$M$228,Ocena!$M$239,Ocena!$M$250,Ocena!$M$261,Ocena!$M$272,Ocena!$M$283,Ocena!$M$294,Ocena!$M$305,Ocena!$M$316,Ocena!$M$327,Ocena!$M$338,Ocena!$M$349,Ocena!$M$366,Ocena!$M$367,Ocena!$M$382,Ocena!$M$393,Ocena!$M$404,Ocena!$M$415)) -> 2 | N8: =IF(E8=0,"",AVERAGE(Ocena!$M$8,Ocena!$M$19,Ocena!$M$30,Ocena!$M$41,Ocena!$M$52,Ocena!$M$63,Ocena!$M$74,Ocena!$M$85,Ocena!$M$96,Ocena!$M$107,Ocena!$M$118,Ocena!$M$129,Ocena!$M$140,Ocena!$M$151,Ocena!$M$162,Ocena!$M$173,Ocena!$M$184,Ocena!$M$195,Ocena!$M$206,Ocena!$M$217,Ocena!$M$228,Ocena!$M$239,Ocena!$M$250,Ocena!$M$261,Ocena!$M$272,Ocena!$M$283,Ocena!$M$294,Ocena!$M$305,Ocena!$M$316,Ocena!$M$327,Ocena!$M$338,Ocena!$M$349,Ocena!$M$366,Ocena!$M$367,Ocena!$M$382,Ocena!$M$393,Ocena!$M$404,Ocena!$M$415)) -> 1.5263158 | O8: =IF(E8=0,"",MEDIAN(Ocena!$N$8,Ocena!$N$19,Ocena!$N$30,Ocena!$N$41,Ocena!$N$52,Ocena!$N$63,Ocena!$N$74,Ocena!$N$85,Ocena!$N$96,Ocena!$N$107,Ocena!$N$118,Ocena!$N$129,Ocena!$N$140,Ocena!$N$151,Ocena!$N$162,Ocena!$N$173,Ocena!$N$184,Ocena!$N$195,Ocena!$N$206,Ocena!$N$217,Ocena!$N$228,Ocena!$N$239,Ocena!$N$250,Ocena!$N$261,Ocena!$N$272,Ocena!$N$283,Ocena!$N$294,Ocena!$N$305,Ocena!$N$316,Ocena!$N$327,Ocena!$N$338,Ocena!$N$349,Ocena!$N$366,Ocena!$N$367,Ocena!$N$382,Ocena!$N$393,Ocena!$N$404,Ocena!$N$415)) -> 2 | P8: =IF(E8=0,"",AVERAGE(Ocena!$N$8,Ocena!$N$19,Ocena!$N$30,Ocena!$N$41,Ocena!$N$52,Ocena!$N$63,Ocena!$N$74,Ocena!$N$85,Ocena!$N$96,Ocena!$N$107,Ocena!$N$118,Ocena!$N$129,Ocena!$N$140,Ocena!$N$151,Ocena!$N$162,Ocena!$N$173,Ocena!$N$184,Ocena!$N$195,Ocena!$N$206,Ocena!$N$217,Ocena!$N$228,Ocena!$N$239,Ocena!$N$250,Ocena!$N$261,Ocena!$N$272,Ocena!$N$283,Ocena!$N$294,Ocena!$N$305,Ocena!$N$316,Ocena!$N$327,Ocena!$N$338,Ocena!$N$349,Ocena!$N$366,Ocena!$N$367,Ocena!$N$382,Ocena!$N$393,Ocena!$N$404,Ocena!$N$415)) -> 1.6052632 | Q8: =IF(E8=0,"",MIN(Ocena!$O$8,Ocena!$O$19,Ocena!$O$30,Ocena!$O$41,Ocena!$O$52,Ocena!$O$63,Ocena!$O$74,Ocena!$O$85,Ocena!$O$96,Ocena!$O$107,Ocena!$O$118,Ocena!$O$129,Ocena!$O$140,Ocena!$O$151,Ocena!$O$162,Ocena!$O$173,Ocena!$O$184,Ocena!$O$195,Ocena!$O$206,Ocena!$O$217,Ocena!$O$228,Ocena!$O$239,Ocena!$O$250,Ocena!$O$261,Ocena!$O$272,Ocena!$O$283,Ocena!$O$294,Ocena!$O$305,Ocena!$O$316,Ocena!$O$327,Ocena!$O$338,Ocena!$O$349,Ocena!$O$366,Ocena!$O$367,Ocena!$O$382,Ocena!$O$393,Ocena!$O$404,Ocena!$O$415)) -> 0 | R8: =IF(E8=0,"",MAX(Ocena!$O$8,Ocena!$O$19,Ocena!$O$30,Ocena!$O$41,Ocena!$O$52,Ocena!$O$63,Ocena!$O$74,Ocena!$O$85,Ocena!$O$96,Ocena!$O$107,Ocena!$O$118,Ocena!$O$129,Ocena!$O$140,Ocena!$O$151,Ocena!$O$162,Ocena!$O$173,Ocena!$O$184,Ocena!$O$195,Ocena!$O$206,Ocena!$O$217,Ocena!$O$228,Ocena!$O$239,Ocena!$O$250,Ocena!$O$261,Ocena!$O$272,Ocena!$O$283,Ocena!$O$294,Ocena!$O$305,Ocena!$O$316,Ocena!$O$327,Ocena!$O$338,Ocena!$O$349,Ocena!$O$366,Ocena!$O$367,Ocena!$O$382,Ocena!$O$393,Ocena!$O$404,Ocena!$O$415)) -> 9 | S8: =IF(AND(COUNT(Ocena!$K$8:$N$8)=4,COUNTIF(Ocena!$K$8:$N$8,0)=4),1,0)+IF(AND(COUNT(Ocena!$K$19:$N$19)=4,COUNTIF(Ocena!$K$19:$N$19,0)=4),1,0)+IF(AND(COUNT(Ocena!$K$30:$N$30)=4,COUNTIF(Ocena!$K$30:$N$30,0)=4),1,0)+IF(AND(COUNT(Ocena!$K$41:$N$41)=4,COUNTIF(Ocena!$K$41:$N$41,0)=4),1,0)+IF(AND(COUNT(Ocena!$K$52:$N$52)=4,COUNTIF(Ocena!$K$52:$N$52,0)=4),1,0)+IF(AND(COUNT(Ocena!$K$63:$N$63)=4,COUNTIF(Ocena!$K$63:$N$63,0)=4),1,0)+IF(AND(COUNT(Ocena!$K$74:$N$74)=4,COUNTIF(Ocena!$K$74:$N$74,0)=4),1,0)+IF(AND(COUNT(Ocena!$K$85:$N$85)=4,COUNTIF(Ocena!$K$85:$N$85,0)=4),1,0)+IF(AND(COUNT(Ocena!$K$96:$N$96)=4,COUNTIF(Ocena!$K$96:$N$96,0)=4),1,0)+IF(AND(COUNT(Ocena!$K$107:$N$107)=4,COUNTIF(Ocena!$K$107:$N$107,0)=4),1,0)+IF(AND(COUNT(Ocena!$K$118:$N$118)=4,COUNTIF(Ocena!$K$118:$N$118,0)=4),1,0)+IF(AND(COUNT(Ocena!$K$129:$N$129)=4,COUNTIF(Ocena!$K$129:$N$129,0)=4),1,0)+IF(AND(COUNT(Ocena!$K$140:$N$140)=4,COUNTIF(Ocena!$K$140:$N$140,0)=4),1,0)+IF(AND(COUNT(Ocena!$K$151:$N$151)=4,COUNTIF(Ocena!$K$151:$N$151,0)=4),1,0)+IF(AND(COUNT(Ocena!$K$162:$N$162)=4,COUNTIF(Ocena!$K$162:$N$162,0)=4),1,0)+IF(AND(COUNT(Ocena!$K$173:$N$173)=4,COUNTIF(Ocena!$K$173:$N$173,0)=4),1,0)+IF(AND(COUNT(Ocena!$K$184:$N$184)=4,COUNTIF(Ocena!$K$184:$N$184,0)=4),1,0)+IF(AND(COUNT(Ocena!$K$195:$N$195)=4,COUNTIF(Ocena!$K$195:$N$195,0)=4),1,0)+IF(AND(COUNT(Ocena!$K$206:$N$206)=4,COUNTIF(Ocena!$K$206:$N$206,0)=4),1,0)+IF(AND(COUNT(Ocena!$K$217:$N$217)=4,COUNTIF(Ocena!$K$217:$N$217,0)=4),1,0)+IF(AND(COUNT(Ocena!$K$228:$N$228)=4,COUNTIF(Ocena!$K$228:$N$228,0)=4),1,0)+IF(AND(COUNT(Ocena!$K$239:$N$239)=4,COUNTIF(Ocena!$K$239:$N$239,0)=4),1,0)+IF(AND(COUNT(Ocena!$K$250:$N$250)=4,COUNTIF(Ocena!$K$250:$N$250,0)=4),1,0)+IF(AND(COUNT(Ocena!$K$261:$N$261)=4,COUNTIF(Ocena!$K$261:$N$261,0)=4),1,0)+IF(AND(COUNT(Ocena!$K$272:$N$272)=4,COUNTIF(Ocena!$K$272:$N$272,0)=4),1,0)+IF(AND(COUNT(Ocena!$K$283:$N$283)=4,COUNTIF(Ocena!$K$283:$N$283,0)=4),1,0)+IF(AND(COUNT(Ocena!$K$294:$N$294)=4,COUNTIF(Ocena!$K$294:$N$294,0)=4),1,0)+IF(AND(COUNT(Ocena!$K$305:$N$305)=4,COUNTIF(Ocena!$K$305:$N$305,0)=4),1,0)+IF(AND(COUNT(Ocena!$K$316:$N$316)=4,COUNTIF(Ocena!$K$316:$N$316,0)=4),1,0)+IF(AND(COUNT(Ocena!$K$327:$N$327)=4,COUNTIF(Ocena!$K$327:$N$327,0)=4),1,0)+IF(AND(COUNT(Ocena!$K$338:$N$338)=4,COUNTIF(Ocena!$K$338:$N$338,0)=4),1,0)+IF(AND(COUNT(Ocena!$K$349:$N$349)=4,COUNTIF(Ocena!$K$349:$N$349,0)=4),1,0)+IF(AND(COUNT(Ocena!$K$366:$N$366)=4,COUNTIF(Ocena!$K$366:$N$366,0)=4),1,0)+IF(AND(COUNT(Ocena!$K$367:$N$367)=4,COUNTIF(Ocena!$K$367:$N$367,0)=4),1,0)+IF(AND(COUNT(Ocena!$K$382:$N$382)=4,COUNTIF(Ocena!$K$382:$N$382,0)=4),1,0)+IF(AND(COUNT(Ocena!$K$393:$N$393)=4,COUNTIF(Ocena!$K$393:$N$393,0)=4),1,0)+IF(AND(COUNT(Ocena!$K$404:$N$404)=4,COUNTIF(Ocena!$K$404:$N$404,0)=4),1,0)+IF(AND(COUNT(Ocena!$K$415:$N$415)=4,COUNTIF(Ocena!$K$415:$N$415,0)=4),1,0) -> 1 | T8: =IFERROR(S8/D8,0) -> 0.026315789
A9: MASt3R | B9: 8 | C9: 8 | D9: 38 | E9: =COUNT(Ocena!$O$11,Ocena!$O$22,Ocena!$O$33,Ocena!$O$44,Ocena!$O$55,Ocena!$O$66,Ocena!$O$77,Ocena!$O$88,Ocena!$O$99,Ocena!$O$110,Ocena!$O$121,Ocena!$O$132,Ocena!$O$143,Ocena!$O$154,Ocena!$O$165,Ocena!$O$176,Ocena!$O$187,Ocena!$O$198,Ocena!$O$209,Ocena!$O$220,Ocena!$O$231,Ocena!$O$242,Ocena!$O$253,Ocena!$O$264,Ocena!$O$275,Ocena!$O$286,Ocena!$O$297,Ocena!$O$308,Ocena!$O$319,Ocena!$O$330,Ocena!$O$341,Ocena!$O$352,Ocena!$O$372,Ocena!$O$373,Ocena!$O$385,Ocena!$O$396,Ocena!$O$407,Ocena!$O$418) -> 38 | F9: =IFERROR(E9/D9,0) -> 1 | G9: =IF(E9=0,"",MEDIAN(Ocena!$O$11,Ocena!$O$22,Ocena!$O$33,Ocena!$O$44,Ocena!$O$55,Ocena!$O$66,Ocena!$O$77,Ocena!$O$88,Ocena!$O$99,Ocena!$O$110,Ocena!$O$121,Ocena!$O$132,Ocena!$O$143,Ocena!$O$154,Ocena!$O$165,Ocena!$O$176,Ocena!$O$187,Ocena!$O$198,Ocena!$O$209,Ocena!$O$220,Ocena!$O$231,Ocena!$O$242,Ocena!$O$253,Ocena!$O$264,Ocena!$O$275,Ocena!$O$286,Ocena!$O$297,Ocena!$O$308,Ocena!$O$319,Ocena!$O$330,Ocena!$O$341,Ocena!$O$352,Ocena!$O$372,Ocena!$O$373,Ocena!$O$385,Ocena!$O$396,Ocena!$O$407,Ocena!$O$418)) -> 6 | H9: =IF(E9=0,"",AVERAGE(Ocena!$O$11,Ocena!$O$22,Ocena!$O$33,Ocena!$O$44,Ocena!$O$55,Ocena!$O$66,Ocena!$O$77,Ocena!$O$88,Ocena!$O$99,Ocena!$O$110,Ocena!$O$121,Ocena!$O$132,Ocena!$O$143,Ocena!$O$154,Ocena!$O$165,Ocena!$O$176,Ocena!$O$187,Ocena!$O$198,Ocena!$O$209,Ocena!$O$220,Ocena!$O$231,Ocena!$O$242,Ocena!$O$253,Ocena!$O$264,Ocena!$O$275,Ocena!$O$286,Ocena!$O$297,Ocena!$O$308,Ocena!$O$319,Ocena!$O$330,Ocena!$O$341,Ocena!$O$352,Ocena!$O$372,Ocena!$O$373,Ocena!$O$385,Ocena!$O$396,Ocena!$O$407,Ocena!$O$418)) -> 6 | I9: =IF(E9=0,"",MEDIAN(Ocena!$K$11,Ocena!$K$22,Ocena!$K$33,Ocena!$K$44,Ocena!$K$55,Ocena!$K$66,Ocena!$K$77,Ocena!$K$88,Ocena!$K$99,Ocena!$K$110,Ocena!$K$121,Ocena!$K$132,Ocena!$K$143,Ocena!$K$154,Ocena!$K$165,Ocena!$K$176,Ocena!$K$187,Ocena!$K$198,Ocena!$K$209,Ocena!$K$220,Ocena!$K$231,Ocena!$K$242,Ocena!$K$253,Ocena!$K$264,Ocena!$K$275,Ocena!$K$286,Ocena!$K$297,Ocena!$K$308,Ocena!$K$319,Ocena!$K$330,Ocena!$K$341,Ocena!$K$352,Ocena!$K$372,Ocena!$K$373,Ocena!$K$385,Ocena!$K$396,Ocena!$K$407,Ocena!$K$418)) -> 2 | J9: =IF(E9=0,"",AVERAGE(Ocena!$K$11,Ocena!$K$22,Ocena!$K$33,Ocena!$K$44,Ocena!$K$55,Ocena!$K$66,Ocena!$K$77,Ocena!$K$88,Ocena!$K$99,Ocena!$K$110,Ocena!$K$121,Ocena!$K$132,Ocena!$K$143,Ocena!$K$154,Ocena!$K$165,Ocena!$K$176,Ocena!$K$187,Ocena!$K$198,Ocena!$K$209,Ocena!$K$220,Ocena!$K$231,Ocena!$K$242,Ocena!$K$253,Ocena!$K$264,Ocena!$K$275,Ocena!$K$286,Ocena!$K$297,Ocena!$K$308,Ocena!$K$319,Ocena!$K$330,Ocena!$K$341,Ocena!$K$352,Ocena!$K$372,Ocena!$K$373,Ocena!$K$385,Ocena!$K$396,Ocena!$K$407,Ocena!$K$418)) -> 1.6052632 | K9: =IF(E9=0,"",MEDIAN(Ocena!$L$11,Ocena!$L$22,Ocena!$L$33,Ocena!$L$44,Ocena!$L$55,Ocena!$L$66,Ocena!$L$77,Ocena!$L$88,Ocena!$L$99,Ocena!$L$110,Ocena!$L$121,Ocena!$L$132,Ocena!$L$143,Ocena!$L$154,Ocena!$L$165,Ocena!$L$176,Ocena!$L$187,Ocena!$L$198,Ocena!$L$209,Ocena!$L$220,Ocena!$L$231,Ocena!$L$242,Ocena!$L$253,Ocena!$L$264,Ocena!$L$275,Ocena!$L$286,Ocena!$L$297,Ocena!$L$308,Ocena!$L$319,Ocena!$L$330,Ocena!$L$341,Ocena!$L$352,Ocena!$L$372,Ocena!$L$373,Ocena!$L$385,Ocena!$L$396,Ocena!$L$407,Ocena!$L$418)) -> 1 | L9: =IF(E9=0,"",AVERAGE(Ocena!$L$11,Ocena!$L$22,Ocena!$L$33,Ocena!$L$44,Ocena!$L$55,Ocena!$L$66,Ocena!$L$77,Ocena!$L$88,Ocena!$L$99,Ocena!$L$110,Ocena!$L$121,Ocena!$L$132,Ocena!$L$143,Ocena!$L$154,Ocena!$L$165,Ocena!$L$176,Ocena!$L$187,Ocena!$L$198,Ocena!$L$209,Ocena!$L$220,Ocena!$L$231,Ocena!$L$242,Ocena!$L$253,Ocena!$L$264,Ocena!$L$275,Ocena!$L$286,Ocena!$L$297,Ocena!$L$308,Ocena!$L$319,Ocena!$L$330,Ocena!$L$341,Ocena!$L$352,Ocena!$L$372,Ocena!$L$373,Ocena!$L$385,Ocena!$L$396,Ocena!$L$407,Ocena!$L$418)) -> 1.3947368 | M9: =IF(E9=0,"",MEDIAN(Ocena!$M$11,Ocena!$M$22,Ocena!$M$33,Ocena!$M$44,Ocena!$M$55,Ocena!$M$66,Ocena!$M$77,Ocena!$M$88,Ocena!$M$99,Ocena!$M$110,Ocena!$M$121,Ocena!$M$132,Ocena!$M$143,Ocena!$M$154,Ocena!$M$165,Ocena!$M$176,Ocena!$M$187,Ocena!$M$198,Ocena!$M$209,Ocena!$M$220,Ocena!$M$231,Ocena!$M$242,Ocena!$M$253,Ocena!$M$264,Ocena!$M$275,Ocena!$M$286,Ocena!$M$297,Ocena!$M$308,Ocena!$M$319,Ocena!$M$330,Ocena!$M$341,Ocena!$M$352,Ocena!$M$372,Ocena!$M$373,Ocena!$M$385,Ocena!$M$396,Ocena!$M$407,Ocena!$M$418)) -> 1 | N9: =IF(E9=0,"",AVERAGE(Ocena!$M$11,Ocena!$M$22,Ocena!$M$33,Ocena!$M$44,Ocena!$M$55,Ocena!$M$66,Ocena!$M$77,Ocena!$M$88,Ocena!$M$99,Ocena!$M$110,Ocena!$M$121,Ocena!$M$132,Ocena!$M$143,Ocena!$M$154,Ocena!$M$165,Ocena!$M$176,Ocena!$M$187,Ocena!$M$198,Ocena!$M$209,Ocena!$M$220,Ocena!$M$231,Ocena!$M$242,Ocena!$M$253,Ocena!$M$264,Ocena!$M$275,Ocena!$M$286,Ocena!$M$297,Ocena!$M$308,Ocena!$M$319,Ocena!$M$330,Ocena!$M$341,Ocena!$M$352,Ocena!$M$372,Ocena!$M$373,Ocena!$M$385,Ocena!$M$396,Ocena!$M$407,Ocena!$M$418)) -> 1.3684211 | O9: =IF(E9=0,"",MEDIAN(Ocena!$N$11,Ocena!$N$22,Ocena!$N$33,Ocena!$N$44,Ocena!$N$55,Ocena!$N$66,Ocena!$N$77,Ocena!$N$88,Ocena!$N$99,Ocena!$N$110,Ocena!$N$121,Ocena!$N$132,Ocena!$N$143,Ocena!$N$154,Ocena!$N$165,Ocena!$N$176,Ocena!$N$187,Ocena!$N$198,Ocena!$N$209,Ocena!$N$220,Ocena!$N$231,Ocena!$N$242,Ocena!$N$253,Ocena!$N$264,Ocena!$N$275,Ocena!$N$286,Ocena!$N$297,Ocena!$N$308,Ocena!$N$319,Ocena!$N$330,Ocena!$N$341,Ocena!$N$352,Ocena!$N$372,Ocena!$N$373,Ocena!$N$385,Ocena!$N$396,Ocena!$N$407,Ocena!$N$418)) -> 2 | P9: =IF(E9=0,"",AVERAGE(Ocena!$N$11,Ocena!$N$22,Ocena!$N$33,Ocena!$N$44,Ocena!$N$55,Ocena!$N$66,Ocena!$N$77,Ocena!$N$88,Ocena!$N$99,Ocena!$N$110,Ocena!$N$121,Ocena!$N$132,Ocena!$N$143,Ocena!$N$154,Ocena!$N$165,Ocena!$N$176,Ocena!$N$187,Ocena!$N$198,Ocena!$N$209,Ocena!$N$220,Ocena!$N$231,Ocena!$N$242,Ocena!$N$253,Ocena!$N$264,Ocena!$N$275,Ocena!$N$286,Ocena!$N$297,Ocena!$N$308,Ocena!$N$319,Ocena!$N$330,Ocena!$N$341,Ocena!$N$352,Ocena!$N$372,Ocena!$N$373,Ocena!$N$385,Ocena!$N$396,Ocena!$N$407,Ocena!$N$418)) -> 1.6315789 | Q9: =IF(E9=0,"",MIN(Ocena!$O$11,Ocena!$O$22,Ocena!$O$33,Ocena!$O$44,Ocena!$O$55,Ocena!$O$66,Ocena!$O$77,Ocena!$O$88,Ocena!$O$99,Ocena!$O$110,Ocena!$O$121,Ocena!$O$132,Ocena!$O$143,Ocena!$O$154,Ocena!$O$165,Ocena!$O$176,Ocena!$O$187,Ocena!$O$198,Ocena!$O$209,Ocena!$O$220,Ocena!$O$231,Ocena!$O$242,Ocena!$O$253,Ocena!$O$264,Ocena!$O$275,Ocena!$O$286,Ocena!$O$297,Ocena!$O$308,Ocena!$O$319,Ocena!$O$330,Ocena!$O$341,Ocena!$O$352,Ocena!$O$372,Ocena!$O$373,Ocena!$O$385,Ocena!$O$396,Ocena!$O$407,Ocena!$O$418)) -> 0 | R9: =IF(E9=0,"",MAX(Ocena!$O$11,Ocena!$O$22,Ocena!$O$33,Ocena!$O$44,Ocena!$O$55,Ocena!$O$66,Ocena!$O$77,Ocena!$O$88,Ocena!$O$99,Ocena!$O$110,Ocena!$O$121,Ocena!$O$132,Ocena!$O$143,Ocena!$O$154,Ocena!$O$165,Ocena!$O$176,Ocena!$O$187,Ocena!$O$198,Ocena!$O$209,Ocena!$O$220,Ocena!$O$231,Ocena!$O$242,Ocena!$O$253,Ocena!$O$264,Ocena!$O$275,Ocena!$O$286,Ocena!$O$297,Ocena!$O$308,Ocena!$O$319,Ocena!$O$330,Ocena!$O$341,Ocena!$O$352,Ocena!$O$372,Ocena!$O$373,Ocena!$O$385,Ocena!$O$396,Ocena!$O$407,Ocena!$O$418)) -> 9 | S9: =IF(AND(COUNT(Ocena!$K$11:$N$11)=4,COUNTIF(Ocena!$K$11:$N$11,0)=4),1,0)+IF(AND(COUNT(Ocena!$K$22:$N$22)=4,COUNTIF(Ocena!$K$22:$N$22,0)=4),1,0)+IF(AND(COUNT(Ocena!$K$33:$N$33)=4,COUNTIF(Ocena!$K$33:$N$33,0)=4),1,0)+IF(AND(COUNT(Ocena!$K$44:$N$44)=4,COUNTIF(Ocena!$K$44:$N$44,0)=4),1,0)+IF(AND(COUNT(Ocena!$K$55:$N$55)=4,COUNTIF(Ocena!$K$55:$N$55,0)=4),1,0)+IF(AND(COUNT(Ocena!$K$66:$N$66)=4,COUNTIF(Ocena!$K$66:$N$66,0)=4),1,0)+IF(AND(COUNT(Ocena!$K$77:$N$77)=4,COUNTIF(Ocena!$K$77:$N$77,0)=4),1,0)+IF(AND(COUNT(Ocena!$K$88:$N$88)=4,COUNTIF(Ocena!$K$88:$N$88,0)=4),1,0)+IF(AND(COUNT(Ocena!$K$99:$N$99)=4,COUNTIF(Ocena!$K$99:$N$99,0)=4),1,0)+IF(AND(COUNT(Ocena!$K$110:$N$110)=4,COUNTIF(Ocena!$K$110:$N$110,0)=4),1,0)+IF(AND(COUNT(Ocena!$K$121:$N$121)=4,COUNTIF(Ocena!$K$121:$N$121,0)=4),1,0)+IF(AND(COUNT(Ocena!$K$132:$N$132)=4,COUNTIF(Ocena!$K$132:$N$132,0)=4),1,0)+IF(AND(COUNT(Ocena!$K$143:$N$143)=4,COUNTIF(Ocena!$K$143:$N$143,0)=4),1,0)+IF(AND(COUNT(Ocena!$K$154:$N$154)=4,COUNTIF(Ocena!$K$154:$N$154,0)=4),1,0)+IF(AND(COUNT(Ocena!$K$165:$N$165)=4,COUNTIF(Ocena!$K$165:$N$165,0)=4),1,0)+IF(AND(COUNT(Ocena!$K$176:$N$176)=4,COUNTIF(Ocena!$K$176:$N$176,0)=4),1,0)+IF(AND(COUNT(Ocena!$K$187:$N$187)=4,COUNTIF(Ocena!$K$187:$N$187,0)=4),1,0)+IF(AND(COUNT(Ocena!$K$198:$N$198)=4,COUNTIF(Ocena!$K$198:$N$198,0)=4),1,0)+IF(AND(COUNT(Ocena!$K$209:$N$209)=4,COUNTIF(Ocena!$K$209:$N$209,0)=4),1,0)+IF(AND(COUNT(Ocena!$K$220:$N$220)=4,COUNTIF(Ocena!$K$220:$N$220,0)=4),1,0)+IF(AND(COUNT(Ocena!$K$231:$N$231)=4,COUNTIF(Ocena!$K$231:$N$231,0)=4),1,0)+IF(AND(COUNT(Ocena!$K$242:$N$242)=4,COUNTIF(Ocena!$K$242:$N$242,0)=4),1,0)+IF(AND(COUNT(Ocena!$K$253:$N$253)=4,COUNTIF(Ocena!$K$253:$N$253,0)=4),1,0)+IF(AND(COUNT(Ocena!$K$264:$N$264)=4,COUNTIF(Ocena!$K$264:$N$264,0)=4),1,0)+IF(AND(COUNT(Ocena!$K$275:$N$275)=4,COUNTIF(Ocena!$K$275:$N$275,0)=4),1,0)+IF(AND(COUNT(Ocena!$K$286:$N$286)=4,COUNTIF(Ocena!$K$286:$N$286,0)=4),1,0)+IF(AND(COUNT(Ocena!$K$297:$N$297)=4,COUNTIF(Ocena!$K$297:$N$297,0)=4),1,0)+IF(AND(COUNT(Ocena!$K$308:$N$308)=4,COUNTIF(Ocena!$K$308:$N$308,0)=4),1,0)+IF(AND(COUNT(Ocena!$K$319:$N$319)=4,COUNTIF(Ocena!$K$319:$N$319,0)=4),1,0)+IF(AND(COUNT(Ocena!$K$330:$N$330)=4,COUNTIF(Ocena!$K$330:$N$330,0)=4),1,0)+IF(AND(COUNT(Ocena!$K$341:$N$341)=4,COUNTIF(Ocena!$K$341:$N$341,0)=4),1,0)+IF(AND(COUNT(Ocena!$K$352:$N$352)=4,COUNTIF(Ocena!$K$352:$N$352,0)=4),1,0)+IF(AND(COUNT(Ocena!$K$372:$N$372)=4,COUNTIF(Ocena!$K$372:$N$372,0)=4),1,0)+IF(AND(COUNT(Ocena!$K$373:$N$373)=4,COUNTIF(Ocena!$K$373:$N$373,0)=4),1,0)+IF(AND(COUNT(Ocena!$K$385:$N$385)=4,COUNTIF(Ocena!$K$385:$N$385,0)=4),1,0)+IF(AND(COUNT(Ocena!$K$396:$N$396)=4,COUNTIF(Ocena!$K$396:$N$396,0)=4),1,0)+IF(AND(COUNT(Ocena!$K$407:$N$407)=4,COUNTIF(Ocena!$K$407:$N$407,0)=4),1,0)+IF(AND(COUNT(Ocena!$K$418:$N$418)=4,COUNTIF(Ocena!$K$418:$N$418,0)=4),1,0) -> 1 | T9: =IFERROR(S9/D9,0) -> 0.026315789
A10: MapAnything | B10: 1 | C10: 1 | D10: 38 | E10: =COUNT(Ocena!$O$3,Ocena!$O$14,Ocena!$O$25,Ocena!$O$36,Ocena!$O$47,Ocena!$O$58,Ocena!$O$69,Ocena!$O$80,Ocena!$O$91,Ocena!$O$102,Ocena!$O$113,Ocena!$O$124,Ocena!$O$135,Ocena!$O$146,Ocena!$O$157,Ocena!$O$168,Ocena!$O$179,Ocena!$O$190,Ocena!$O$201,Ocena!$O$212,Ocena!$O$223,Ocena!$O$234,Ocena!$O$245,Ocena!$O$256,Ocena!$O$267,Ocena!$O$278,Ocena!$O$289,Ocena!$O$300,Ocena!$O$311,Ocena!$O$322,Ocena!$O$333,Ocena!$O$344,Ocena!$O$356,Ocena!$O$357,Ocena!$O$377,Ocena!$O$388,Ocena!$O$399,Ocena!$O$410) -> 38 | F10: =IFERROR(E10/D10,0) -> 1 | G10: =IF(E10=0,"",MEDIAN(Ocena!$O$3,Ocena!$O$14,Ocena!$O$25,Ocena!$O$36,Ocena!$O$47,Ocena!$O$58,Ocena!$O$69,Ocena!$O$80,Ocena!$O$91,Ocena!$O$102,Ocena!$O$113,Ocena!$O$124,Ocena!$O$135,Ocena!$O$146,Ocena!$O$157,Ocena!$O$168,Ocena!$O$179,Ocena!$O$190,Ocena!$O$201,Ocena!$O$212,Ocena!$O$223,Ocena!$O$234,Ocena!$O$245,Ocena!$O$256,Ocena!$O$267,Ocena!$O$278,Ocena!$O$289,Ocena!$O$300,Ocena!$O$311,Ocena!$O$322,Ocena!$O$333,Ocena!$O$344,Ocena!$O$356,Ocena!$O$357,Ocena!$O$377,Ocena!$O$388,Ocena!$O$399,Ocena!$O$410)) -> 8 | H10: =IF(E10=0,"",AVERAGE(Ocena!$O$3,Ocena!$O$14,Ocena!$O$25,Ocena!$O$36,Ocena!$O$47,Ocena!$O$58,Ocena!$O$69,Ocena!$O$80,Ocena!$O$91,Ocena!$O$102,Ocena!$O$113,Ocena!$O$124,Ocena!$O$135,Ocena!$O$146,Ocena!$O$157,Ocena!$O$168,Ocena!$O$179,Ocena!$O$190,Ocena!$O$201,Ocena!$O$212,Ocena!$O$223,Ocena!$O$234,Ocena!$O$245,Ocena!$O$256,Ocena!$O$267,Ocena!$O$278,Ocena!$O$289,Ocena!$O$300,Ocena!$O$311,Ocena!$O$322,Ocena!$O$333,Ocena!$O$344,Ocena!$O$356,Ocena!$O$357,Ocena!$O$377,Ocena!$O$388,Ocena!$O$399,Ocena!$O$410)) -> 8.4736842 | I10: =IF(E10=0,"",MEDIAN(Ocena!$K$3,Ocena!$K$14,Ocena!$K$25,Ocena!$K$36,Ocena!$K$47,Ocena!$K$58,Ocena!$K$69,Ocena!$K$80,Ocena!$K$91,Ocena!$K$102,Ocena!$K$113,Ocena!$K$124,Ocena!$K$135,Ocena!$K$146,Ocena!$K$157,Ocena!$K$168,Ocena!$K$179,Ocena!$K$190,Ocena!$K$201,Ocena!$K$212,Ocena!$K$223,Ocena!$K$234,Ocena!$K$245,Ocena!$K$256,Ocena!$K$267,Ocena!$K$278,Ocena!$K$289,Ocena!$K$300,Ocena!$K$311,Ocena!$K$322,Ocena!$K$333,Ocena!$K$344,Ocena!$K$356,Ocena!$K$357,Ocena!$K$377,Ocena!$K$388,Ocena!$K$399,Ocena!$K$410)) -> 2 | J10: =IF(E10=0,"",AVERAGE(Ocena!$K$3,Ocena!$K$14,Ocena!$K$25,Ocena!$K$36,Ocena!$K$47,Ocena!$K$58,Ocena!$K$69,Ocena!$K$80,Ocena!$K$91,Ocena!$K$102,Ocena!$K$113,Ocena!$K$124,Ocena!$K$135,Ocena!$K$146,Ocena!$K$157,Ocena!$K$168,Ocena!$K$179,Ocena!$K$190,Ocena!$K$201,Ocena!$K$212,Ocena!$K$223,Ocena!$K$234,Ocena!$K$245,Ocena!$K$256,Ocena!$K$267,Ocena!$K$278,Ocena!$K$289,Ocena!$K$300,Ocena!$K$311,Ocena!$K$322,Ocena!$K$333,Ocena!$K$344,Ocena!$K$356,Ocena!$K$357,Ocena!$K$377,Ocena!$K$388,Ocena!$K$399,Ocena!$K$410)) -> 2.3421053 | K10: =IF(E10=0,"",MEDIAN(Ocena!$L$3,Ocena!$L$14,Ocena!$L$25,Ocena!$L$36,Ocena!$L$47,Ocena!$L$58,Ocena!$L$69,Ocena!$L$80,Ocena!$L$91,Ocena!$L$102,Ocena!$L$113,Ocena!$L$124,Ocena!$L$135,Ocena!$L$146,Ocena!$L$157,Ocena!$L$168,Ocena!$L$179,Ocena!$L$190,Ocena!$L$201,Ocena!$L$212,Ocena!$L$223,Ocena!$L$234,Ocena!$L$245,Ocena!$L$256,Ocena!$L$267,Ocena!$L$278,Ocena!$L$289,Ocena!$L$300,Ocena!$L$311,Ocena!$L$322,Ocena!$L$333,Ocena!$L$344,Ocena!$L$356,Ocena!$L$357,Ocena!$L$377,Ocena!$L$388,Ocena!$L$399,Ocena!$L$410)) -> 2 | L10: =IF(E10=0,"",AVERAGE(Ocena!$L$3,Ocena!$L$14,Ocena!$L$25,Ocena!$L$36,Ocena!$L$47,Ocena!$L$58,Ocena!$L$69,Ocena!$L$80,Ocena!$L$91,Ocena!$L$102,Ocena!$L$113,Ocena!$L$124,Ocena!$L$135,Ocena!$L$146,Ocena!$L$157,Ocena!$L$168,Ocena!$L$179,Ocena!$L$190,Ocena!$L$201,Ocena!$L$212,Ocena!$L$223,Ocena!$L$234,Ocena!$L$245,Ocena!$L$256,Ocena!$L$267,Ocena!$L$278,Ocena!$L$289,Ocena!$L$300,Ocena!$L$311,Ocena!$L$322,Ocena!$L$333,Ocena!$L$344,Ocena!$L$356,Ocena!$L$357,Ocena!$L$377,Ocena!$L$388,Ocena!$L$399,Ocena!$L$410)) -> 1.8947368 | M10: =IF(E10=0,"",MEDIAN(Ocena!$M$3,Ocena!$M$14,Ocena!$M$25,Ocena!$M$36,Ocena!$M$47,Ocena!$M$58,Ocena!$M$69,Ocena!$M$80,Ocena!$M$91,Ocena!$M$102,Ocena!$M$113,Ocena!$M$124,Ocena!$M$135,Ocena!$M$146,Ocena!$M$157,Ocena!$M$168,Ocena!$M$179,Ocena!$M$190,Ocena!$M$201,Ocena!$M$212,Ocena!$M$223,Ocena!$M$234,Ocena!$M$245,Ocena!$M$256,Ocena!$M$267,Ocena!$M$278,Ocena!$M$289,Ocena!$M$300,Ocena!$M$311,Ocena!$M$322,Ocena!$M$333,Ocena!$M$344,Ocena!$M$356,Ocena!$M$357,Ocena!$M$377,Ocena!$M$388,Ocena!$M$399,Ocena!$M$410)) -> 2 | N10: =IF(E10=0,"",AVERAGE(Ocena!$M$3,Ocena!$M$14,Ocena!$M$25,Ocena!$M$36,Ocena!$M$47,Ocena!$M$58,Ocena!$M$69,Ocena!$M$80,Ocena!$M$91,Ocena!$M$102,Ocena!$M$113,Ocena!$M$124,Ocena!$M$135,Ocena!$M$146,Ocena!$M$157,Ocena!$M$168,Ocena!$M$179,Ocena!$M$190,Ocena!$M$201,Ocena!$M$212,Ocena!$M$223,Ocena!$M$234,Ocena!$M$245,Ocena!$M$256,Ocena!$M$267,Ocena!$M$278,Ocena!$M$289,Ocena!$M$300,Ocena!$M$311,Ocena!$M$322,Ocena!$M$333,Ocena!$M$344,Ocena!$M$356,Ocena!$M$357,Ocena!$M$377,Ocena!$M$388,Ocena!$M$399,Ocena!$M$410)) -> 2.1842105 | O10: =IF(E10=0,"",MEDIAN(Ocena!$N$3,Ocena!$N$14,Ocena!$N$25,Ocena!$N$36,Ocena!$N$47,Ocena!$N$58,Ocena!$N$69,Ocena!$N$80,Ocena!$N$91,Ocena!$N$102,Ocena!$N$113,Ocena!$N$124,Ocena!$N$135,Ocena!$N$146,Ocena!$N$157,Ocena!$N$168,Ocena!$N$179,Ocena!$N$190,Ocena!$N$201,Ocena!$N$212,Ocena!$N$223,Ocena!$N$234,Ocena!$N$245,Ocena!$N$256,Ocena!$N$267,Ocena!$N$278,Ocena!$N$289,Ocena!$N$300,Ocena!$N$311,Ocena!$N$322,Ocena!$N$333,Ocena!$N$344,Ocena!$N$356,Ocena!$N$357,Ocena!$N$377,Ocena!$N$388,Ocena!$N$399,Ocena!$N$410)) -> 2 | P10: =IF(E10=0,"",AVERAGE(Ocena!$N$3,Ocena!$N$14,Ocena!$N$25,Ocena!$N$36,Ocena!$N$47,Ocena!$N$58,Ocena!$N$69,Ocena!$N$80,Ocena!$N$91,Ocena!$N$102,Ocena!$N$113,Ocena!$N$124,Ocena!$N$135,Ocena!$N$146,Ocena!$N$157,Ocena!$N$168,Ocena!$N$179,Ocena!$N$190,Ocena!$N$201,Ocena!$N$212,Ocena!$N$223,Ocena!$N$234,Ocena!$N$245,Ocena!$N$256,Ocena!$N$267,Ocena!$N$278,Ocena!$N$289,Ocena!$N$300,Ocena!$N$311,Ocena!$N$322,Ocena!$N$333,Ocena!$N$344,Ocena!$N$356,Ocena!$N$357,Ocena!$N$377,Ocena!$N$388,Ocena!$N$399,Ocena!$N$410)) -> 2.0526316 | Q10: =IF(E10=0,"",MIN(Ocena!$O$3,Ocena!$O$14,Ocena!$O$25,Ocena!$O$36,Ocena!$O$47,Ocena!$O$58,Ocena!$O$69,Ocena!$O$80,Ocena!$O$91,Ocena!$O$102,Ocena!$O$113,Ocena!$O$124,Ocena!$O$135,Ocena!$O$146,Ocena!$O$157,Ocena!$O$168,Ocena!$O$179,Ocena!$O$190,Ocena!$O$201,Ocena!$O$212,Ocena!$O$223,Ocena!$O$234,Ocena!$O$245,Ocena!$O$256,Ocena!$O$267,Ocena!$O$278,Ocena!$O$289,Ocena!$O$300,Ocena!$O$311,Ocena!$O$322,Ocena!$O$333,Ocena!$O$344,Ocena!$O$356,Ocena!$O$357,Ocena!$O$377,Ocena!$O$388,Ocena!$O$399,Ocena!$O$410)) -> 4 | R10: =IF(E10=0,"",MAX(Ocena!$O$3,Ocena!$O$14,Ocena!$O$25,Ocena!$O$36,Ocena!$O$47,Ocena!$O$58,Ocena!$O$69,Ocena!$O$80,Ocena!$O$91,Ocena!$O$102,Ocena!$O$113,Ocena!$O$124,Ocena!$O$135,Ocena!$O$146,Ocena!$O$157,Ocena!$O$168,Ocena!$O$179,Ocena!$O$190,Ocena!$O$201,Ocena!$O$212,Ocena!$O$223,Ocena!$O$234,Ocena!$O$245,Ocena!$O$256,Ocena!$O$267,Ocena!$O$278,Ocena!$O$289,Ocena!$O$300,Ocena!$O$311,Ocena!$O$322,Ocena!$O$333,Ocena!$O$344,Ocena!$O$356,Ocena!$O$357,Ocena!$O$377,Ocena!$O$388,Ocena!$O$399,Ocena!$O$410)) -> 12 | S10: =IF(AND(COUNT(Ocena!$K$3:$N$3)=4,COUNTIF(Ocena!$K$3:$N$3,0)=4),1,0)+IF(AND(COUNT(Ocena!$K$14:$N$14)=4,COUNTIF(Ocena!$K$14:$N$14,0)=4),1,0)+IF(AND(COUNT(Ocena!$K$25:$N$25)=4,COUNTIF(Ocena!$K$25:$N$25,0)=4),1,0)+IF(AND(COUNT(Ocena!$K$36:$N$36)=4,COUNTIF(Ocena!$K$36:$N$36,0)=4),1,0)+IF(AND(COUNT(Ocena!$K$47:$N$47)=4,COUNTIF(Ocena!$K$47:$N$47,0)=4),1,0)+IF(AND(COUNT(Ocena!$K$58:$N$58)=4,COUNTIF(Ocena!$K$58:$N$58,0)=4),1,0)+IF(AND(COUNT(Ocena!$K$69:$N$69)=4,COUNTIF(Ocena!$K$69:$N$69,0)=4),1,0)+IF(AND(COUNT(Ocena!$K$80:$N$80)=4,COUNTIF(Ocena!$K$80:$N$80,0)=4),1,0)+IF(AND(COUNT(Ocena!$K$91:$N$91)=4,COUNTIF(Ocena!$K$91:$N$91,0)=4),1,0)+IF(AND(COUNT(Ocena!$K$102:$N$102)=4,COUNTIF(Ocena!$K$102:$N$102,0)=4),1,0)+IF(AND(COUNT(Ocena!$K$113:$N$113)=4,COUNTIF(Ocena!$K$113:$N$113,0)=4),1,0)+IF(AND(COUNT(Ocena!$K$124:$N$124)=4,COUNTIF(Ocena!$K$124:$N$124,0)=4),1,0)+IF(AND(COUNT(Ocena!$K$135:$N$135)=4,COUNTIF(Ocena!$K$135:$N$135,0)=4),1,0)+IF(AND(COUNT(Ocena!$K$146:$N$146)=4,COUNTIF(Ocena!$K$146:$N$146,0)=4),1,0)+IF(AND(COUNT(Ocena!$K$157:$N$157)=4,COUNTIF(Ocena!$K$157:$N$157,0)=4),1,0)+IF(AND(COUNT(Ocena!$K$168:$N$168)=4,COUNTIF(Ocena!$K$168:$N$168,0)=4),1,0)+IF(AND(COUNT(Ocena!$K$179:$N$179)=4,COUNTIF(Ocena!$K$179:$N$179,0)=4),1,0)+IF(AND(COUNT(Ocena!$K$190:$N$190)=4,COUNTIF(Ocena!$K$190:$N$190,0)=4),1,0)+IF(AND(COUNT(Ocena!$K$201:$N$201)=4,COUNTIF(Ocena!$K$201:$N$201,0)=4),1,0)+IF(AND(COUNT(Ocena!$K$212:$N$212)=4,COUNTIF(Ocena!$K$212:$N$212,0)=4),1,0)+IF(AND(COUNT(Ocena!$K$223:$N$223)=4,COUNTIF(Ocena!$K$223:$N$223,0)=4),1,0)+IF(AND(COUNT(Ocena!$K$234:$N$234)=4,COUNTIF(Ocena!$K$234:$N$234,0)=4),1,0)+IF(AND(COUNT(Ocena!$K$245:$N$245)=4,COUNTIF(Ocena!$K$245:$N$245,0)=4),1,0)+IF(AND(COUNT(Ocena!$K$256:$N$256)=4,COUNTIF(Ocena!$K$256:$N$256,0)=4),1,0)+IF(AND(COUNT(Ocena!$K$267:$N$267)=4,COUNTIF(Ocena!$K$267:$N$267,0)=4),1,0)+IF(AND(COUNT(Ocena!$K$278:$N$278)=4,COUNTIF(Ocena!$K$278:$N$278,0)=4),1,0)+IF(AND(COUNT(Ocena!$K$289:$N$289)=4,COUNTIF(Ocena!$K$289:$N$289,0)=4),1,0)+IF(AND(COUNT(Ocena!$K$300:$N$300)=4,COUNTIF(Ocena!$K$300:$N$300,0)=4),1,0)+IF(AND(COUNT(Ocena!$K$311:$N$311)=4,COUNTIF(Ocena!$K$311:$N$311,0)=4),1,0)+IF(AND(COUNT(Ocena!$K$322:$N$322)=4,COUNTIF(Ocena!$K$322:$N$322,0)=4),1,0)+IF(AND(COUNT(Ocena!$K$333:$N$333)=4,COUNTIF(Ocena!$K$333:$N$333,0)=4),1,0)+IF(AND(COUNT(Ocena!$K$344:$N$344)=4,COUNTIF(Ocena!$K$344:$N$344,0)=4),1,0)+IF(AND(COUNT(Ocena!$K$356:$N$356)=4,COUNTIF(Ocena!$K$356:$N$356,0)=4),1,0)+IF(AND(COUNT(Ocena!$K$357:$N$357)=4,COUNTIF(Ocena!$K$357:$N$357,0)=4),1,0)+IF(AND(COUNT(Ocena!$K$377:$N$377)=4,COUNTIF(Ocena!$K$377:$N$377,0)=4),1,0)+IF(AND(COUNT(Ocena!$K$388:$N$388)=4,COUNTIF(Ocena!$K$388:$N$388,0)=4),1,0)+IF(AND(COUNT(Ocena!$K$399:$N$399)=4,COUNTIF(Ocena!$K$399:$N$399,0)=4),1,0)+IF(AND(COUNT(Ocena!$K$410:$N$410)=4,COUNTIF(Ocena!$K$410:$N$410,0)=4),1,0) -> 0 | T10: =IFERROR(S10/D10,0) -> 0
A11: MapAnything | B11: 2 | C11: 2 | D11: 38 | E11: =COUNT(Ocena!$O$6,Ocena!$O$17,Ocena!$O$28,Ocena!$O$39,Ocena!$O$50,Ocena!$O$61,Ocena!$O$72,Ocena!$O$83,Ocena!$O$94,Ocena!$O$105,Ocena!$O$116,Ocena!$O$127,Ocena!$O$138,Ocena!$O$149,Ocena!$O$160,Ocena!$O$171,Ocena!$O$182,Ocena!$O$193,Ocena!$O$204,Ocena!$O$215,Ocena!$O$226,Ocena!$O$237,Ocena!$O$248,Ocena!$O$259,Ocena!$O$270,Ocena!$O$281,Ocena!$O$292,Ocena!$O$303,Ocena!$O$314,Ocena!$O$325,Ocena!$O$336,Ocena!$O$347,Ocena!$O$362,Ocena!$O$363,Ocena!$O$380,Ocena!$O$391,Ocena!$O$402,Ocena!$O$413) -> 38 | F11: =IFERROR(E11/D11,0) -> 1 | G11: =IF(E11=0,"",MEDIAN(Ocena!$O$6,Ocena!$O$17,Ocena!$O$28,Ocena!$O$39,Ocena!$O$50,Ocena!$O$61,Ocena!$O$72,Ocena!$O$83,Ocena!$O$94,Ocena!$O$105,Ocena!$O$116,Ocena!$O$127,Ocena!$O$138,Ocena!$O$149,Ocena!$O$160,Ocena!$O$171,Ocena!$O$182,Ocena!$O$193,Ocena!$O$204,Ocena!$O$215,Ocena!$O$226,Ocena!$O$237,Ocena!$O$248,Ocena!$O$259,Ocena!$O$270,Ocena!$O$281,Ocena!$O$292,Ocena!$O$303,Ocena!$O$314,Ocena!$O$325,Ocena!$O$336,Ocena!$O$347,Ocena!$O$362,Ocena!$O$363,Ocena!$O$380,Ocena!$O$391,Ocena!$O$402,Ocena!$O$413)) -> 8 | H11: =IF(E11=0,"",AVERAGE(Ocena!$O$6,Ocena!$O$17,Ocena!$O$28,Ocena!$O$39,Ocena!$O$50,Ocena!$O$61,Ocena!$O$72,Ocena!$O$83,Ocena!$O$94,Ocena!$O$105,Ocena!$O$116,Ocena!$O$127,Ocena!$O$138,Ocena!$O$149,Ocena!$O$160,Ocena!$O$171,Ocena!$O$182,Ocena!$O$193,Ocena!$O$204,Ocena!$O$215,Ocena!$O$226,Ocena!$O$237,Ocena!$O$248,Ocena!$O$259,Ocena!$O$270,Ocena!$O$281,Ocena!$O$292,Ocena!$O$303,Ocena!$O$314,Ocena!$O$325,Ocena!$O$336,Ocena!$O$347,Ocena!$O$362,Ocena!$O$363,Ocena!$O$380,Ocena!$O$391,Ocena!$O$402,Ocena!$O$413)) -> 8.0526316 | I11: =IF(E11=0,"",MEDIAN(Ocena!$K$6,Ocena!$K$17,Ocena!$K$28,Ocena!$K$39,Ocena!$K$50,Ocena!$K$61,Ocena!$K$72,Ocena!$K$83,Ocena!$K$94,Ocena!$K$105,Ocena!$K$116,Ocena!$K$127,Ocena!$K$138,Ocena!$K$149,Ocena!$K$160,Ocena!$K$171,Ocena!$K$182,Ocena!$K$193,Ocena!$K$204,Ocena!$K$215,Ocena!$K$226,Ocena!$K$237,Ocena!$K$248,Ocena!$K$259,Ocena!$K$270,Ocena!$K$281,Ocena!$K$292,Ocena!$K$303,Ocena!$K$314,Ocena!$K$325,Ocena!$K$336,Ocena!$K$347,Ocena!$K$362,Ocena!$K$363,Ocena!$K$380,Ocena!$K$391,Ocena!$K$402,Ocena!$K$413)) -> 2 | J11: =IF(E11=0,"",AVERAGE(Ocena!$K$6,Ocena!$K$17,Ocena!$K$28,Ocena!$K$39,Ocena!$K$50,Ocena!$K$61,Ocena!$K$72,Ocena!$K$83,Ocena!$K$94,Ocena!$K$105,Ocena!$K$116,Ocena!$K$127,Ocena!$K$138,Ocena!$K$149,Ocena!$K$160,Ocena!$K$171,Ocena!$K$182,Ocena!$K$193,Ocena!$K$204,Ocena!$K$215,Ocena!$K$226,Ocena!$K$237,Ocena!$K$248,Ocena!$K$259,Ocena!$K$270,Ocena!$K$281,Ocena!$K$292,Ocena!$K$303,Ocena!$K$314,Ocena!$K$325,Ocena!$K$336,Ocena!$K$347,Ocena!$K$362,Ocena!$K$363,Ocena!$K$380,Ocena!$K$391,Ocena!$K$402,Ocena!$K$413)) -> 2.4210526 | K11: =IF(E11=0,"",MEDIAN(Ocena!$L$6,Ocena!$L$17,Ocena!$L$28,Ocena!$L$39,Ocena!$L$50,Ocena!$L$61,Ocena!$L$72,Ocena!$L$83,Ocena!$L$94,Ocena!$L$105,Ocena!$L$116,Ocena!$L$127,Ocena!$L$138,Ocena!$L$149,Ocena!$L$160,Ocena!$L$171,Ocena!$L$182,Ocena!$L$193,Ocena!$L$204,Ocena!$L$215,Ocena!$L$226,Ocena!$L$237,Ocena!$L$248,Ocena!$L$259,Ocena!$L$270,Ocena!$L$281,Ocena!$L$292,Ocena!$L$303,Ocena!$L$314,Ocena!$L$325,Ocena!$L$336,Ocena!$L$347,Ocena!$L$362,Ocena!$L$363,Ocena!$L$380,Ocena!$L$391,Ocena!$L$402,Ocena!$L$413)) -> 2 | L11: =IF(E11=0,"",AVERAGE(Ocena!$L$6,Ocena!$L$17,Ocena!$L$28,Ocena!$L$39,Ocena!$L$50,Ocena!$L$61,Ocena!$L$72,Ocena!$L$83,Ocena!$L$94,Ocena!$L$105,Ocena!$L$116,Ocena!$L$127,Ocena!$L$138,Ocena!$L$149,Ocena!$L$160,Ocena!$L$171,Ocena!$L$182,Ocena!$L$193,Ocena!$L$204,Ocena!$L$215,Ocena!$L$226,Ocena!$L$237,Ocena!$L$248,Ocena!$L$259,Ocena!$L$270,Ocena!$L$281,Ocena!$L$292,Ocena!$L$303,Ocena!$L$314,Ocena!$L$325,Ocena!$L$336,Ocena!$L$347,Ocena!$L$362,Ocena!$L$363,Ocena!$L$380,Ocena!$L$391,Ocena!$L$402,Ocena!$L$413)) -> 1.7105263 | M11: =IF(E11=0,"",MEDIAN(Ocena!$M$6,Ocena!$M$17,Ocena!$M$28,Ocena!$M$39,Ocena!$M$50,Ocena!$M$61,Ocena!$M$72,Ocena!$M$83,Ocena!$M$94,Ocena!$M$105,Ocena!$M$116,Ocena!$M$127,Ocena!$M$138,Ocena!$M$149,Ocena!$M$160,Ocena!$M$171,Ocena!$M$182,Ocena!$M$193,Ocena!$M$204,Ocena!$M$215,Ocena!$M$226,Ocena!$M$237,Ocena!$M$248,Ocena!$M$259,Ocena!$M$270,Ocena!$M$281,Ocena!$M$292,Ocena!$M$303,Ocena!$M$314,Ocena!$M$325,Ocena!$M$336,Ocena!$M$347,Ocena!$M$362,Ocena!$M$363,Ocena!$M$380,Ocena!$M$391,Ocena!$M$402,Ocena!$M$413)) -> 2 | N11: =IF(E11=0,"",AVERAGE(Ocena!$M$6,Ocena!$M$17,Ocena!$M$28,Ocena!$M$39,Ocena!$M$50,Ocena!$M$61,Ocena!$M$72,Ocena!$M$83,Ocena!$M$94,Ocena!$M$105,Ocena!$M$116,Ocena!$M$127,Ocena!$M$138,Ocena!$M$149,Ocena!$M$160,Ocena!$M$171,Ocena!$M$182,Ocena!$M$193,Ocena!$M$204,Ocena!$M$215,Ocena!$M$226,Ocena!$M$237,Ocena!$M$248,Ocena!$M$259,Ocena!$M$270,Ocena!$M$281,Ocena!$M$292,Ocena!$M$303,Ocena!$M$314,Ocena!$M$325,Ocena!$M$336,Ocena!$M$347,Ocena!$M$362,Ocena!$M$363,Ocena!$M$380,Ocena!$M$391,Ocena!$M$402,Ocena!$M$413)) -> 1.8947368 | O11: =IF(E11=0,"",MEDIAN(Ocena!$N$6,Ocena!$N$17,Ocena!$N$28,Ocena!$N$39,Ocena!$N$50,Ocena!$N$61,Ocena!$N$72,Ocena!$N$83,Ocena!$N$94,Ocena!$N$105,Ocena!$N$116,Ocena!$N$127,Ocena!$N$138,Ocena!$N$149,Ocena!$N$160,Ocena!$N$171,Ocena!$N$182,Ocena!$N$193,Ocena!$N$204,Ocena!$N$215,Ocena!$N$226,Ocena!$N$237,Ocena!$N$248,Ocena!$N$259,Ocena!$N$270,Ocena!$N$281,Ocena!$N$292,Ocena!$N$303,Ocena!$N$314,Ocena!$N$325,Ocena!$N$336,Ocena!$N$347,Ocena!$N$362,Ocena!$N$363,Ocena!$N$380,Ocena!$N$391,Ocena!$N$402,Ocena!$N$413)) -> 2 | P11: =IF(E11=0,"",AVERAGE(Ocena!$N$6,Ocena!$N$17,Ocena!$N$28,Ocena!$N$39,Ocena!$N$50,Ocena!$N$61,Ocena!$N$72,Ocena!$N$83,Ocena!$N$94,Ocena!$N$105,Ocena!$N$116,Ocena!$N$127,Ocena!$N$138,Ocena!$N$149,Ocena!$N$160,Ocena!$N$171,Ocena!$N$182,Ocena!$N$193,Ocena!$N$204,Ocena!$N$215,Ocena!$N$226,Ocena!$N$237,Ocena!$N$248,Ocena!$N$259,Ocena!$N$270,Ocena!$N$281,Ocena!$N$292,Ocena!$N$303,Ocena!$N$314,Ocena!$N$325,Ocena!$N$336,Ocena!$N$347,Ocena!$N$362,Ocena!$N$363,Ocena!$N$380,Ocena!$N$391,Ocena!$N$402,Ocena!$N$413)) -> 2.0263158 | Q11: =IF(E11=0,"",MIN(Ocena!$O$6,Ocena!$O$17,Ocena!$O$28,Ocena!$O$39,Ocena!$O$50,Ocena!$O$61,Ocena!$O$72,Ocena!$O$83,Ocena!$O$94,Ocena!$O$105,Ocena!$O$116,Ocena!$O$127,Ocena!$O$138,Ocena!$O$149,Ocena!$O$160,Ocena!$O$171,Ocena!$O$182,Ocena!$O$193,Ocena!$O$204,Ocena!$O$215,Ocena!$O$226,Ocena!$O$237,Ocena!$O$248,Ocena!$O$259,Ocena!$O$270,Ocena!$O$281,Ocena!$O$292,Ocena!$O$303,Ocena!$O$314,Ocena!$O$325,Ocena!$O$336,Ocena!$O$347,Ocena!$O$362,Ocena!$O$363,Ocena!$O$380,Ocena!$O$391,Ocena!$O$402,Ocena!$O$413)) -> 5 | R11: =IF(E11=0,"",MAX(Ocena!$O$6,Ocena!$O$17,Ocena!$O$28,Ocena!$O$39,Ocena!$O$50,Ocena!$O$61,Ocena!$O$72,Ocena!$O$83,Ocena!$O$94,Ocena!$O$105,Ocena!$O$116,Ocena!$O$127,Ocena!$O$138,Ocena!$O$149,Ocena!$O$160,Ocena!$O$171,Ocena!$O$182,Ocena!$O$193,Ocena!$O$204,Ocena!$O$215,Ocena!$O$226,Ocena!$O$237,Ocena!$O$248,Ocena!$O$259,Ocena!$O$270,Ocena!$O$281,Ocena!$O$292,Ocena!$O$303,Ocena!$O$314,Ocena!$O$325,Ocena!$O$336,Ocena!$O$347,Ocena!$O$362,Ocena!$O$363,Ocena!$O$380,Ocena!$O$391,Ocena!$O$402,Ocena!$O$413)) -> 11 | S11: =IF(AND(COUNT(Ocena!$K$6:$N$6)=4,COUNTIF(Ocena!$K$6:$N$6,0)=4),1,0)+IF(AND(COUNT(Ocena!$K$17:$N$17)=4,COUNTIF(Ocena!$K$17:$N$17,0)=4),1,0)+IF(AND(COUNT(Ocena!$K$28:$N$28)=4,COUNTIF(Ocena!$K$28:$N$28,0)=4),1,0)+IF(AND(COUNT(Ocena!$K$39:$N$39)=4,COUNTIF(Ocena!$K$39:$N$39,0)=4),1,0)+IF(AND(COUNT(Ocena!$K$50:$N$50)=4,COUNTIF(Ocena!$K$50:$N$50,0)=4),1,0)+IF(AND(COUNT(Ocena!$K$61:$N$61)=4,COUNTIF(Ocena!$K$61:$N$61,0)=4),1,0)+IF(AND(COUNT(Ocena!$K$72:$N$72)=4,COUNTIF(Ocena!$K$72:$N$72,0)=4),1,0)+IF(AND(COUNT(Ocena!$K$83:$N$83)=4,COUNTIF(Ocena!$K$83:$N$83,0)=4),1,0)+IF(AND(COUNT(Ocena!$K$94:$N$94)=4,COUNTIF(Ocena!$K$94:$N$94,0)=4),1,0)+IF(AND(COUNT(Ocena!$K$105:$N$105)=4,COUNTIF(Ocena!$K$105:$N$105,0)=4),1,0)+IF(AND(COUNT(Ocena!$K$116:$N$116)=4,COUNTIF(Ocena!$K$116:$N$116,0)=4),1,0)+IF(AND(COUNT(Ocena!$K$127:$N$127)=4,COUNTIF(Ocena!$K$127:$N$127,0)=4),1,0)+IF(AND(COUNT(Ocena!$K$138:$N$138)=4,COUNTIF(Ocena!$K$138:$N$138,0)=4),1,0)+IF(AND(COUNT(Ocena!$K$149:$N$149)=4,COUNTIF(Ocena!$K$149:$N$149,0)=4),1,0)+IF(AND(COUNT(Ocena!$K$160:$N$160)=4,COUNTIF(Ocena!$K$160:$N$160,0)=4),1,0)+IF(AND(COUNT(Ocena!$K$171:$N$171)=4,COUNTIF(Ocena!$K$171:$N$171,0)=4),1,0)+IF(AND(COUNT(Ocena!$K$182:$N$182)=4,COUNTIF(Ocena!$K$182:$N$182,0)=4),1,0)+IF(AND(COUNT(Ocena!$K$193:$N$193)=4,COUNTIF(Ocena!$K$193:$N$193,0)=4),1,0)+IF(AND(COUNT(Ocena!$K$204:$N$204)=4,COUNTIF(Ocena!$K$204:$N$204,0)=4),1,0)+IF(AND(COUNT(Ocena!$K$215:$N$215)=4,COUNTIF(Ocena!$K$215:$N$215,0)=4),1,0)+IF(AND(COUNT(Ocena!$K$226:$N$226)=4,COUNTIF(Ocena!$K$226:$N$226,0)=4),1,0)+IF(AND(COUNT(Ocena!$K$237:$N$237)=4,COUNTIF(Ocena!$K$237:$N$237,0)=4),1,0)+IF(AND(COUNT(Ocena!$K$248:$N$248)=4,COUNTIF(Ocena!$K$248:$N$248,0)=4),1,0)+IF(AND(COUNT(Ocena!$K$259:$N$259)=4,COUNTIF(Ocena!$K$259:$N$259,0)=4),1,0)+IF(AND(COUNT(Ocena!$K$270:$N$270)=4,COUNTIF(Ocena!$K$270:$N$270,0)=4),1,0)+IF(AND(COUNT(Ocena!$K$281:$N$281)=4,COUNTIF(Ocena!$K$281:$N$281,0)=4),1,0)+IF(AND(COUNT(Ocena!$K$292:$N$292)=4,COUNTIF(Ocena!$K$292:$N$292,0)=4),1,0)+IF(AND(COUNT(Ocena!$K$303:$N$303)=4,COUNTIF(Ocena!$K$303:$N$303,0)=4),1,0)+IF(AND(COUNT(Ocena!$K$314:$N$314)=4,COUNTIF(Ocena!$K$314:$N$314,0)=4),1,0)+IF(AND(COUNT(Ocena!$K$325:$N$325)=4,COUNTIF(Ocena!$K$325:$N$325,0)=4),1,0)+IF(AND(COUNT(Ocena!$K$336:$N$336)=4,COUNTIF(Ocena!$K$336:$N$336,0)=4),1,0)+IF(AND(COUNT(Ocena!$K$347:$N$347)=4,COUNTIF(Ocena!$K$347:$N$347,0)=4),1,0)+IF(AND(COUNT(Ocena!$K$362:$N$362)=4,COUNTIF(Ocena!$K$362:$N$362,0)=4),1,0)+IF(AND(COUNT(Ocena!$K$363:$N$363)=4,COUNTIF(Ocena!$K$363:$N$363,0)=4),1,0)+IF(AND(COUNT(Ocena!$K$380:$N$380)=4,COUNTIF(Ocena!$K$380:$N$380,0)=4),1,0)+IF(AND(COUNT(Ocena!$K$391:$N$391)=4,COUNTIF(Ocena!$K$391:$N$391,0)=4),1,0)+IF(AND(COUNT(Ocena!$K$402:$N$402)=4,COUNTIF(Ocena!$K$402:$N$402,0)=4),1,0)+IF(AND(COUNT(Ocena!$K$413:$N$413)=4,COUNTIF(Ocena!$K$413:$N$413,0)=4),1,0) -> 0 | T11: =IFERROR(S11/D11,0) -> 0
A12: MapAnything | B12: 4 | C12: 4 | D12: 38 | E12: =COUNT(Ocena!$O$9,Ocena!$O$20,Ocena!$O$31,Ocena!$O$42,Ocena!$O$53,Ocena!$O$64,Ocena!$O$75,Ocena!$O$86,Ocena!$O$97,Ocena!$O$108,Ocena!$O$119,Ocena!$O$130,Ocena!$O$141,Ocena!$O$152,Ocena!$O$163,Ocena!$O$174,Ocena!$O$185,Ocena!$O$196,Ocena!$O$207,Ocena!$O$218,Ocena!$O$229,Ocena!$O$240,Ocena!$O$251,Ocena!$O$262,Ocena!$O$273,Ocena!$O$284,Ocena!$O$295,Ocena!$O$306,Ocena!$O$317,Ocena!$O$328,Ocena!$O$339,Ocena!$O$350,Ocena!$O$368,Ocena!$O$369,Ocena!$O$383,Ocena!$O$394,Ocena!$O$405,Ocena!$O$416) -> 38 | F12: =IFERROR(E12/D12,0) -> 1 | G12: =IF(E12=0,"",MEDIAN(Ocena!$O$9,Ocena!$O$20,Ocena!$O$31,Ocena!$O$42,Ocena!$O$53,Ocena!$O$64,Ocena!$O$75,Ocena!$O$86,Ocena!$O$97,Ocena!$O$108,Ocena!$O$119,Ocena!$O$130,Ocena!$O$141,Ocena!$O$152,Ocena!$O$163,Ocena!$O$174,Ocena!$O$185,Ocena!$O$196,Ocena!$O$207,Ocena!$O$218,Ocena!$O$229,Ocena!$O$240,Ocena!$O$251,Ocena!$O$262,Ocena!$O$273,Ocena!$O$284,Ocena!$O$295,Ocena!$O$306,Ocena!$O$317,Ocena!$O$328,Ocena!$O$339,Ocena!$O$350,Ocena!$O$368,Ocena!$O$369,Ocena!$O$383,Ocena!$O$394,Ocena!$O$405,Ocena!$O$416)) -> 8 | H12: =IF(E12=0,"",AVERAGE(Ocena!$O$9,Ocena!$O$20,Ocena!$O$31,Ocena!$O$42,Ocena!$O$53,Ocena!$O$64,Ocena!$O$75,Ocena!$O$86,Ocena!$O$97,Ocena!$O$108,Ocena!$O$119,Ocena!$O$130,Ocena!$O$141,Ocena!$O$152,Ocena!$O$163,Ocena!$O$174,Ocena!$O$185,Ocena!$O$196,Ocena!$O$207,Ocena!$O$218,Ocena!$O$229,Ocena!$O$240,Ocena!$O$251,Ocena!$O$262,Ocena!$O$273,Ocena!$O$284,Ocena!$O$295,Ocena!$O$306,Ocena!$O$317,Ocena!$O$328,Ocena!$O$339,Ocena!$O$350,Ocena!$O$368,Ocena!$O$369,Ocena!$O$383,Ocena!$O$394,Ocena!$O$405,Ocena!$O$416)) -> 8 | I12: =IF(E12=0,"",MEDIAN(Ocena!$K$9,Ocena!$K$20,Ocena!$K$31,Ocena!$K$42,Ocena!$K$53,Ocena!$K$64,Ocena!$K$75,Ocena!$K$86,Ocena!$K$97,Ocena!$K$108,Ocena!$K$119,Ocena!$K$130,Ocena!$K$141,Ocena!$K$152,Ocena!$K$163,Ocena!$K$174,Ocena!$K$185,Ocena!$K$196,Ocena!$K$207,Ocena!$K$218,Ocena!$K$229,Ocena!$K$240,Ocena!$K$251,Ocena!$K$262,Ocena!$K$273,Ocena!$K$284,Ocena!$K$295,Ocena!$K$306,Ocena!$K$317,Ocena!$K$328,Ocena!$K$339,Ocena!$K$350,Ocena!$K$368,Ocena!$K$369,Ocena!$K$383,Ocena!$K$394,Ocena!$K$405,Ocena!$K$416)) -> 3 | J12: =IF(E12=0,"",AVERAGE(Ocena!$K$9,Ocena!$K$20,Ocena!$K$31,Ocena!$K$42,Ocena!$K$53,Ocena!$K$64,Ocena!$K$75,Ocena!$K$86,Ocena!$K$97,Ocena!$K$108,Ocena!$K$119,Ocena!$K$130,Ocena!$K$141,Ocena!$K$152,Ocena!$K$163,Ocena!$K$174,Ocena!$K$185,Ocena!$K$196,Ocena!$K$207,Ocena!$K$218,Ocena!$K$229,Ocena!$K$240,Ocena!$K$251,Ocena!$K$262,Ocena!$K$273,Ocena!$K$284,Ocena!$K$295,Ocena!$K$306,Ocena!$K$317,Ocena!$K$328,Ocena!$K$339,Ocena!$K$350,Ocena!$K$368,Ocena!$K$369,Ocena!$K$383,Ocena!$K$394,Ocena!$K$405,Ocena!$K$416)) -> 2.4736842 | K12: =IF(E12=0,"",MEDIAN(Ocena!$L$9,Ocena!$L$20,Ocena!$L$31,Ocena!$L$42,Ocena!$L$53,Ocena!$L$64,Ocena!$L$75,Ocena!$L$86,Ocena!$L$97,Ocena!$L$108,Ocena!$L$119,Ocena!$L$130,Ocena!$L$141,Ocena!$L$152,Ocena!$L$163,Ocena!$L$174,Ocena!$L$185,Ocena!$L$196,Ocena!$L$207,Ocena!$L$218,Ocena!$L$229,Ocena!$L$240,Ocena!$L$251,Ocena!$L$262,Ocena!$L$273,Ocena!$L$284,Ocena!$L$295,Ocena!$L$306,Ocena!$L$317,Ocena!$L$328,Ocena!$L$339,Ocena!$L$350,Ocena!$L$368,Ocena!$L$369,Ocena!$L$383,Ocena!$L$394,Ocena!$L$405,Ocena!$L$416)) -> 2 | L12: =IF(E12=0,"",AVERAGE(Ocena!$L$9,Ocena!$L$20,Ocena!$L$31,Ocena!$L$42,Ocena!$L$53,Ocena!$L$64,Ocena!$L$75,Ocena!$L$86,Ocena!$L$97,Ocena!$L$108,Ocena!$L$119,Ocena!$L$130,Ocena!$L$141,Ocena!$L$152,Ocena!$L$163,Ocena!$L$174,Ocena!$L$185,Ocena!$L$196,Ocena!$L$207,Ocena!$L$218,Ocena!$L$229,Ocena!$L$240,Ocena!$L$251,Ocena!$L$262,Ocena!$L$273,Ocena!$L$284,Ocena!$L$295,Ocena!$L$306,Ocena!$L$317,Ocena!$L$328,Ocena!$L$339,Ocena!$L$350,Ocena!$L$368,Ocena!$L$369,Ocena!$L$383,Ocena!$L$394,Ocena!$L$405,Ocena!$L$416)) -> 1.6842105 | M12: =IF(E12=0,"",MEDIAN(Ocena!$M$9,Ocena!$M$20,Ocena!$M$31,Ocena!$M$42,Ocena!$M$53,Ocena!$M$64,Ocena!$M$75,Ocena!$M$86,Ocena!$M$97,Ocena!$M$108,Ocena!$M$119,Ocena!$M$130,Ocena!$M$141,Ocena!$M$152,Ocena!$M$163,Ocena!$M$174,Ocena!$M$185,Ocena!$M$196,Ocena!$M$207,Ocena!$M$218,Ocena!$M$229,Ocena!$M$240,Ocena!$M$251,Ocena!$M$262,Ocena!$M$273,Ocena!$M$284,Ocena!$M$295,Ocena!$M$306,Ocena!$M$317,Ocena!$M$328,Ocena!$M$339,Ocena!$M$350,Ocena!$M$368,Ocena!$M$369,Ocena!$M$383,Ocena!$M$394,Ocena!$M$405,Ocena!$M$416)) -> 2 | N12: =IF(E12=0,"",AVERAGE(Ocena!$M$9,Ocena!$M$20,Ocena!$M$31,Ocena!$M$42,Ocena!$M$53,Ocena!$M$64,Ocena!$M$75,Ocena!$M$86,Ocena!$M$97,Ocena!$M$108,Ocena!$M$119,Ocena!$M$130,Ocena!$M$141,Ocena!$M$152,Ocena!$M$163,Ocena!$M$174,Ocena!$M$185,Ocena!$M$196,Ocena!$M$207,Ocena!$M$218,Ocena!$M$229,Ocena!$M$240,Ocena!$M$251,Ocena!$M$262,Ocena!$M$273,Ocena!$M$284,Ocena!$M$295,Ocena!$M$306,Ocena!$M$317,Ocena!$M$328,Ocena!$M$339,Ocena!$M$350,Ocena!$M$368,Ocena!$M$369,Ocena!$M$383,Ocena!$M$394,Ocena!$M$405,Ocena!$M$416)) -> 1.7368421 | O12: =IF(E12=0,"",MEDIAN(Ocena!$N$9,Ocena!$N$20,Ocena!$N$31,Ocena!$N$42,Ocena!$N$53,Ocena!$N$64,Ocena!$N$75,Ocena!$N$86,Ocena!$N$97,Ocena!$N$108,Ocena!$N$119,Ocena!$N$130,Ocena!$N$141,Ocena!$N$152,Ocena!$N$163,Ocena!$N$174,Ocena!$N$185,Ocena!$N$196,Ocena!$N$207,Ocena!$N$218,Ocena!$N$229,Ocena!$N$240,Ocena!$N$251,Ocena!$N$262,Ocena!$N$273,Ocena!$N$284,Ocena!$N$295,Ocena!$N$306,Ocena!$N$317,Ocena!$N$328,Ocena!$N$339,Ocena!$N$350,Ocena!$N$368,Ocena!$N$369,Ocena!$N$383,Ocena!$N$394,Ocena!$N$405,Ocena!$N$416)) -> 2 | P12: =IF(E12=0,"",AVERAGE(Ocena!$N$9,Ocena!$N$20,Ocena!$N$31,Ocena!$N$42,Ocena!$N$53,Ocena!$N$64,Ocena!$N$75,Ocena!$N$86,Ocena!$N$97,Ocena!$N$108,Ocena!$N$119,Ocena!$N$130,Ocena!$N$141,Ocena!$N$152,Ocena!$N$163,Ocena!$N$174,Ocena!$N$185,Ocena!$N$196,Ocena!$N$207,Ocena!$N$218,Ocena!$N$229,Ocena!$N$240,Ocena!$N$251,Ocena!$N$262,Ocena!$N$273,Ocena!$N$284,Ocena!$N$295,Ocena!$N$306,Ocena!$N$317,Ocena!$N$328,Ocena!$N$339,Ocena!$N$350,Ocena!$N$368,Ocena!$N$369,Ocena!$N$383,Ocena!$N$394,Ocena!$N$405,Ocena!$N$416)) -> 2.1052632 | Q12: =IF(E12=0,"",MIN(Ocena!$O$9,Ocena!$O$20,Ocena!$O$31,Ocena!$O$42,Ocena!$O$53,Ocena!$O$64,Ocena!$O$75,Ocena!$O$86,Ocena!$O$97,Ocena!$O$108,Ocena!$O$119,Ocena!$O$130,Ocena!$O$141,Ocena!$O$152,Ocena!$O$163,Ocena!$O$174,Ocena!$O$185,Ocena!$O$196,Ocena!$O$207,Ocena!$O$218,Ocena!$O$229,Ocena!$O$240,Ocena!$O$251,Ocena!$O$262,Ocena!$O$273,Ocena!$O$284,Ocena!$O$295,Ocena!$O$306,Ocena!$O$317,Ocena!$O$328,Ocena!$O$339,Ocena!$O$350,Ocena!$O$368,Ocena!$O$369,Ocena!$O$383,Ocena!$O$394,Ocena!$O$405,Ocena!$O$416)) -> 6 | R12: =IF(E12=0,"",MAX(Ocena!$O$9,Ocena!$O$20,Ocena!$O$31,Ocena!$O$42,Ocena!$O$53,Ocena!$O$64,Ocena!$O$75,Ocena!$O$86,Ocena!$O$97,Ocena!$O$108,Ocena!$O$119,Ocena!$O$130,Ocena!$O$141,Ocena!$O$152,Ocena!$O$163,Ocena!$O$174,Ocena!$O$185,Ocena!$O$196,Ocena!$O$207,Ocena!$O$218,Ocena!$O$229,Ocena!$O$240,Ocena!$O$251,Ocena!$O$262,Ocena!$O$273,Ocena!$O$284,Ocena!$O$295,Ocena!$O$306,Ocena!$O$317,Ocena!$O$328,Ocena!$O$339,Ocena!$O$350,Ocena!$O$368,Ocena!$O$369,Ocena!$O$383,Ocena!$O$394,Ocena!$O$405,Ocena!$O$416)) -> 11 | S12: =IF(AND(COUNT(Ocena!$K$9:$N$9)=4,COUNTIF(Ocena!$K$9:$N$9,0)=4),1,0)+IF(AND(COUNT(Ocena!$K$20:$N$20)=4,COUNTIF(Ocena!$K$20:$N$20,0)=4),1,0)+IF(AND(COUNT(Ocena!$K$31:$N$31)=4,COUNTIF(Ocena!$K$31:$N$31,0)=4),1,0)+IF(AND(COUNT(Ocena!$K$42:$N$42)=4,COUNTIF(Ocena!$K$42:$N$42,0)=4),1,0)+IF(AND(COUNT(Ocena!$K$53:$N$53)=4,COUNTIF(Ocena!$K$53:$N$53,0)=4),1,0)+IF(AND(COUNT(Ocena!$K$64:$N$64)=4,COUNTIF(Ocena!$K$64:$N$64,0)=4),1,0)+IF(AND(COUNT(Ocena!$K$75:$N$75)=4,COUNTIF(Ocena!$K$75:$N$75,0)=4),1,0)+IF(AND(COUNT(Ocena!$K$86:$N$86)=4,COUNTIF(Ocena!$K$86:$N$86,0)=4),1,0)+IF(AND(COUNT(Ocena!$K$97:$N$97)=4,COUNTIF(Ocena!$K$97:$N$97,0)=4),1,0)+IF(AND(COUNT(Ocena!$K$108:$N$108)=4,COUNTIF(Ocena!$K$108:$N$108,0)=4),1,0)+IF(AND(COUNT(Ocena!$K$119:$N$119)=4,COUNTIF(Ocena!$K$119:$N$119,0)=4),1,0)+IF(AND(COUNT(Ocena!$K$130:$N$130)=4,COUNTIF(Ocena!$K$130:$N$130,0)=4),1,0)+IF(AND(COUNT(Ocena!$K$141:$N$141)=4,COUNTIF(Ocena!$K$141:$N$141,0)=4),1,0)+IF(AND(COUNT(Ocena!$K$152:$N$152)=4,COUNTIF(Ocena!$K$152:$N$152,0)=4),1,0)+IF(AND(COUNT(Ocena!$K$163:$N$163)=4,COUNTIF(Ocena!$K$163:$N$163,0)=4),1,0)+IF(AND(COUNT(Ocena!$K$174:$N$174)=4,COUNTIF(Ocena!$K$174:$N$174,0)=4),1,0)+IF(AND(COUNT(Ocena!$K$185:$N$185)=4,COUNTIF(Ocena!$K$185:$N$185,0)=4),1,0)+IF(AND(COUNT(Ocena!$K$196:$N$196)=4,COUNTIF(Ocena!$K$196:$N$196,0)=4),1,0)+IF(AND(COUNT(Ocena!$K$207:$N$207)=4,COUNTIF(Ocena!$K$207:$N$207,0)=4),1,0)+IF(AND(COUNT(Ocena!$K$218:$N$218)=4,COUNTIF(Ocena!$K$218:$N$218,0)=4),1,0)+IF(AND(COUNT(Ocena!$K$229:$N$229)=4,COUNTIF(Ocena!$K$229:$N$229,0)=4),1,0)+IF(AND(COUNT(Ocena!$K$240:$N$240)=4,COUNTIF(Ocena!$K$240:$N$240,0)=4),1,0)+IF(AND(COUNT(Ocena!$K$251:$N$251)=4,COUNTIF(Ocena!$K$251:$N$251,0)=4),1,0)+IF(AND(COUNT(Ocena!$K$262:$N$262)=4,COUNTIF(Ocena!$K$262:$N$262,0)=4),1,0)+IF(AND(COUNT(Ocena!$K$273:$N$273)=4,COUNTIF(Ocena!$K$273:$N$273,0)=4),1,0)+IF(AND(COUNT(Ocena!$K$284:$N$284)=4,COUNTIF(Ocena!$K$284:$N$284,0)=4),1,0)+IF(AND(COUNT(Ocena!$K$295:$N$295)=4,COUNTIF(Ocena!$K$295:$N$295,0)=4),1,0)+IF(AND(COUNT(Ocena!$K$306:$N$306)=4,COUNTIF(Ocena!$K$306:$N$306,0)=4),1,0)+IF(AND(COUNT(Ocena!$K$317:$N$317)=4,COUNTIF(Ocena!$K$317:$N$317,0)=4),1,0)+IF(AND(COUNT(Ocena!$K$328:$N$328)=4,COUNTIF(Ocena!$K$328:$N$328,0)=4),1,0)+IF(AND(COUNT(Ocena!$K$339:$N$339)=4,COUNTIF(Ocena!$K$339:$N$339,0)=4),1,0)+IF(AND(COUNT(Ocena!$K$350:$N$350)=4,COUNTIF(Ocena!$K$350:$N$350,0)=4),1,0)+IF(AND(COUNT(Ocena!$K$368:$N$368)=4,COUNTIF(Ocena!$K$368:$N$368,0)=4),1,0)+IF(AND(COUNT(Ocena!$K$369:$N$369)=4,COUNTIF(Ocena!$K$369:$N$369,0)=4),1,0)+IF(AND(COUNT(Ocena!$K$383:$N$383)=4,COUNTIF(Ocena!$K$383:$N$383,0)=4),1,0)+IF(AND(COUNT(Ocena!$K$394:$N$394)=4,COUNTIF(Ocena!$K$394:$N$394,0)=4),1,0)+IF(AND(COUNT(Ocena!$K$405:$N$405)=4,COUNTIF(Ocena!$K$405:$N$405,0)=4),1,0)+IF(AND(COUNT(Ocena!$K$416:$N$416)=4,COUNTIF(Ocena!$K$416:$N$416,0)=4),1,0) -> 0 | T12: =IFERROR(S12/D12,0) -> 0
A13: MapAnything | B13: 8 | C13: 8 | D13: 38 | E13: =COUNT(Ocena!$O$12,Ocena!$O$23,Ocena!$O$34,Ocena!$O$45,Ocena!$O$56,Ocena!$O$67,Ocena!$O$78,Ocena!$O$89,Ocena!$O$100,Ocena!$O$111,Ocena!$O$122,Ocena!$O$133,Ocena!$O$144,Ocena!$O$155,Ocena!$O$166,Ocena!$O$177,Ocena!$O$188,Ocena!$O$199,Ocena!$O$210,Ocena!$O$221,Ocena!$O$232,Ocena!$O$243,Ocena!$O$254,Ocena!$O$265,Ocena!$O$276,Ocena!$O$287,Ocena!$O$298,Ocena!$O$309,Ocena!$O$320,Ocena!$O$331,Ocena!$O$342,Ocena!$O$353,Ocena!$O$374,Ocena!$O$375,Ocena!$O$386,Ocena!$O$397,Ocena!$O$408,Ocena!$O$419) -> 38 | F13: =IFERROR(E13/D13,0) -> 1 | G13: =IF(E13=0,"",MEDIAN(Ocena!$O$12,Ocena!$O$23,Ocena!$O$34,Ocena!$O$45,Ocena!$O$56,Ocena!$O$67,Ocena!$O$78,Ocena!$O$89,Ocena!$O$100,Ocena!$O$111,Ocena!$O$122,Ocena!$O$133,Ocena!$O$144,Ocena!$O$155,Ocena!$O$166,Ocena!$O$177,Ocena!$O$188,Ocena!$O$199,Ocena!$O$210,Ocena!$O$221,Ocena!$O$232,Ocena!$O$243,Ocena!$O$254,Ocena!$O$265,Ocena!$O$276,Ocena!$O$287,Ocena!$O$298,Ocena!$O$309,Ocena!$O$320,Ocena!$O$331,Ocena!$O$342,Ocena!$O$353,Ocena!$O$374,Ocena!$O$375,Ocena!$O$386,Ocena!$O$397,Ocena!$O$408,Ocena!$O$419)) -> 8 | H13: =IF(E13=0,"",AVERAGE(Ocena!$O$12,Ocena!$O$23,Ocena!$O$34,Ocena!$O$45,Ocena!$O$56,Ocena!$O$67,Ocena!$O$78,Ocena!$O$89,Ocena!$O$100,Ocena!$O$111,Ocena!$O$122,Ocena!$O$133,Ocena!$O$144,Ocena!$O$155,Ocena!$O$166,Ocena!$O$177,Ocena!$O$188,Ocena!$O$199,Ocena!$O$210,Ocena!$O$221,Ocena!$O$232,Ocena!$O$243,Ocena!$O$254,Ocena!$O$265,Ocena!$O$276,Ocena!$O$287,Ocena!$O$298,Ocena!$O$309,Ocena!$O$320,Ocena!$O$331,Ocena!$O$342,Ocena!$O$353,Ocena!$O$374,Ocena!$O$375,Ocena!$O$386,Ocena!$O$397,Ocena!$O$408,Ocena!$O$419)) -> 7.7894737 | I13: =IF(E13=0,"",MEDIAN(Ocena!$K$12,Ocena!$K$23,Ocena!$K$34,Ocena!$K$45,Ocena!$K$56,Ocena!$K$67,Ocena!$K$78,Ocena!$K$89,Ocena!$K$100,Ocena!$K$111,Ocena!$K$122,Ocena!$K$133,Ocena!$K$144,Ocena!$K$155,Ocena!$K$166,Ocena!$K$177,Ocena!$K$188,Ocena!$K$199,Ocena!$K$210,Ocena!$K$221,Ocena!$K$232,Ocena!$K$243,Ocena!$K$254,Ocena!$K$265,Ocena!$K$276,Ocena!$K$287,Ocena!$K$298,Ocena!$K$309,Ocena!$K$320,Ocena!$K$331,Ocena!$K$342,Ocena!$K$353,Ocena!$K$374,Ocena!$K$375,Ocena!$K$386,Ocena!$K$397,Ocena!$K$408,Ocena!$K$419)) -> 3 | J13: =IF(E13=0,"",AVERAGE(Ocena!$K$12,Ocena!$K$23,Ocena!$K$34,Ocena!$K$45,Ocena!$K$56,Ocena!$K$67,Ocena!$K$78,Ocena!$K$89,Ocena!$K$100,Ocena!$K$111,Ocena!$K$122,Ocena!$K$133,Ocena!$K$144,Ocena!$K$155,Ocena!$K$166,Ocena!$K$177,Ocena!$K$188,Ocena!$K$199,Ocena!$K$210,Ocena!$K$221,Ocena!$K$232,Ocena!$K$243,Ocena!$K$254,Ocena!$K$265,Ocena!$K$276,Ocena!$K$287,Ocena!$K$298,Ocena!$K$309,Ocena!$K$320,Ocena!$K$331,Ocena!$K$342,Ocena!$K$353,Ocena!$K$374,Ocena!$K$375,Ocena!$K$386,Ocena!$K$397,Ocena!$K$408,Ocena!$K$419)) -> 2.4736842 | K13: =IF(E13=0,"",MEDIAN(Ocena!$L$12,Ocena!$L$23,Ocena!$L$34,Ocena!$L$45,Ocena!$L$56,Ocena!$L$67,Ocena!$L$78,Ocena!$L$89,Ocena!$L$100,Ocena!$L$111,Ocena!$L$122,Ocena!$L$133,Ocena!$L$144,Ocena!$L$155,Ocena!$L$166,Ocena!$L$177,Ocena!$L$188,Ocena!$L$199,Ocena!$L$210,Ocena!$L$221,Ocena!$L$232,Ocena!$L$243,Ocena!$L$254,Ocena!$L$265,Ocena!$L$276,Ocena!$L$287,Ocena!$L$298,Ocena!$L$309,Ocena!$L$320,Ocena!$L$331,Ocena!$L$342,Ocena!$L$353,Ocena!$L$374,Ocena!$L$375,Ocena!$L$386,Ocena!$L$397,Ocena!$L$408,Ocena!$L$419)) -> 2 | L13: =IF(E13=0,"",AVERAGE(Ocena!$L$12,Ocena!$L$23,Ocena!$L$34,Ocena!$L$45,Ocena!$L$56,Ocena!$L$67,Ocena!$L$78,Ocena!$L$89,Ocena!$L$100,Ocena!$L$111,Ocena!$L$122,Ocena!$L$133,Ocena!$L$144,Ocena!$L$155,Ocena!$L$166,Ocena!$L$177,Ocena!$L$188,Ocena!$L$199,Ocena!$L$210,Ocena!$L$221,Ocena!$L$232,Ocena!$L$243,Ocena!$L$254,Ocena!$L$265,Ocena!$L$276,Ocena!$L$287,Ocena!$L$298,Ocena!$L$309,Ocena!$L$320,Ocena!$L$331,Ocena!$L$342,Ocena!$L$353,Ocena!$L$374,Ocena!$L$375,Ocena!$L$386,Ocena!$L$397,Ocena!$L$408,Ocena!$L$419)) -> 1.6578947 | M13: =IF(E13=0,"",MEDIAN(Ocena!$M$12,Ocena!$M$23,Ocena!$M$34,Ocena!$M$45,Ocena!$M$56,Ocena!$M$67,Ocena!$M$78,Ocena!$M$89,Ocena!$M$100,Ocena!$M$111,Ocena!$M$122,Ocena!$M$133,Ocena!$M$144,Ocena!$M$155,Ocena!$M$166,Ocena!$M$177,Ocena!$M$188,Ocena!$M$199,Ocena!$M$210,Ocena!$M$221,Ocena!$M$232,Ocena!$M$243,Ocena!$M$254,Ocena!$M$265,Ocena!$M$276,Ocena!$M$287,Ocena!$M$298,Ocena!$M$309,Ocena!$M$320,Ocena!$M$331,Ocena!$M$342,Ocena!$M$353,Ocena!$M$374,Ocena!$M$375,Ocena!$M$386,Ocena!$M$397,Ocena!$M$408,Ocena!$M$419)) -> 2 | N13: =IF(E13=0,"",AVERAGE(Ocena!$M$12,Ocena!$M$23,Ocena!$M$34,Ocena!$M$45,Ocena!$M$56,Ocena!$M$67,Ocena!$M$78,Ocena!$M$89,Ocena!$M$100,Ocena!$M$111,Ocena!$M$122,Ocena!$M$133,Ocena!$M$144,Ocena!$M$155,Ocena!$M$166,Ocena!$M$177,Ocena!$M$188,Ocena!$M$199,Ocena!$M$210,Ocena!$M$221,Ocena!$M$232,Ocena!$M$243,Ocena!$M$254,Ocena!$M$265,Ocena!$M$276,Ocena!$M$287,Ocena!$M$298,Ocena!$M$309,Ocena!$M$320,Ocena!$M$331,Ocena!$M$342,Ocena!$M$353,Ocena!$M$374,Ocena!$M$375,Ocena!$M$386,Ocena!$M$397,Ocena!$M$408,Ocena!$M$419)) -> 1.5789474 | O13: =IF(E13=0,"",MEDIAN(Ocena!$N$12,Ocena!$N$23,Ocena!$N$34,Ocena!$N$45,Ocena!$N$56,Ocena!$N$67,Ocena!$N$78,Ocena!$N$89,Ocena!$N$100,Ocena!$N$111,Ocena!$N$122,Ocena!$N$133,Ocena!$N$144,Ocena!$N$155,Ocena!$N$166,Ocena!$N$177,Ocena!$N$188,Ocena!$N$199,Ocena!$N$210,Ocena!$N$221,Ocena!$N$232,Ocena!$N$243,Ocena!$N$254,Ocena!$N$265,Ocena!$N$276,Ocena!$N$287,Ocena!$N$298,Ocena!$N$309,Ocena!$N$320,Ocena!$N$331,Ocena!$N$342,Ocena!$N$353,Ocena!$N$374,Ocena!$N$375,Ocena!$N$386,Ocena!$N$397,Ocena!$N$408,Ocena!$N$419)) -> 2 | P13: =IF(E13=0,"",AVERAGE(Ocena!$N$12,Ocena!$N$23,Ocena!$N$34,Ocena!$N$45,Ocena!$N$56,Ocena!$N$67,Ocena!$N$78,Ocena!$N$89,Ocena!$N$100,Ocena!$N$111,Ocena!$N$122,Ocena!$N$133,Ocena!$N$144,Ocena!$N$155,Ocena!$N$166,Ocena!$N$177,Ocena!$N$188,Ocena!$N$199,Ocena!$N$210,Ocena!$N$221,Ocena!$N$232,Ocena!$N$243,Ocena!$N$254,Ocena!$N$265,Ocena!$N$276,Ocena!$N$287,Ocena!$N$298,Ocena!$N$309,Ocena!$N$320,Ocena!$N$331,Ocena!$N$342,Ocena!$N$353,Ocena!$N$374,Ocena!$N$375,Ocena!$N$386,Ocena!$N$397,Ocena!$N$408,Ocena!$N$419)) -> 2.0789474 | Q13: =IF(E13=0,"",MIN(Ocena!$O$12,Ocena!$O$23,Ocena!$O$34,Ocena!$O$45,Ocena!$O$56,Ocena!$O$67,Ocena!$O$78,Ocena!$O$89,Ocena!$O$100,Ocena!$O$111,Ocena!$O$122,Ocena!$O$133,Ocena!$O$144,Ocena!$O$155,Ocena!$O$166,Ocena!$O$177,Ocena!$O$188,Ocena!$O$199,Ocena!$O$210,Ocena!$O$221,Ocena!$O$232,Ocena!$O$243,Ocena!$O$254,Ocena!$O$265,Ocena!$O$276,Ocena!$O$287,Ocena!$O$298,Ocena!$O$309,Ocena!$O$320,Ocena!$O$331,Ocena!$O$342,Ocena!$O$353,Ocena!$O$374,Ocena!$O$375,Ocena!$O$386,Ocena!$O$397,Ocena!$O$408,Ocena!$O$419)) -> 4 | R13: =IF(E13=0,"",MAX(Ocena!$O$12,Ocena!$O$23,Ocena!$O$34,Ocena!$O$45,Ocena!$O$56,Ocena!$O$67,Ocena!$O$78,Ocena!$O$89,Ocena!$O$100,Ocena!$O$111,Ocena!$O$122,Ocena!$O$133,Ocena!$O$144,Ocena!$O$155,Ocena!$O$166,Ocena!$O$177,Ocena!$O$188,Ocena!$O$199,Ocena!$O$210,Ocena!$O$221,Ocena!$O$232,Ocena!$O$243,Ocena!$O$254,Ocena!$O$265,Ocena!$O$276,Ocena!$O$287,Ocena!$O$298,Ocena!$O$309,Ocena!$O$320,Ocena!$O$331,Ocena!$O$342,Ocena!$O$353,Ocena!$O$374,Ocena!$O$375,Ocena!$O$386,Ocena!$O$397,Ocena!$O$408,Ocena!$O$419)) -> 10 | S13: =IF(AND(COUNT(Ocena!$K$12:$N$12)=4,COUNTIF(Ocena!$K$12:$N$12,0)=4),1,0)+IF(AND(COUNT(Ocena!$K$23:$N$23)=4,COUNTIF(Ocena!$K$23:$N$23,0)=4),1,0)+IF(AND(COUNT(Ocena!$K$34:$N$34)=4,COUNTIF(Ocena!$K$34:$N$34,0)=4),1,0)+IF(AND(COUNT(Ocena!$K$45:$N$45)=4,COUNTIF(Ocena!$K$45:$N$45,0)=4),1,0)+IF(AND(COUNT(Ocena!$K$56:$N$56)=4,COUNTIF(Ocena!$K$56:$N$56,0)=4),1,0)+IF(AND(COUNT(Ocena!$K$67:$N$67)=4,COUNTIF(Ocena!$K$67:$N$67,0)=4),1,0)+IF(AND(COUNT(Ocena!$K$78:$N$78)=4,COUNTIF(Ocena!$K$78:$N$78,0)=4),1,0)+IF(AND(COUNT(Ocena!$K$89:$N$89)=4,COUNTIF(Ocena!$K$89:$N$89,0)=4),1,0)+IF(AND(COUNT(Ocena!$K$100:$N$100)=4,COUNTIF(Ocena!$K$100:$N$100,0)=4),1,0)+IF(AND(COUNT(Ocena!$K$111:$N$111)=4,COUNTIF(Ocena!$K$111:$N$111,0)=4),1,0)+IF(AND(COUNT(Ocena!$K$122:$N$122)=4,COUNTIF(Ocena!$K$122:$N$122,0)=4),1,0)+IF(AND(COUNT(Ocena!$K$133:$N$133)=4,COUNTIF(Ocena!$K$133:$N$133,0)=4),1,0)+IF(AND(COUNT(Ocena!$K$144:$N$144)=4,COUNTIF(Ocena!$K$144:$N$144,0)=4),1,0)+IF(AND(COUNT(Ocena!$K$155:$N$155)=4,COUNTIF(Ocena!$K$155:$N$155,0)=4),1,0)+IF(AND(COUNT(Ocena!$K$166:$N$166)=4,COUNTIF(Ocena!$K$166:$N$166,0)=4),1,0)+IF(AND(COUNT(Ocena!$K$177:$N$177)=4,COUNTIF(Ocena!$K$177:$N$177,0)=4),1,0)+IF(AND(COUNT(Ocena!$K$188:$N$188)=4,COUNTIF(Ocena!$K$188:$N$188,0)=4),1,0)+IF(AND(COUNT(Ocena!$K$199:$N$199)=4,COUNTIF(Ocena!$K$199:$N$199,0)=4),1,0)+IF(AND(COUNT(Ocena!$K$210:$N$210)=4,COUNTIF(Ocena!$K$210:$N$210,0)=4),1,0)+IF(AND(COUNT(Ocena!$K$221:$N$221)=4,COUNTIF(Ocena!$K$221:$N$221,0)=4),1,0)+IF(AND(COUNT(Ocena!$K$232:$N$232)=4,COUNTIF(Ocena!$K$232:$N$232,0)=4),1,0)+IF(AND(COUNT(Ocena!$K$243:$N$243)=4,COUNTIF(Ocena!$K$243:$N$243,0)=4),1,0)+IF(AND(COUNT(Ocena!$K$254:$N$254)=4,COUNTIF(Ocena!$K$254:$N$254,0)=4),1,0)+IF(AND(COUNT(Ocena!$K$265:$N$265)=4,COUNTIF(Ocena!$K$265:$N$265,0)=4),1,0)+IF(AND(COUNT(Ocena!$K$276:$N$276)=4,COUNTIF(Ocena!$K$276:$N$276,0)=4),1,0)+IF(AND(COUNT(Ocena!$K$287:$N$287)=4,COUNTIF(Ocena!$K$287:$N$287,0)=4),1,0)+IF(AND(COUNT(Ocena!$K$298:$N$298)=4,COUNTIF(Ocena!$K$298:$N$298,0)=4),1,0)+IF(AND(COUNT(Ocena!$K$309:$N$309)=4,COUNTIF(Ocena!$K$309:$N$309,0)=4),1,0)+IF(AND(COUNT(Ocena!$K$320:$N$320)=4,COUNTIF(Ocena!$K$320:$N$320,0)=4),1,0)+IF(AND(COUNT(Ocena!$K$331:$N$331)=4,COUNTIF(Ocena!$K$331:$N$331,0)=4),1,0)+IF(AND(COUNT(Ocena!$K$342:$N$342)=4,COUNTIF(Ocena!$K$342:$N$342,0)=4),1,0)+IF(AND(COUNT(Ocena!$K$353:$N$353)=4,COUNTIF(Ocena!$K$353:$N$353,0)=4),1,0)+IF(AND(COUNT(Ocena!$K$374:$N$374)=4,COUNTIF(Ocena!$K$374:$N$374,0)=4),1,0)+IF(AND(COUNT(Ocena!$K$375:$N$375)=4,COUNTIF(Ocena!$K$375:$N$375,0)=4),1,0)+IF(AND(COUNT(Ocena!$K$386:$N$386)=4,COUNTIF(Ocena!$K$386:$N$386,0)=4),1,0)+IF(AND(COUNT(Ocena!$K$397:$N$397)=4,COUNTIF(Ocena!$K$397:$N$397,0)=4),1,0)+IF(AND(COUNT(Ocena!$K$408:$N$408)=4,COUNTIF(Ocena!$K$408:$N$408,0)=4),1,0)+IF(AND(COUNT(Ocena!$K$419:$N$419)=4,COUNTIF(Ocena!$K$419:$N$419,0)=4),1,0) -> 0 | T13: =IFERROR(S13/D13,0) -> 0
