Workbook

Sheet Ocena
A1: Lp. | B1: Nazwa przypadku | C1: Zbiór | D1: Scena | E1: Kategoria scen | F1: Wariant | G1: Liczba obrazów (scenariusz) | H1: Model | I1: Rekonstrukcja GLB | J1: Obrazy źródłowe | K1: Status | L1: C – kompletność | M1: G – geometria | N1: A – artefakty | O1: D – struktura i szczegóły | P1: Q – suma | Q1: Uwagi jakościowe | R1: Kontrola | S1: Katalog źródłowy (WSL)
A2: 1 | B2: llff_fortress_a_scen_2 | C2: LLFF | D2: fortress | E2: Obiektowe | F2: a | G2: 2 | H2: VGGT | I2: =HYPERLINK("vggt/outputs/llff_fortress_scen_2/reconstruction.glb","vggt/outputs/llff_fortress_scen_2/reconstruction.glb") -> vggt/outputs/llff_fortress_scen_2/reconstruction.glb | J2: IMG_1800.JPG IMG_1820.JPG | K2: Oceniono | L2: 1 | M2: 1 | N2: 2 | O2: 1 | P2: =IF($K2="Niepowodzenie rekonstrukcji",0,IF(COUNT($L2:$O2)=4,SUM($L2:$O2),"")) -> 5 | R2: =IF($K2="Niepowodzenie rekonstrukcji",IF(COUNTIF($L2:$O2,0)=4,"OK","Ustaw C, G, A, D = 0"),IF(COUNT($L2:$O2)=0,"Nieoceniony",IF(COUNT($L2:$O2)=4,"OK","Uzupełnij oceny"))) -> OK | S2: /home/kamil/dataset/nerf_llff_data/fortress/images/scen_2
A3: 2 | B3: llff_fortress_b_scen_2 | C3: LLFF | D3: fortress | E3: Obiektowe | F3: b | G3: 2 | H3: VGGT | I3: =HYPERLINK("vggt/outputs_extras/llff_fortress_b_scen_2/reconstruction.glb","vggt/outputs_extras/llff_fortress_b_scen_2/reconstruction.glb") -> vggt/outputs_extras/llff_fortress_b_scen_2/reconstruction.glb | J3: IMG_1810.JPG IMG_1815.JPG | K3: Do oceny | L3: 1 | M3: 1 | N3: 2 | O3: 1 | P3: =IF($K3="Niepowodzenie rekonstrukcji",0,IF(COUNT($L3:$O3)=4,SUM($L3:$O3),"")) -> 5 | R3: =IF($K3="Niepowodzenie rekonstrukcji",IF(COUNTIF($L3:$O3,0)=4,"OK","Ustaw C, G, A, D = 0"),IF(COUNT($L3:$O3)=0,"Nieoceniony",IF(COUNT($L3:$O3)=4,"OK","Uzupełnij oceny"))) -> OK | S3: /home/kamil/dataset/nerf_llff_data/fortress_B/images/scen_2
A4: 3 | B4: llff_fortress_c_scen_2 | C4: LLFF | D4: fortress | E4: Obiektowe | F4: c | G4: 2 | H4: VGGT | I4: =HYPERLINK("vggt/outputs_extras/llff_fortress_c_scen_2/reconstruction.glb","vggt/outputs_extras/llff_fortress_c_scen_2/reconstruction.glb") -> vggt/outputs_extras/llff_fortress_c_scen_2/reconstruction.glb | J4: IMG_1820.JPG IMG_1825.JPG | K4: Do oceny | L4: 1 | M4: 1 | N4: 2 | O4: 1 | P4: =IF($K4="Niepowodzenie rekonstrukcji",0,IF(COUNT($L4:$O4)=4,SUM($L4:$O4),"")) -> 5 | R4: =IF($K4="Niepowodzenie rekonstrukcji",IF(COUNTIF($L4:$O4,0)=4,"OK","Ustaw C, G, A, D = 0"),IF(COUNT($L4:$O4)=0,"Nieoceniony",IF(COUNT($L4:$O4)=4,"OK","Uzupełnij oceny"))) -> OK | S4: /home/kamil/dataset/nerf_llff_data/fortress_C/images/scen_2
A5: 4 | B5: llff_fortress_a_scen_2 | C5: LLFF | D5: fortress | E5: Obiektowe | F5: a | G5: 2 | H5: MASt3R | I5: =HYPERLINK("mast3r/outputs/llff_fortress_scen_2/reconstruction.glb","mast3r/outputs/llff_fortress_scen_2/reconstruction.glb") -> mast3r/outputs/llff_fortress_scen_2/reconstruction.glb | J5: IMG_1800.JPG IMG_1820.JPG | K5: Oceniono | L5: 1 | M5: 1 | N5: 3 | O5: 1 | P5: =IF($K5="Niepowodzenie rekonstrukcji",0,IF(COUNT($L5:$O5)=4,SUM($L5:$O5),"")) -> 6 | R5: =IF($K5="Niepowodzenie rekonstrukcji",IF(COUNTIF($L5:$O5,0)=4,"OK","Ustaw C, G, A, D = 0"),IF(COUNT($L5:$O5)=0,"Nieoceniony",IF(COUNT($L5:$O5)=4,"OK","Uzupełnij oceny"))) -> OK | S5: /home/kamil/dataset/nerf_llff_data/fortress/images/scen_2
A6: 5 | B6: llff_fortress_b_scen_2 | C6: LLFF | D6: fortress | E6: Obiektowe | F6: b | G6: 2 | H6: MASt3R | I6: =HYPERLINK("mast3r/outputs_extras/llff_fortress_b_scen_2/reconstruction.glb","mast3r/outputs_extras/llff_fortress_b_scen_2/reconstruction.glb") -> mast3r/outputs_extras/llff_fortress_b_scen_2/reconstruction.glb | J6: IMG_1810.JPG IMG_1815.JPG | K6: Do oceny | L6: 1 | M6: 1 | N6: 3 | O6: 1 | P6: =IF($K6="Niepowodzenie rekonstrukcji",0,IF(COUNT($L6:$O6)=4,SUM($L6:$O6),"")) -> 6 | R6: =IF($K6="Niepowodzenie rekonstrukcji",IF(COUNTIF($L6:$O6,0)=4,"OK","Ustaw C, G, A, D = 0"),IF(COUNT($L6:$O6)=0,"Nieoceniony",IF(COUNT($L6:$O6)=4,"OK","Uzupełnij oceny"))) -> OK | S6: /home/kamil/dataset/nerf_llff_data/fortress_B/images/scen_2
A7: 6 | B7: llff_fortress_c_scen_2 | C7: LLFF | D7: fortress | E7: Obiektowe | F7: c | G7: 2 | H7: MASt3R | I7: =HYPERLINK("mast3r/outputs_extras/llff_fortress_c_scen_2/reconstruction.glb","mast3r/outputs_extras/llff_fortress_c_scen_2/reconstruction.glb") -> mast3r/outputs_extras/llff_fortress_c_scen_2/reconstruction.glb | J7: IMG_1820.JPG IMG_1825.JPG | K7: Do oceny | L7: 1 | M7: 1 | N7: 3 | O7: 1 | P7: =IF($K7="Niepowodzenie rekonstrukcji",0,IF(COUNT($L7:$O7)=4,SUM($L7:$O7),"")) -> 6 | R7: =IF($K7="Niepowodzenie rekonstrukcji",IF(COUNTIF($L7:$O7,0)=4,"OK","Ustaw C, G, A, D = 0"),IF(COUNT($L7:$O7)=0,"Nieoceniony",IF(COUNT($L7:$O7)=4,"OK","Uzupełnij oceny"))) -> OK | S7: /home/kamil/dataset/nerf_llff_data/fortress_C/images/scen_2
A8: 7 | B8: llff_fortress_a_scen_2 | C8: LLFF | D8: fortress | E8: Obiektowe | F8: a | G8: 2 | H8: MapAnything | I8: =HYPERLINK("mapany/outputs/llff_fortress_scen_2/reconstruction.glb","mapany/outputs/llff_fortress_scen_2/reconstruction.glb") -> mapany/outputs/llff_fortress_scen_2/reconstruction.glb | J8: IMG_1800.JPG IMG_1820.JPG | K8: Oceniono | L8: 2 | M8: 1 | N8: 3 | O8: 1 | P8: =IF($K8="Niepowodzenie rekonstrukcji",0,IF(COUNT($L8:$O8)=4,SUM($L8:$O8),"")) -> 7 | R8: =IF($K8="Niepowodzenie rekonstrukcji",IF(COUNTIF($L8:$O8,0)=4,"OK","Ustaw C, G, A, D = 0"),IF(COUNT($L8:$O8)=0,"Nieoceniony",IF(COUNT($L8:$O8)=4,"OK","Uzupełnij oceny"))) -> OK | S8: /home/kamil/dataset/nerf_llff_data/fortress/images/scen_2
A9: 8 | B9: llff_fortress_b_scen_2 | C9: LLFF | D9: fortress | E9: Obiektowe | F9: b | G9: 2 | H9: MapAnything | I9: =HYPERLINK("mapany/outputs_extras/llff_fortress_b_scen_2/reconstruction.glb","mapany/outputs_extras/llff_fortress_b_scen_2/reconstruction.glb") -> mapany/outputs_extras/llff_fortress_b_scen_2/reconstruction.glb | J9: IMG_1810.JPG IMG_1815.JPG | K9: Do oceny | L9: 2 | M9: 1 | N9: 3 | O9: 1 | P9: =IF($K9="Niepowodzenie rekonstrukcji",0,IF(COUNT($L9:$O9)=4,SUM($L9:$O9),"")) -> 7 | R9: =IF($K9="Niepowodzenie rekonstrukcji",IF(COUNTIF($L9:$O9,0)=4,"OK","Ustaw C, G, A, D = 0"),IF(COUNT($L9:$O9)=0,"Nieoceniony",IF(COUNT($L9:$O9)=4,"OK","Uzupełnij oceny"))) -> OK | S9: /home/kamil/dataset/nerf_llff_data/fortress_B/images/scen_2
A10: 9 | B10: llff_fortress_c_scen_2 | C10: LLFF | D10: fortress | E10: Obiektowe | F10: c | G10: 2 | H10: MapAnything | I10: =HYPERLINK("mapany/outputs_extras/llff_fortress_c_scen_2/reconstruction.glb","mapany/outputs_extras/llff_fortress_c_scen_2/reconstruction.glb") -> mapany/outputs_extras/llff_fortress_c_scen_2/reconstruction.glb | J10: IMG_1820.JPG IMG_1825.JPG | K10: Do oceny | L10: 2 | M10: 1 | N10: 3 | O10: 1 | P10: =IF($K10="Niepowodzenie rekonstrukcji",0,IF(COUNT($L10:$O10)=4,SUM($L10:$O10),"")) -> 7 | R10: =IF($K10="Niepowodzenie rekonstrukcji",IF(COUNTIF($L10:$O10,0)=4,"OK","Ustaw C, G, A, D = 0"),IF(COUNT($L10:$O10)=0,"Nieoceniony",IF(COUNT($L10:$O10)=4,"OK","Uzupełnij oceny"))) -> OK | S10: /home/kamil/dataset/nerf_llff_data/fortress_C/images/scen_2
A11: 10 | B11: llff_fortress_a_scen_3 | C11: LLFF | D11: fortress | E11: Obiektowe | F11: a | G11: 4 | H11: VGGT | I11: =HYPERLINK("vggt/outputs/llff_fortress_scen_3/reconstruction.glb","vggt/outputs/llff_fortress_scen_3/reconstruction.glb") -> vggt/outputs/llff_fortress_scen_3/reconstruction.glb | J11: IMG_1800.JPG IMG_1820.JPG IMG_1830.JPG IMG_1835.JPG | K11: Oceniono | L11: 1 | M11: 2 | N11: 3 | O11: 1 | P11: =IF($K11="Niepowodzenie rekonstrukcji",0,IF(COUNT($L11:$O11)=4,SUM($L11:$O11),"")) -> 7 | R11: =IF($K11="Niepowodzenie rekonstrukcji",IF(COUNTIF($L11:$O11,0)=4,"OK","Ustaw C, G, A, D = 0"),IF(COUNT($L11:$O11)=0,"Nieoceniony",IF(COUNT($L11:$O11)=4,"OK","Uzupełnij oceny"))) -> OK | S11: /home/kamil/dataset/nerf_llff_data/fortress/images/scen_3
A12: 11 | B12: llff_fortress_b_scen_3 | C12: LLFF | D12: fortress | E12: Obiektowe | F12: b | G12: 4 | H12: VGGT | I12: =HYPERLINK("vggt/outputs_extras/llff_fortress_b_scen_3/reconstruction.glb","vggt/outputs_extras/llff_fortress_b_scen_3/reconstruction.glb") -> vggt/outputs_extras/llff_fortress_b_scen_3/reconstruction.glb | J12: IMG_1800.JPG IMG_1805.JPG IMG_1810.JPG IMG_1815.JPG | K12: Do oceny | L12: 1 | M12: 2 | N12: 3 | O12: 1 | P12: =IF($K12="Niepowodzenie rekonstrukcji",0,IF(COUNT($L12:$O12)=4,SUM($L12:$O12),"")) -> 7 | R12: =IF($K12="Niepowodzenie rekonstrukcji",IF(COUNTIF($L12:$O12,0)=4,"OK","Ustaw C, G, A, D = 0"),IF(COUNT($L12:$O12)=0,"Nieoceniony",IF(COUNT($L12:$O12)=4,"OK","Uzupełnij oceny"))) -> OK | S12: /home/kamil/dataset/nerf_llff_data/fortress_B/images/scen_3
A13: 12 | B13: llff_fortress_c_scen_3 | C13: LLFF | D13: fortress | E13: Obiektowe | F13: c | G13: 4 | H13: VGGT | I13: =HYPERLINK("vggt/outputs_extras/llff_fortress_c_scen_3/reconstruction.glb","vggt/outputs_extras/llff_fortress_c_scen_3/reconstruction.glb") -> vggt/outputs_extras/llff_fortress_c_scen_3/reconstruction.glb | J13: IMG_1805.JPG IMG_1820.JPG IMG_1825.JPG IMG_1835.JPG | K13: Do oceny | L13: 1 | M13: 2 | N13: 3 | O13: 1 | P13: =IF($K13="Niepowodzenie rekonstrukcji",0,IF(COUNT($L13:$O13)=4,SUM($L13:$O13),"")) -> 7 | R13: =IF($K13="Niepowodzenie rekonstrukcji",IF(COUNTIF($L13:$O13,0)=4,"OK","Ustaw C, G, A, D = 0"),IF(COUNT($L13:$O13)=0,"Nieoceniony",IF(COUNT($L13:$O13)=4,"OK","Uzupełnij oceny"))) -> OK | S13: /home/kamil/dataset/nerf_llff_data/fortress_C/images/scen_3
A14: 13 | B14: llff_fortress_a_scen_3 | C14: LLFF | D14: fortress | E14: Obiektowe | F14: a | G14: 4 | H14: MASt3R | I14: =HYPERLINK("mast3r/outputs/llff_fortress_scen_3/reconstruction.glb","mast3r/outputs/llff_fortress_scen_3/reconstruction.glb") -> mast3r/outputs/llff_fortress_scen_3/reconstruction.glb | J14: IMG_1800.JPG IMG_1820.JPG IMG_1830.JPG IMG_1835.JPG | K14: Oceniono | L14: 1 | M14: 1 | N14: 3 | O14: 1 | P14: =IF($K14="Niepowodzenie rekonstrukcji",0,IF(COUNT($L14:$O14)=4,SUM($L14:$O14),"")) -> 6 | R14: =IF($K14="Niepowodzenie rekonstrukcji",IF(COUNTIF($L14:$O14,0)=4,"OK","Ustaw C, G, A, D = 0"),IF(COUNT($L14:$O14)=0,"Nieoceniony",IF(COUNT($L14:$O14)=4,"OK","Uzupełnij oceny"))) -> OK | S14: /home/kamil/dataset/nerf_llff_data/fortress/images/scen_3
A15: 14 | B15: llff_fortress_b_scen_3 | C15: LLFF | D15: fortress | E15: Obiektowe | F15: b | G15: 4 | H15: MASt3R | I15: =HYPERLINK("mast3r/outputs_extras/llff_fortress_b_scen_3/reconstruction.glb","mast3r/outputs_extras/llff_fortress_b_scen_3/reconstruction.glb") -> mast3r/outputs_extras/llff_fortress_b_scen_3/reconstruction.glb | J15: IMG_1800.JPG IMG_1805.JPG IMG_1810.JPG IMG_1815.JPG | K15: Do oceny | L15: 1 | M15: 1 | N15: 3 | O15: 1 | P15: =IF($K15="Niepowodzenie rekonstrukcji",0,IF(COUNT($L15:$O15)=4,SUM($L15:$O15),"")) -> 6 | R15: =IF($K15="Niepowodzenie rekonstrukcji",IF(COUNTIF($L15:$O15,0)=4,"OK","Ustaw C, G, A, D = 0"),IF(COUNT($L15:$O15)=0,"Nieoceniony",IF(COUNT($L15:$O15)=4,"OK","Uzupełnij oceny"))) -> OK | S15: /home/kamil/dataset/nerf_llff_data/fortress_B/images/scen_3
A16: 15 | B16: llff_fortress_c_scen_3 | C16: LLFF | D16: fortress | E16: Obiektowe | F16: c | G16: 4 | H16: MASt3R | I16: =HYPERLINK("mast3r/outputs_extras/llff_fortress_c_scen_3/reconstruction.glb","mast3r/outputs_extras/llff_fortress_c_scen_3/reconstruction.glb") -> mast3r/outputs_extras/llff_fortress_c_scen_3/reconstruction.glb | J16: IMG_1805.JPG IMG_1820.JPG IMG_1825.JPG IMG_1835.JPG | K16: Do oceny | L16: 1 | M16: 1 | N16: 3 | O16: 1 | P16: =IF($K16="Niepowodzenie rekonstrukcji",0,IF(COUNT($L16:$O16)=4,SUM($L16:$O16),"")) -> 6 | R16: =IF($K16="Niepowodzenie rekonstrukcji",IF(COUNTIF($L16:$O16,0)=4,"OK","Ustaw C, G, A, D = 0"),IF(COUNT($L16:$O16)=0,"Nieoceniony",IF(COUNT($L16:$O16)=4,"OK","Uzupełnij oceny"))) -> OK | S16: /home/kamil/dataset/nerf_llff_data/fortress_C/images/scen_3
A17: 16 | B17: llff_fortress_a_scen_3 | C17: LLFF | D17: fortress | E17: Obiektowe | F17: a | G17: 4 | H17: MapAnything | I17: =HYPERLINK("mapany/outputs/llff_fortress_scen_3/reconstruction.glb","mapany/outputs/llff_fortress_scen_3/reconstruction.glb") -> mapany/outputs/llff_fortress_scen_3/reconstruction.glb | J17: IMG_1800.JPG IMG_1820.JPG IMG_1830.JPG IMG_1835.JPG | K17: Oceniono | L17: 2 | M17: 2 | N17: 3 | O17: 2 | P17: =IF($K17="Niepowodzenie rekonstrukcji",0,IF(COUNT($L17:$O17)=4,SUM($L17:$O17),"")) -> 9 | R17: =IF($K17="Niepowodzenie rekonstrukcji",IF(COUNTIF($L17:$O17,0)=4,"OK","Ustaw C, G, A, D = 0"),IF(COUNT($L17:$O17)=0,"Nieoceniony",IF(COUNT($L17:$O17)=4,"OK","Uzupełnij oceny"))) -> OK | S17: /home/kamil/dataset/nerf_llff_data/fortress/images/scen_3
A18: 17 | B18: llff_fortress_b_scen_3 | C18: LLFF | D18: fortress | E18: Obiektowe | F18: b | G18: 4 | H18: MapAnything | I18: =HYPERLINK("mapany/outputs_extras/llff_fortress_b_scen_3/reconstruction.glb","mapany/outputs_extras/llff_fortress_b_scen_3/reconstruction.glb") -> mapany/outputs_extras/llff_fortress_b_scen_3/reconstruction.glb | J18: IMG_1800.JPG IMG_1805.JPG IMG_1810.JPG IMG_1815.JPG | K18: Do oceny | L18: 2 | M18: 2 | N18: 3 | O18: 2 | P18: =IF($K18="Niepowodzenie rekonstrukcji",0,IF(COUNT($L18:$O18)=4,SUM($L18:$O18),"")) -> 9 | R18: =IF($K18="Niepowodzenie rekonstrukcji",IF(COUNTIF($L18:$O18,0)=4,"OK","Ustaw C, G, A, D = 0"),IF(COUNT($L18:$O18)=0,"Nieoceniony",IF(COUNT($L18:$O18)=4,"OK","Uzupełnij oceny"))) -> OK | S18: /home/kamil/dataset/nerf_llff_data/fortress_B/images/scen_3
A19: 18 | B19: llff_fortress_c_scen_3 | C19: LLFF | D19: fortress | E19: Obiektowe | F19: c | G19: 4 | H19: MapAnything | I19: =HYPERLINK("mapany/outputs_extras/llff_fortress_c_scen_3/reconstruction.glb","mapany/outputs_extras/llff_fortress_c_scen_3/reconstruction.glb") -> mapany/outputs_extras/llff_fortress_c_scen_3/reconstruction.glb | J19: IMG_1805.JPG IMG_1820.JPG IMG_1825.JPG IMG_1835.JPG | K19: Do oceny | L19: 2 | M19: 2 | N19: 3 | O19: 2 | P19: =IF($K19="Niepowodzenie rekonstrukcji",0,IF(COUNT($L19:$O19)=4,SUM($L19:$O19),"")) -> 9 | R19: =IF($K19="Niepowodzenie rekonstrukcji",IF(COUNTIF($L19:$O19,0)=4,"OK","Ustaw C, G, A, D = 0"),IF(COUNT($L19:$O19)=0,"Nieoceniony",IF(COUNT($L19:$O19)=4,"OK","Uzupełnij oceny"))) -> OK | S19: /home/kamil/dataset/nerf_llff_data/fortress_C/images/scen_3
A20: 19 | B20: custom_gate_a_scen_2 | C20: Custom | D20: gate | E20: Zewnętrzne | F20: a | G20: 2 | H20: VGGT | I20: =HYPERLINK("vggt/outputs/custom_gate_scen_2/reconstruction.glb","vggt/outputs/custom_gate_scen_2/reconstruction.glb") -> vggt/outputs/custom_gate_scen_2/reconstruction.glb | J20: IMG_8818.jpg IMG_8826.jpg | K20: Oceniono | L20: 1 | M20: 2 | N20: 2 | O20: 1 | P20: =IF($K20="Niepowodzenie rekonstrukcji",0,IF(COUNT($L20:$O20)=4,SUM($L20:$O20),"")) -> 6 | R20: =IF($K20="Niepowodzenie rekonstrukcji",IF(COUNTIF($L20:$O20,0)=4,"OK","Ustaw C, G, A, D = 0"),IF(COUNT($L20:$O20)=0,"Nieoceniony",IF(COUNT($L20:$O20)=4,"OK","Uzupełnij oceny"))) -> OK | S20: /home/kamil/dataset/custom/gate/images/scen_2
A21: 20 | B21: custom_gate_b_scen_2 | C21: Custom | D21: gate | E21: Zewnętrzne | F21: b | G21: 2 | H21: VGGT | I21: =HYPERLINK("vggt/outputs_extras/custom_gate_b_scen_2/reconstruction.glb","vggt/outputs_extras/custom_gate_b_scen_2/reconstruction.glb") -> vggt/outputs_extras/custom_gate_b_scen_2/reconstruction.glb | J21: IMG_8816.jpg IMG_8829.jpg | K21: Do oceny | L21: 1 | M21: 2 | N21: 2 | O21: 1 | P21: =IF($K21="Niepowodzenie rekonstrukcji",0,IF(COUNT($L21:$O21)=4,SUM($L21:$O21),"")) -> 6 | R21: =IF($K21="Niepowodzenie rekonstrukcji",IF(COUNTIF($L21:$O21,0)=4,"OK","Ustaw C, G, A, D = 0"),IF(COUNT($L21:$O21)=0,"Nieoceniony",IF(COUNT($L21:$O21)=4,"OK","Uzupełnij oceny"))) -> OK | S21: /home/kamil/dataset/custom/gate_B/images/scen_2
A22: 21 | B22: custom_gate_c_scen_2 | C22: Custom | D22: gate | E22: Zewnętrzne | F22: c | G22: 2 | H22: VGGT | I22: =HYPERLINK("vggt/outputs_extras/custom_gate_c_scen_2/reconstruction.glb","vggt/outputs_extras/custom_gate_c_scen_2/reconstruction.glb") -> vggt/outputs_extras/custom_gate_c_scen_2/reconstruction.glb | J22: IMG_8823.jpg IMG_8824.jpg | K22: Do oceny | L22: 1 | M22: 2 | N22: 2 | O22: 1 | P22: =IF($K22="Niepowodzenie rekonstrukcji",0,IF(COUNT($L22:$O22)=4,SUM($L22:$O22),"")) -> 6 | R22: =IF($K22="Niepowodzenie rekonstrukcji",IF(COUNTIF($L22:$O22,0)=4,"OK","Ustaw C, G, A, D = 0"),IF(COUNT($L22:$O22)=0,"Nieoceniony",IF(COUNT($L22:$O22)=4,"OK","Uzupełnij oceny"))) -> OK | S22: /home/kamil/dataset/custom/gate_C/images/scen_2
A23: 22 | B23: custom_gate_a_scen_2 | C23: Custom | D23: gate | E23: Zewnętrzne | F23: a | G23: 2 | H23: MASt3R | I23: =HYPERLINK("mast3r/outputs/custom_gate_scen_2/reconstruction.glb","mast3r/outputs/custom_gate_scen_2/reconstruction.glb") -> mast3r/outputs/custom_gate_scen_2/reconstruction.glb | J23: IMG_8818.jpg IMG_8826.jpg | K23: Oceniono | L23: 2 | M23: 3 | N23: 3 | O23: 2 | P23: =IF($K23="Niepowodzenie rekonstrukcji",0,IF(COUNT($L23:$O23)=4,SUM($L23:$O23),"")) -> 10 | R23: =IF($K23="Niepowodzenie rekonstrukcji",IF(COUNTIF($L23:$O23,0)=4,"OK","Ustaw C, G, A, D = 0"),IF(COUNT($L23:$O23)=0,"Nieoceniony",IF(COUNT($L23:$O23)=4,"OK","Uzupełnij oceny"))) -> OK | S23: /home/kamil/dataset/custom/gate/images/scen_2
A24: 23 | B24: custom_gate_b_scen_2 | C24: Custom | D24: gate | E24: Zewnętrzne | F24: b | G24: 2 | H24: MASt3R | I24: =HYPERLINK("mast3r/outputs_extras/custom_gate_b_scen_2/reconstruction.glb","mast3r/outputs_extras/custom_gate_b_scen_2/reconstruction.glb") -> mast3r/outputs_extras/custom_gate_b_scen_2/reconstruction.glb | J24: IMG_8816.jpg IMG_8829.jpg | K24: Do oceny | L24: 2 | M24: 3 | N24: 3 | O24: 2 | P24: =IF($K24="Niepowodzenie rekonstrukcji",0,IF(COUNT($L24:$O24)=4,SUM($L24:$O24),"")) -> 10 | R24: =IF($K24="Niepowodzenie rekonstrukcji",IF(COUNTIF($L24:$O24,0)=4,"OK","Ustaw C, G, A, D = 0"),IF(COUNT($L24:$O24)=0,"Nieoceniony",IF(COUNT($L24:$O24)=4,"OK","Uzupełnij oceny"))) -> OK | S24: /home/kamil/dataset/custom/gate_B/images/scen_2
A25: 24 | B25: custom_gate_c_scen_2 | C25: Custom | D25: gate | E25: Zewnętrzne | F25: c | G25: 2 | H25: MASt3R | I25: =HYPERLINK("mast3r/outputs_extras/custom_gate_c_scen_2/reconstruction.glb","mast3r/outputs_extras/custom_gate_c_scen_2/reconstruction.glb") -> mast3r/outputs_extras/custom_gate_c_scen_2/reconstruction.glb | J25: IMG_8823.jpg IMG_8824.jpg | K25: Do oceny | L25: 2 | M25: 3 | N25: 3 | O25: 2 | P25: =IF($K25="Niepowodzenie rekonstrukcji",0,IF(COUNT($L25:$O25)=4,SUM($L25:$O25),"")) -> 10 | R25: =IF($K25="Niepowodzenie rekonstrukcji",IF(COUNTIF($L25:$O25,0)=4,"OK","Ustaw C, G, A, D = 0"),IF(COUNT($L25:$O25)=0,"Nieoceniony",IF(COUNT($L25:$O25)=4,"OK","Uzupełnij oceny"))) -> OK | S25: /home/kamil/dataset/custom/gate_C/images/scen_2
A26: 25 | B26: custom_gate_a_scen_2 | C26: Custom | D26: gate | E26: Zewnętrzne | F26: a | G26: 2 | H26: MapAnything | I26: =HYPERLINK("mapany/outputs/custom_gate_scen_2/reconstruction.glb","mapany/outputs/custom_gate_scen_2/reconstruction.glb") -> mapany/outputs/custom_gate_scen_2/reconstruction.glb | J26: IMG_8818.jpg IMG_8826.jpg | K26: Oceniono | L26: 3 | M26: 3 | N26: 2 | O26: 3 | P26: =IF($K26="Niepowodzenie rekonstrukcji",0,IF(COUNT($L26:$O26)=4,SUM($L26:$O26),"")) -> 11 | R26: =IF($K26="Niepowodzenie rekonstrukcji",IF(COUNTIF($L26:$O26,0)=4,"OK","Ustaw C, G, A, D = 0"),IF(COUNT($L26:$O26)=0,"Nieoceniony",IF(COUNT($L26:$O26)=4,"OK","Uzupełnij oceny"))) -> OK | S26: /home/kamil/dataset/custom/gate/images/scen_2
A27: 26 | B27: custom_gate_b_scen_2 | C27: Custom | D27: gate | E27: Zewnętrzne | F27: b | G27: 2 | H27: MapAnything | I27: =HYPERLINK("mapany/outputs_extras/custom_gate_b_scen_2/reconstruction.glb","mapany/outputs_extras/custom_gate_b_scen_2/reconstruction.glb") -> mapany/outputs_extras/custom_gate_b_scen_2/reconstruction.glb | J27: IMG_8816.jpg IMG_8829.jpg | K27: Do oceny | L27: 3 | M27: 3 | N27: 1 | O27: 2 | P27: =IF($K27="Niepowodzenie rekonstrukcji",0,IF(COUNT($L27:$O27)=4,SUM($L27:$O27),"")) -> 9 | R27: =IF($K27="Niepowodzenie rekonstrukcji",IF(COUNTIF($L27:$O27,0)=4,"OK","Ustaw C, G, A, D = 0"),IF(COUNT($L27:$O27)=0,"Nieoceniony",IF(COUNT($L27:$O27)=4,"OK","Uzupełnij oceny"))) -> OK | S27: /home/kamil/dataset/custom/gate_B/images/scen_2
A28: 27 | B28: custom_gate_c_scen_2 | C28: Custom | D28: gate | E28: Zewnętrzne | F28: c | G28: 2 | H28: MapAnything | I28: =HYPERLINK("mapany/outputs_extras/custom_gate_c_scen_2/reconstruction.glb","mapany/outputs_extras/custom_gate_c_scen_2/reconstruction.glb") -> mapany/outputs_extras/custom_gate_c_scen_2/reconstruction.glb | J28: IMG_8823.jpg IMG_8824.jpg | K28: Do oceny | L28: 3 | M28: 2 | N28: 2 | O28: 2 | P28: =IF($K28="Niepowodzenie rekonstrukcji",0,IF(COUNT($L28:$O28)=4,SUM($L28:$O28),"")) -> 9 | R28: =IF($K28="Niepowodzenie rekonstrukcji",IF(COUNTIF($L28:$O28,0)=4,"OK","Ustaw C, G, A, D = 0"),IF(COUNT($L28:$O28)=0,"Nieoceniony",IF(COUNT($L28:$O28)=4,"OK","Uzupełnij oceny"))) -> OK | S28: /home/kamil/dataset/custom/gate_C/images/scen_2
A29: 28 | B29: custom_gate_a_scen_3 | C29: Custom | D29: gate | E29: Zewnętrzne | F29: a | G29: 4 | H29: VGGT | I29: =HYPERLINK("vggt/outputs/custom_gate_scen_3/reconstruction.glb","vggt/outputs/custom_gate_scen_3/reconstruction.glb") -> vggt/outputs/custom_gate_scen_3/reconstruction.glb | J29: IMG_8818.jpg IMG_8823.jpg IMG_8826.jpg IMG_8829.jpg | K29: Oceniono | L29: 1 | M29: 3 | N29: 2 | O29: 1 | P29: =IF($K29="Niepowodzenie rekonstrukcji",0,IF(COUNT($L29:$O29)=4,SUM($L29:$O29),"")) -> 7 | R29: =IF($K29="Niepowodzenie rekonstrukcji",IF(COUNTIF($L29:$O29,0)=4,"OK","Ustaw C, G, A, D = 0"),IF(COUNT($L29:$O29)=0,"Nieoceniony",IF(COUNT($L29:$O29)=4,"OK","Uzupełnij oceny"))) -> OK | S29: /home/kamil/dataset/custom/gate/images/scen_3
A30: 29 | B30: custom_gate_b_scen_3 | C30: Custom | D30: gate | E30: Zewnętrzne | F30: b | G30: 4 | H30: VGGT | I30: =HYPERLINK("vggt/outputs_extras/custom_gate_b_scen_3/reconstruction.glb","vggt/outputs_extras/custom_gate_b_scen_3/reconstruction.glb") -> vggt/outputs_extras/custom_gate_b_scen_3/reconstruction.glb | J30: IMG_8816.jpg IMG_8822.jpg IMG_8828.jpg IMG_8829.jpg | K30: Do oceny | L30: 1 | M30: 3 | N30: 2 | O30: 1 | P30: =IF($K30="Niepowodzenie rekonstrukcji",0,IF(COUNT($L30:$O30)=4,SUM($L30:$O30),"")) -> 7 | R30: =IF($K30="Niepowodzenie rekonstrukcji",IF(COUNTIF($L30:$O30,0)=4,"OK","Ustaw C, G, A, D = 0"),IF(COUNT($L30:$O30)=0,"Nieoceniony",IF(COUNT($L30:$O30)=4,"OK","Uzupełnij oceny"))) -> OK | S30: /home/kamil/dataset/custom/gate_B/images/scen_3
A31: 30 | B31: custom_gate_c_scen_3 | C31: Custom | D31: gate | E31: Zewnętrzne | F31: c | G31: 4 | H31: VGGT | I31: =HYPERLINK("vggt/outputs_extras/custom_gate_c_scen_3/reconstruction.glb","vggt/outputs_extras/custom_gate_c_scen_3/reconstruction.glb") -> vggt/outputs_extras/custom_gate_c_scen_3/reconstruction.glb | J31: IMG_8822.jpg IMG_8823.jpg IMG_8824.jpg IMG_8826.jpg | K31: Do oceny | L31: 1 | M31: 3 | N31: 3 | O31: 1 | P31: =IF($K31="Niepowodzenie rekonstrukcji",0,IF(COUNT($L31:$O31)=4,SUM($L31:$O31),"")) -> 8 | R31: =IF($K31="Niepowodzenie rekonstrukcji",IF(COUNTIF($L31:$O31,0)=4,"OK","Ustaw C, G, A, D = 0"),IF(COUNT($L31:$O31)=0,"Nieoceniony",IF(COUNT($L31:$O31)=4,"OK","Uzupełnij oceny"))) -> OK | S31: /home/kamil/dataset/custom/gate_C/images/scen_3
A32: 31 | B32: custom_gate_a_scen_3 | C32: Custom | D32: gate | E32: Zewnętrzne | F32: a | G32: 4 | H32: MASt3R | I32: =HYPERLINK("mast3r/outputs/custom_gate_scen_3/reconstruction.glb","mast3r/outputs/custom_gate_scen_3/reconstruction.glb") -> mast3r/outputs/custom_gate_scen_3/reconstruction.glb | J32: IMG_8818.jpg IMG_8823.jpg IMG_8826.jpg IMG_8829.jpg | K32: Oceniono | L32: 2 | M32: 3 | N32: 2 | O32: 2 | P32: =IF($K32="Niepowodzenie rekonstrukcji",0,IF(COUNT($L32:$O32)=4,SUM($L32:$O32),"")) -> 9 | R32: =IF($K32="Niepowodzenie rekonstrukcji",IF(COUNTIF($L32:$O32,0)=4,"OK","Ustaw C, G, A, D = 0"),IF(COUNT($L32:$O32)=0,"Nieoceniony",IF(COUNT($L32:$O32)=4,"OK","Uzupełnij oceny"))) -> OK | S32: /home/kamil/dataset/custom/gate/images/scen_3
A33: 32 | B33: custom_gate_b_scen_3 | C33: Custom | D33: gate | E33: Zewnętrzne | F33: b | G33: 4 | H33: MASt3R | I33: =HYPERLINK("mast3r/outputs_extras/custom_gate_b_scen_3/reconstruction.glb","mast3r/outputs_extras/custom_gate_b_scen_3/reconstruction.glb") -> mast3r/outputs_extras/custom_gate_b_scen_3/reconstruction.glb | J33: IMG_8816.jpg IMG_8822.jpg IMG_8828.jpg IMG_8829.jpg | K33: Do oceny | L33: 2 | M33: 2 | N33: 2 | O33: 2 | P33: =IF($K33="Niepowodzenie rekonstrukcji",0,IF(COUNT($L33:$O33)=4,SUM($L33:$O33),"")) -> 8 | R33: =IF($K33="Niepowodzenie rekonstrukcji",IF(COUNTIF($L33:$O33,0)=4,"OK","Ustaw C, G, A, D = 0"),IF(COUNT($L33:$O33)=0,"Nieoceniony",IF(COUNT($L33:$O33)=4,"OK","Uzupełnij oceny"))) -> OK | S33: /home/kamil/dataset/custom/gate_B/images/scen_3
A34: 33 | B34: custom_gate_c_scen_3 | C34: Custom | D34: gate | E34: Zewnętrzne | F34: c | G34: 4 | H34: MASt3R | I34: =HYPERLINK("mast3r/outputs_extras/custom_gate_c_scen_3/reconstruction.glb","mast3r/outputs_extras/custom_gate_c_scen_3/reconstruction.glb") -> mast3r/outputs_extras/custom_gate_c_scen_3/reconstruction.glb | J34: IMG_8822.jpg IMG_8823.jpg IMG_8824.jpg IMG_8826.jpg | K34: Do oceny | L34: 2 | M34: 3 | N34: 3 | O34: 2 | P34: =IF($K34="Niepowodzenie rekonstrukcji",0,IF(COUNT($L34:$O34)=4,SUM($L34:$O34),"")) -> 10 | R34: =IF($K34="Niepowodzenie rekonstrukcji",IF(COUNTIF($L34:$O34,0)=4,"OK","Ustaw C, G, A, D = 0"),IF(COUNT($L34:$O34)=0,"Nieoceniony",IF(COUNT($L34:$O34)=4,"OK","Uzupełnij oceny"))) -> OK | S34: /home/kamil/dataset/custom/gate_C/images/scen_3
A35: 34 | B35: custom_gate_a_scen_3 | C35: Custom | D35: gate | E35: Zewnętrzne | F35: a | G35: 4 | H35: MapAnything | I35: =HYPERLINK("mapany/outputs/custom_gate_scen_3/reconstruction.glb","mapany/outputs/custom_gate_scen_3/reconstruction.glb") -> mapany/outputs/custom_gate_scen_3/reconstruction.glb | J35: IMG_8818.jpg IMG_8823.jpg IMG_8826.jpg IMG_8829.jpg | K35: Oceniono | L35: 3 | M35: 2 | N35: 2 | O35: 3 | P35: =IF($K35="Niepowodzenie rekonstrukcji",0,IF(COUNT($L35:$O35)=4,SUM($L35:$O35),"")) -> 10 | R35: =IF($K35="Niepowodzenie rekonstrukcji",IF(COUNTIF($L35:$O35,0)=4,"OK","Ustaw C, G, A, D = 0"),IF(COUNT($L35:$O35)=0,"Nieoceniony",IF(COUNT($L35:$O35)=4,"OK","Uzupełnij oceny"))) -> OK | S35: /home/kamil/dataset/custom/gate/images/scen_3
A36: 35 | B36: custom_gate_b_scen_3 | C36: Custom | D36: gate | E36: Zewnętrzne | F36: b | G36: 4 | H36: MapAnything | I36: =HYPERLINK("mapany/outputs_extras/custom_gate_b_scen_3/reconstruction.glb","mapany/outputs_extras/custom_gate_b_scen_3/reconstruction.glb") -> mapany/outputs_extras/custom_gate_b_scen_3/reconstruction.glb | J36: IMG_8816.jpg IMG_8822.jpg IMG_8828.jpg IMG_8829.jpg | K36: Do oceny | L36: 3 | M36: 2 | N36: 2 | O36: 3 | P36: =IF($K36="Niepowodzenie rekonstrukcji",0,IF(COUNT($L36:$O36)=4,SUM($L36:$O36),"")) -> 10 | R36: =IF($K36="Niepowodzenie rekonstrukcji",IF(COUNTIF($L36:$O36,0)=4,"OK","Ustaw C, G, A, D = 0"),IF(COUNT($L36:$O36)=0,"Nieoceniony",IF(COUNT($L36:$O36)=4,"OK","Uzupełnij oceny"))) -> OK | S36: /home/kamil/dataset/custom/gate_B/images/scen_3
A37: 36 | B37: custom_gate_c_scen_3 | C37: Custom | D37: gate | E37: Zewnętrzne | F37: c | G37: 4 | H37: MapAnything | I37: =HYPERLINK("mapany/outputs_extras/custom_gate_c_scen_3/reconstruction.glb","mapany/outputs_extras/custom_gate_c_scen_3/reconstruction.glb") -> mapany/outputs_extras/custom_gate_c_scen_3/reconstruction.glb | J37: IMG_8822.jpg IMG_8823.jpg IMG_8824.jpg IMG_8826.jpg | K37: Do oceny | L37: 2 | M37: 2 | N37: 1 | O37: 2 | P37: =IF($K37="Niepowodzenie rekonstrukcji",0,IF(COUNT($L37:$O37)=4,SUM($L37:$O37),"")) -> 7 | R37: =IF($K37="Niepowodzenie rekonstrukcji",IF(COUNTIF($L37:$O37,0)=4,"OK","Ustaw C, G, A, D = 0"),IF(COUNT($L37:$O37)=0,"Nieoceniony",IF(COUNT($L37:$O37)=4,"OK","Uzupełnij oceny"))) -> OK | S37: /home/kamil/dataset/custom/gate_C/images/scen_3
A38: 37 | B38: eth3d_observatory_a_scen_2 | C38: ETH3D | D38: observatory | E38: Zewnętrzne | F38: a | G38: 2 | H38: VGGT | I38: =HYPERLINK("vggt/outputs/eth3d_observatory_scen_2/reconstruction.glb","vggt/outputs/eth3d_observatory_scen_2/reconstruction.glb") -> vggt/outputs/eth3d_observatory_scen_2/reconstruction.glb | J38: DSC_1009.JPG DSC_1011.JPG | K38: Oceniono | L38: 1 | M38: 2 | N38: 1 | O38: 1 | P38: =IF($K38="Niepowodzenie rekonstrukcji",0,IF(COUNT($L38:$O38)=4,SUM($L38:$O38),"")) -> 5 | R38: =IF($K38="Niepowodzenie rekonstrukcji",IF(COUNTIF($L38:$O38,0)=4,"OK","Ustaw C, G, A, D = 0"),IF(COUNT($L38:$O38)=0,"Nieoceniony",IF(COUNT($L38:$O38)=4,"OK","Uzupełnij oceny"))) -> OK | S38: /home/kamil/dataset/eth3d/observatory/images/scen_2
A39: 38 | B39: eth3d_observatory_b_scen_2 | C39: ETH3D | D39: observatory | E39: Zewnętrzne | F39: b | G39: 2 | H39: VGGT | I39: =HYPERLINK("vggt/outputs_extras/eth3d_observatory_b_scen_2/reconstruction.glb","vggt/outputs_extras/eth3d_observatory_b_scen_2/reconstruction.glb") -> vggt/outputs_extras/eth3d_observatory_b_scen_2/reconstruction.glb | J39: DSC_1008.JPG DSC_1010.JPG | K39: Do oceny | L39: 2 | M39: 2 | N39: 1 | O39: 2 | P39: =IF($K39="Niepowodzenie rekonstrukcji",0,IF(COUNT($L39:$O39)=4,SUM($L39:$O39),"")) -> 7 | R39: =IF($K39="Niepowodzenie rekonstrukcji",IF(COUNTIF($L39:$O39,0)=4,"OK","Ustaw C, G, A, D = 0"),IF(COUNT($L39:$O39)=0,"Nieoceniony",IF(COUNT($L39:$O39)=4,"OK","Uzupełnij oceny"))) -> OK | S39: /home/kamil/dataset/eth3d/observatory_B/images/scen_2
A40: 39 | B40: eth3d_observatory_c_scen_2 | C40: ETH3D | D40: observatory | E40: Zewnętrzne | F40: c | G40: 2 | H40: VGGT | I40: =HYPERLINK("vggt/outputs_extras/eth3d_observatory_c_scen_2/reconstruction.glb","vggt/outputs_extras/eth3d_observatory_c_scen_2/reconstruction.glb") -> vggt/outputs_extras/eth3d_observatory_c_scen_2/reconstruction.glb | J40: DSC_1007.JPG DSC_1012.JPG | K40: Do oceny | L40: 1 | M40: 2 | N40: 1 | O40: 1 | P40: =IF($K40="Niepowodzenie rekonstrukcji",0,IF(COUNT($L40:$O40)=4,SUM($L40:$O40),"")) -> 5 | R40: =IF($K40="Niepowodzenie rekonstrukcji",IF(COUNTIF($L40:$O40,0)=4,"OK","Ustaw C, G, A, D = 0"),IF(COUNT($L40:$O40)=0,"Nieoceniony",IF(COUNT($L40:$O40)=4,"OK","Uzupełnij oceny"))) -> OK | S40: /home/kamil/dataset/eth3d/observatory_C/images/scen_2
A41: 40 | B41: eth3d_observatory_a_scen_2 | C41: ETH3D | D41: observatory | E41: Zewnętrzne | F41: a | G41: 2 | H41: MASt3R | I41: =HYPERLINK("mast3r/outputs/eth3d_observatory_scen_2/reconstruction.glb","mast3r/outputs/eth3d_observatory_scen_2/reconstruction.glb") -> mast3r/outputs/eth3d_observatory_scen_2/reconstruction.glb | J41: DSC_1009.JPG DSC_1011.JPG | K41: Oceniono | L41: 1 | M41: 2 | N41: 2 | O41: 1 | P41: =IF($K41="Niepowodzenie rekonstrukcji",0,IF(COUNT($L41:$O41)=4,SUM($L41:$O41),"")) -> 6 | R41: =IF($K41="Niepowodzenie rekonstrukcji",IF(COUNTIF($L41:$O41,0)=4,"OK","Ustaw C, G, A, D = 0"),IF(COUNT($L41:$O41)=0,"Nieoceniony",IF(COUNT($L41:$O41)=4,"OK","Uzupełnij oceny"))) -> OK | S41: /home/kamil/dataset/eth3d/observatory/images/scen_2
A42: 41 | B42: eth3d_observatory_b_scen_2 | C42: ETH3D | D42: observatory | E42: Zewnętrzne | F42: b | G42: 2 | H42: MASt3R | I42: =HYPERLINK("mast3r/outputs_extras/eth3d_observatory_b_scen_2/reconstruction.glb","mast3r/outputs_extras/eth3d_observatory_b_scen_2/reconstruction.glb") -> mast3r/outputs_extras/eth3d_observatory_b_scen_2/reconstruction.glb | J42: DSC_1008.JPG DSC_1010.JPG | K42: Do oceny | L42: 1 | M42: 1 | N42: 3 | O42: 1 | P42: =IF($K42="Niepowodzenie rekonstrukcji",0,IF(COUNT($L42:$O42)=4,SUM($L42:$O42),"")) -> 6 | R42: =IF($K42="Niepowodzenie rekonstrukcji",IF(COUNTIF($L42:$O42,0)=4,"OK","Ustaw C, G, A, D = 0"),IF(COUNT($L42:$O42)=0,"Nieoceniony",IF(COUNT($L42:$O42)=4,"OK","Uzupełnij oceny"))) -> OK | S42: /home/kamil/dataset/eth3d/observatory_B/images/scen_2
A43: 42 | B43: eth3d_observatory_c_scen_2 | C43: ETH3D | D43: observatory | E43: Zewnętrzne | F43: c | G43: 2 | H43: MASt3R | I43: =HYPERLINK("mast3r/outputs_extras/eth3d_observatory_c_scen_2/reconstruction.glb","mast3r/outputs_extras/eth3d_observatory_c_scen_2/reconstruction.glb") -> mast3r/outputs_extras/eth3d_observatory_c_scen_2/reconstruction.glb | J43: DSC_1007.JPG DSC_1012.JPG | K43: Do oceny | L43: 1 | M43: 2 | N43: 2 | O43: 1 | P43: =IF($K43="Niepowodzenie rekonstrukcji",0,IF(COUNT($L43:$O43)=4,SUM($L43:$O43),"")) -> 6 | R43: =IF($K43="Niepowodzenie rekonstrukcji",IF(COUNTIF($L43:$O43,0)=4,"OK","Ustaw C, G, A, D = 0"),IF(COUNT($L43:$O43)=0,"Nieoceniony",IF(COUNT($L43:$O43)=4,"OK","Uzupełnij oceny"))) -> OK | S43: /home/kamil/dataset/eth3d/observatory_C/images/scen_2
A44: 43 | B44: eth3d_observatory_a_scen_2 | C44: ETH3D | D44: observatory | E44: Zewnętrzne | F44: a | G44: 2 | H44: MapAnything | I44: =HYPERLINK("mapany/outputs/eth3d_observatory_scen_2/reconstruction.glb","mapany/outputs/eth3d_observatory_scen_2/reconstruction.glb") -> mapany/outputs/eth3d_observatory_scen_2/reconstruction.glb | J44: DSC_1009.JPG DSC_1011.JPG | K44: Oceniono | L44: 3 | M44: 2 | N44: 2 | O44: 3 | P44: =IF($K44="Niepowodzenie rekonstrukcji",0,IF(COUNT($L44:$O44)=4,SUM($L44:$O44),"")) -> 10 | R44: =IF($K44="Niepowodzenie rekonstrukcji",IF(COUNTIF($L44:$O44,0)=4,"OK","Ustaw C, G, A, D = 0"),IF(COUNT($L44:$O44)=0,"Nieoceniony",IF(COUNT($L44:$O44)=4,"OK","Uzupełnij oceny"))) -> OK | S44: /home/kamil/dataset/eth3d/observatory/images/scen_2
A45: 44 | B45: eth3d_observatory_b_scen_2 | C45: ETH3D | D45: observatory | E45: Zewnętrzne | F45: b | G45: 2 | H45: MapAnything | I45: =HYPERLINK("mapany/outputs_extras/eth3d_observatory_b_scen_2/reconstruction.glb","mapany/outputs_extras/eth3d_observatory_b_scen_2/reconstruction.glb") -> mapany/outputs_extras/eth3d_observatory_b_scen_2/reconstruction.glb | J45: DSC_1008.JPG DSC_1010.JPG | K45: Do oceny | L45: 3 | M45: 2 | N45: 2 | O45: 3 | P45: =IF($K45="Niepowodzenie rekonstrukcji",0,IF(COUNT($L45:$O45)=4,SUM($L45:$O45),"")) -> 10 | R45: =IF($K45="Niepowodzenie rekonstrukcji",IF(COUNTIF($L45:$O45,0)=4,"OK","Ustaw C, G, A, D = 0"),IF(COUNT($L45:$O45)=0,"Nieoceniony",IF(COUNT($L45:$O45)=4,"OK","Uzupełnij oceny"))) -> OK | S45: /home/kamil/dataset/eth3d/observatory_B/images/scen_2
A46: 45 | B46: eth3d_observatory_c_scen_2 | C46: ETH3D | D46: observatory | E46: Zewnętrzne | F46: c | G46: 2 | H46: MapAnything | I46: =HYPERLINK("mapany/outputs_extras/eth3d_observatory_c_scen_2/reconstruction.glb","mapany/outputs_extras/eth3d_observatory_c_scen_2/reconstruction.glb") -> mapany/outputs_extras/eth3d_observatory_c_scen_2/reconstruction.glb | J46: DSC_1007.JPG DSC_1012.JPG | K46: Do oceny | L46: 3 | M46: 2 | N46: 2 | O46: 3 | P46: =IF($K46="Niepowodzenie rekonstrukcji",0,IF(COUNT($L46:$O46)=4,SUM($L46:$O46),"")) -> 10 | R46: =IF($K46="Niepowodzenie rekonstrukcji",IF(COUNTIF($L46:$O46,0)=4,"OK","Ustaw C, G, A, D = 0"),IF(COUNT($L46:$O46)=0,"Nieoceniony",IF(COUNT($L46:$O46)=4,"OK","Uzupełnij oceny"))) -> OK | S46: /home/kamil/dataset/eth3d/observatory_C/images/scen_2
A47: 46 | B47: eth3d_observatory_a_scen_3 | C47: ETH3D | D47: observatory | E47: Zewnętrzne | F47: a | G47: 4 | H47: VGGT | I47: =HYPERLINK("vggt/outputs/eth3d_observatory_scen_3/reconstruction.glb","vggt/outputs/eth3d_observatory_scen_3/reconstruction.glb") -> vggt/outputs/eth3d_observatory_scen_3/reconstruction.glb | J47: DSC_1007.JPG DSC_1009.JPG DSC_1011.JPG DSC_1013.JPG | K47: Oceniono | L47: 2 | M47: 2 | N47: 2 | O47: 2 | P47: =IF($K47="Niepowodzenie rekonstrukcji",0,IF(COUNT($L47:$O47)=4,SUM($L47:$O47),"")) -> 8 | R47: =IF($K47="Niepowodzenie rekonstrukcji",IF(COUNTIF($L47:$O47,0)=4,"OK","Ustaw C, G, A, D = 0"),IF(COUNT($L47:$O47)=0,"Nieoceniony",IF(COUNT($L47:$O47)=4,"OK","Uzupełnij oceny"))) -> OK | S47: /home/kamil/dataset/eth3d/observatory/images/scen_3
A48: 47 | B48: eth3d_observatory_b_scen_3 | C48: ETH3D | D48: observatory | E48: Zewnętrzne | F48: b | G48: 4 | H48: VGGT | I48: =HYPERLINK("vggt/outputs_extras/eth3d_observatory_b_scen_3/reconstruction.glb","vggt/outputs_extras/eth3d_observatory_b_scen_3/reconstruction.glb") -> vggt/outputs_extras/eth3d_observatory_b_scen_3/reconstruction.glb | J48: DSC_1008.JPG DSC_1010.JPG DSC_1012.JPG DSC_1013.JPG | K48: Do oceny | L48: 2 | M48: 2 | N48: 2 | O48: 2 | P48: =IF($K48="Niepowodzenie rekonstrukcji",0,IF(COUNT($L48:$O48)=4,SUM($L48:$O48),"")) -> 8 | R48: =IF($K48="Niepowodzenie rekonstrukcji",IF(COUNTIF($L48:$O48,0)=4,"OK","Ustaw C, G, A, D = 0"),IF(COUNT($L48:$O48)=0,"Nieoceniony",IF(COUNT($L48:$O48)=4,"OK","Uzupełnij oceny"))) -> OK | S48: /home/kamil/dataset/eth3d/observatory_B/images/scen_3
A49: 48 | B49: eth3d_observatory_c_scen_3 | C49: ETH3D | D49: observatory | E49: Zewnętrzne | F49: c | G49: 4 | H49: VGGT | I49: =HYPERLINK("vggt/outputs_extras/eth3d_observatory_c_scen_3/reconstruction.glb","vggt/outputs_extras/eth3d_observatory_c_scen_3/reconstruction.glb") -> vggt/outputs_extras/eth3d_observatory_c_scen_3/reconstruction.glb | J49: DSC_1007.JPG DSC_1009.JPG DSC_1012.JPG DSC_1014.JPG | K49: Do oceny | L49: 1 | M49: 2 | N49: 2 | O49: 2 | P49: =IF($K49="Niepowodzenie rekonstrukcji",0,IF(COUNT($L49:$O49)=4,SUM($L49:$O49),"")) -> 7 | R49: =IF($K49="Niepowodzenie rekonstrukcji",IF(COUNTIF($L49:$O49,0)=4,"OK","Ustaw C, G, A, D = 0"),IF(COUNT($L49:$O49)=0,"Nieoceniony",IF(COUNT($L49:$O49)=4,"OK","Uzupełnij oceny"))) -> OK | S49: /home/kamil/dataset/eth3d/observatory_C/images/scen_3
A50: 49 | B50: eth3d_observatory_a_scen_3 | C50: ETH3D | D50: observatory | E50: Zewnętrzne | F50: a | G50: 4 | H50: MASt3R | I50: =HYPERLINK("mast3r/outputs/eth3d_observatory_scen_3/reconstruction.glb","mast3r/outputs/eth3d_observatory_scen_3/reconstruction.glb") -> mast3r/outputs/eth3d_observatory_scen_3/reconstruction.glb | J50: DSC_1007.JPG DSC_1009.JPG DSC_1011.JPG DSC_1013.JPG | K50: Oceniono | L50: 2 | M50: 2 | N50: 2 | O50: 1 | P50: =IF($K50="Niepowodzenie rekonstrukcji",0,IF(COUNT($L50:$O50)=4,SUM($L50:$O50),"")) -> 7 | R50: =IF($K50="Niepowodzenie rekonstrukcji",IF(COUNTIF($L50:$O50,0)=4,"OK","Ustaw C, G, A, D = 0"),IF(COUNT($L50:$O50)=0,"Nieoceniony",IF(COUNT($L50:$O50)=4,"OK","Uzupełnij oceny"))) -> OK | S50: /home/kamil/dataset/eth3d/observatory/images/scen_3
A51: 50 | B51: eth3d_observatory_b_scen_3 | C51: ETH3D | D51: observatory | E51: Zewnętrzne | F51: b | G51: 4 | H51: MASt3R | I51: =HYPERLINK("mast3r/outputs_extras/eth3d_observatory_b_scen_3/reconstruction.glb","mast3r/outputs_extras/eth3d_observatory_b_scen_3/reconstruction.glb") -> mast3r/outputs_extras/eth3d_observatory_b_scen_3/reconstruction.glb | J51: DSC_1008.JPG DSC_1010.JPG DSC_1012.JPG DSC_1013.JPG | K51: Do oceny | L51: 2 | M51: 2 | N51: 2 | O51: 1 | P51: =IF($K51="Niepowodzenie rekonstrukcji",0,IF(COUNT($L51:$O51)=4,SUM($L51:$O51),"")) -> 7 | R51: =IF($K51="Niepowodzenie rekonstrukcji",IF(COUNTIF($L51:$O51,0)=4,"OK","Ustaw C, G, A, D = 0"),IF(COUNT($L51:$O51)=0,"Nieoceniony",IF(COUNT($L51:$O51)=4,"OK","Uzupełnij oceny"))) -> OK | S51: /home/kamil/dataset/eth3d/observatory_B/images/scen_3
A52: 51 | B52: eth3d_observatory_c_scen_3 | C52: ETH3D | D52: observatory | E52: Zewnętrzne | F52: c | G52: 4 | H52: MASt3R | I52: =HYPERLINK("mast3r/outputs_extras/eth3d_observatory_c_scen_3/reconstruction.glb","mast3r/outputs_extras/eth3d_observatory_c_scen_3/reconstruction.glb") -> mast3r/outputs_extras/eth3d_observatory_c_scen_3/reconstruction.glb | J52: DSC_1007.JPG DSC_1009.JPG DSC_1012.JPG DSC_1014.JPG | K52: Do oceny | L52: 2 | M52: 2 | N52: 2 | O52: 1 | P52: =IF($K52="Niepowodzenie rekonstrukcji",0,IF(COUNT($L52:$O52)=4,SUM($L52:$O52),"")) -> 7 | R52: =IF($K52="Niepowodzenie rekonstrukcji",IF(COUNTIF($L52:$O52,0)=4,"OK","Ustaw C, G, A, D = 0"),IF(COUNT($L52:$O52)=0,"Nieoceniony",IF(COUNT($L52:$O52)=4,"OK","Uzupełnij oceny"))) -> OK | S52: /home/kamil/dataset/eth3d/observatory_C/images/scen_3
A53: 52 | B53: eth3d_observatory_a_scen_3 | C53: ETH3D | D53: observatory | E53: Zewnętrzne | F53: a | G53: 4 | H53: MapAnything | I53: =HYPERLINK("mapany/outputs/eth3d_observatory_scen_3/reconstruction.glb","mapany/outputs/eth3d_observatory_scen_3/reconstruction.glb") -> mapany/outputs/eth3d_observatory_scen_3/reconstruction.glb | J53: DSC_1007.JPG DSC_1009.JPG DSC_1011.JPG DSC_1013.JPG | K53: Oceniono | L53: 3 | M53: 2 | N53: 1 | O53: 2 | P53: =IF($K53="Niepowodzenie rekonstrukcji",0,IF(COUNT($L53:$O53)=4,SUM($L53:$O53),"")) -> 8 | R53: =IF($K53="Niepowodzenie rekonstrukcji",IF(COUNTIF($L53:$O53,0)=4,"OK","Ustaw C, G, A, D = 0"),IF(COUNT($L53:$O53)=0,"Nieoceniony",IF(COUNT($L53:$O53)=4,"OK","Uzupełnij oceny"))) -> OK | S53: /home/kamil/dataset/eth3d/observatory/images/scen_3
A54: 53 | B54: eth3d_observatory_b_scen_3 | C54: ETH3D | D54: observatory | E54: Zewnętrzne | F54: b | G54: 4 | H54: MapAnything | I54: =HYPERLINK("mapany/outputs_extras/eth3d_observatory_b_scen_3/reconstruction.glb","mapany/outputs_extras/eth3d_observatory_b_scen_3/reconstruction.glb") -> mapany/outputs_extras/eth3d_observatory_b_scen_3/reconstruction.glb | J54: DSC_1008.JPG DSC_1010.JPG DSC_1012.JPG DSC_1013.JPG | K54: Do oceny | L54: 3 | M54: 2 | N54: 1 | O54: 2 | P54: =IF($K54="Niepowodzenie rekonstrukcji",0,IF(COUNT($L54:$O54)=4,SUM($L54:$O54),"")) -> 8 | R54: =IF($K54="Niepowodzenie rekonstrukcji",IF(COUNTIF($L54:$O54,0)=4,"OK","Ustaw C, G, A, D = 0"),IF(COUNT($L54:$O54)=0,"Nieoceniony",IF(COUNT($L54:$O54)=4,"OK","Uzupełnij oceny"))) -> OK | S54: /home/kamil/dataset/eth3d/observatory_B/images/scen_3
A55: 54 | B55: eth3d_observatory_c_scen_3 | C55: ETH3D | D55: observatory | E55: Zewnętrzne | F55: c | G55: 4 | H55: MapAnything | I55: =HYPERLINK("mapany/outputs_extras/eth3d_observatory_c_scen_3/reconstruction.glb","mapany/outputs_extras/eth3d_observatory_c_scen_3/reconstruction.glb") -> mapany/outputs_extras/eth3d_observatory_c_scen_3/reconstruction.glb | J55: DSC_1007.JPG DSC_1009.JPG DSC_1012.JPG DSC_1014.JPG | K55: Do oceny | L55: 3 | M55: 2 | N55: 1 | O55: 2 | P55: =IF($K55="Niepowodzenie rekonstrukcji",0,IF(COUNT($L55:$O55)=4,SUM($L55:$O55),"")) -> 8 | R55: =IF($K55="Niepowodzenie rekonstrukcji",IF(COUNTIF($L55:$O55,0)=4,"OK","Ustaw C, G, A, D = 0"),IF(COUNT($L55:$O55)=0,"Nieoceniony",IF(COUNT($L55:$O55)=4,"OK","Uzupełnij oceny"))) -> OK | S55: /home/kamil/dataset/eth3d/observatory_C/images/scen_3
A56: 55 | B56: custom_office_a_scen_2 | C56: Custom | D56: office | E56: Wewnętrzne | F56: a | G56: 2 | H56: VGGT | I56: =HYPERLINK("vggt/outputs/custom_office_scen_2/reconstruction.glb","vggt/outputs/custom_office_scen_2/reconstruction.glb") -> vggt/outputs/custom_office_scen_2/reconstruction.glb | J56: IMG_9497.jpg IMG_9499.jpg | K56: Oceniono | L56: 1 | M56: 2 | N56: 1 | O56: 2 | P56: =IF($K56="Niepowodzenie rekonstrukcji",0,IF(COUNT($L56:$O56)=4,SUM($L56:$O56),"")) -> 6 | R56: =IF($K56="Niepowodzenie rekonstrukcji",IF(COUNTIF($L56:$O56,0)=4,"OK","Ustaw C, G, A, D = 0"),IF(COUNT($L56:$O56)=0,"Nieoceniony",IF(COUNT($L56:$O56)=4,"OK","Uzupełnij oceny"))) -> OK | S56: /home/kamil/dataset/custom/office/images/scen_2
A57: 56 | B57: custom_office_b_scen_2 | C57: Custom | D57: office | E57: Wewnętrzne | F57: b | G57: 2 | H57: VGGT | I57: =HYPERLINK("vggt/outputs_extras/custom_office_b_scen_2/reconstruction.glb","vggt/outputs_extras/custom_office_b_scen_2/reconstruction.glb") -> vggt/outputs_extras/custom_office_b_scen_2/reconstruction.glb | J57: IMG_9493.jpg IMG_9495.jpg | K57: Do oceny | L57: 1 | M57: 2 | N57: 1 | O57: 2 | P57: =IF($K57="Niepowodzenie rekonstrukcji",0,IF(COUNT($L57:$O57)=4,SUM($L57:$O57),"")) -> 6 | R57: =IF($K57="Niepowodzenie rekonstrukcji",IF(COUNTIF($L57:$O57,0)=4,"OK","Ustaw C, G, A, D = 0"),IF(COUNT($L57:$O57)=0,"Nieoceniony",IF(COUNT($L57:$O57)=4,"OK","Uzupełnij oceny"))) -> OK | S57: /home/kamil/dataset/custom/office_B/images/scen_2
A58: 57 | B58: custom_office_c_scen_2 | C58: Custom | D58: office | E58: Wewnętrzne | F58: c | G58: 2 | H58: VGGT | I58: =HYPERLINK("vggt/outputs_extras/custom_office_c_scen_2/reconstruction.glb","vggt/outputs_extras/custom_office_c_scen_2/reconstruction.glb") -> vggt/outputs_extras/custom_office_c_scen_2/reconstruction.glb | J58: IMG_9493.jpg IMG_9495.jpg | K58: Do oceny | L58: 1 | M58: 2 | N58: 1 | O58: 2 | P58: =IF($K58="Niepowodzenie rekonstrukcji",0,IF(COUNT($L58:$O58)=4,SUM($L58:$O58),"")) -> 6 | R58: =IF($K58="Niepowodzenie rekonstrukcji",IF(COUNTIF($L58:$O58,0)=4,"OK","Ustaw C, G, A, D = 0"),IF(COUNT($L58:$O58)=0,"Nieoceniony",IF(COUNT($L58:$O58)=4,"OK","Uzupełnij oceny"))) -> OK | S58: /home/kamil/dataset/custom/office_C/images/scen_2
A59: 58 | B59: custom_office_a_scen_2 | C59: Custom | D59: office | E59: Wewnętrzne | F59: a | G59: 2 | H59: MASt3R | I59: =HYPERLINK("mast3r/outputs/custom_office_scen_2/reconstruction.glb","mast3r/outputs/custom_office_scen_2/reconstruction.glb") -> mast3r/outputs/custom_office_scen_2/reconstruction.glb | J59: IMG_9497.jpg IMG_9499.jpg | K59: Oceniono | L59: 2 | M59: 2 | N59: 1 | O59: 2 | P59: =IF($K59="Niepowodzenie rekonstrukcji",0,IF(COUNT($L59:$O59)=4,SUM($L59:$O59),"")) -> 7 | R59: =IF($K59="Niepowodzenie rekonstrukcji",IF(COUNTIF($L59:$O59,0)=4,"OK","Ustaw C, G, A, D = 0"),IF(COUNT($L59:$O59)=0,"Nieoceniony",IF(COUNT($L59:$O59)=4,"OK","Uzupełnij oceny"))) -> OK | S59: /home/kamil/dataset/custom/office/images/scen_2
A60: 59 | B60: custom_office_b_scen_2 | C60: Custom | D60: office | E60: Wewnętrzne | F60: b | G60: 2 | H60: MASt3R | I60: =HYPERLINK("mast3r/outputs_extras/custom_office_b_scen_2/reconstruction.glb","mast3r/outputs_extras/custom_office_b_scen_2/reconstruction.glb") -> mast3r/outputs_extras/custom_office_b_scen_2/reconstruction.glb | J60: IMG_9493.jpg IMG_9495.jpg | K60: Do oceny | L60: 2 | M60: 2 | N60: 1 | O60: 2 | P60: =IF($K60="Niepowodzenie rekonstrukcji",0,IF(COUNT($L60:$O60)=4,SUM($L60:$O60),"")) -> 7 | R60: =IF($K60="Niepowodzenie rekonstrukcji",IF(COUNTIF($L60:$O60,0)=4,"OK","Ustaw C, G, A, D = 0"),IF(COUNT($L60:$O60)=0,"Nieoceniony",IF(COUNT($L60:$O60)=4,"OK","Uzupełnij oceny"))) -> OK | S60: /home/kamil/dataset/custom/office_B/images/scen_2
A61: 60 | B61: custom_office_c_scen_2 | C61: Custom | D61: office | E61: Wewnętrzne | F61: c | G61: 2 | H61: MASt3R | I61: =HYPERLINK("mast3r/outputs_extras/custom_office_c_scen_2/reconstruction.glb","mast3r/outputs_extras/custom_office_c_scen_2/reconstruction.glb") -> mast3r/outputs_extras/custom_office_c_scen_2/reconstruction.glb | J61: IMG_9493.jpg IMG_9495.jpg | K61: Do oceny | L61: 2 | M61: 2 | N61: 1 | O61: 2 | P61: =IF($K61="Niepowodzenie rekonstrukcji",0,IF(COUNT($L61:$O61)=4,SUM($L61:$O61),"")) -> 7 | R61: =IF($K61="Niepowodzenie rekonstrukcji",IF(COUNTIF($L61:$O61,0)=4,"OK","Ustaw C, G, A, D = 0"),IF(COUNT($L61:$O61)=0,"Nieoceniony",IF(COUNT($L61:$O61)=4,"OK","Uzupełnij oceny"))) -> OK | S61: /home/kamil/dataset/custom/office_C/images/scen_2
A62: 61 | B62: custom_office_a_scen_2 | C62: Custom | D62: office | E62: Wewnętrzne | F62: a | G62: 2 | H62: MapAnything | I62: =HYPERLINK("mapany/outputs/custom_office_scen_2/reconstruction.glb","mapany/outputs/custom_office_scen_2/reconstruction.glb") -> mapany/outputs/custom_office_scen_2/reconstruction.glb | J62: IMG_9497.jpg IMG_9499.jpg | K62: Oceniono | L62: 3 | M62: 2 | N62: 1 | O62: 2 | P62: =IF($K62="Niepowodzenie rekonstrukcji",0,IF(COUNT($L62:$O62)=4,SUM($L62:$O62),"")) -> 8 | R62: =IF($K62="Niepowodzenie rekonstrukcji",IF(COUNTIF($L62:$O62,0)=4,"OK","Ustaw C, G, A, D = 0"),IF(COUNT($L62:$O62)=0,"Nieoceniony",IF(COUNT($L62:$O62)=4,"OK","Uzupełnij oceny"))) -> OK | S62: /home/kamil/dataset/custom/office/images/scen_2
A63: 62 | B63: custom_office_b_scen_2 | C63: Custom | D63: office | E63: Wewnętrzne | F63: b | G63: 2 | H63: MapAnything | I63: =HYPERLINK("mapany/outputs_extras/custom_office_b_scen_2/reconstruction.glb","mapany/outputs_extras/custom_office_b_scen_2/reconstruction.glb") -> mapany/outputs_extras/custom_office_b_scen_2/reconstruction.glb | J63: IMG_9493.jpg IMG_9495.jpg | K63: Do oceny | L63: 3 | M63: 2 | N63: 2 | O63: 2 | P63: =IF($K63="Niepowodzenie rekonstrukcji",0,IF(COUNT($L63:$O63)=4,SUM($L63:$O63),"")) -> 9 | R63: =IF($K63="Niepowodzenie rekonstrukcji",IF(COUNTIF($L63:$O63,0)=4,"OK","Ustaw C, G, A, D = 0"),IF(COUNT($L63:$O63)=0,"Nieoceniony",IF(COUNT($L63:$O63)=4,"OK","Uzupełnij oceny"))) -> OK | S63: /home/kamil/dataset/custom/office_B/images/scen_2
A64: 63 | B64: custom_office_c_scen_2 | C64: Custom | D64: office | E64: Wewnętrzne | F64: c | G64: 2 | H64: MapAnything | I64: =HYPERLINK("mapany/outputs_extras/custom_office_c_scen_2/reconstruction.glb","mapany/outputs_extras/custom_office_c_scen_2/reconstruction.glb") -> mapany/outputs_extras/custom_office_c_scen_2/reconstruction.glb | J64: IMG_9493.jpg IMG_9495.jpg | K64: Do oceny | L64: 3 | M64: 2 | N64: 2 | O64: 2 | P64: =IF($K64="Niepowodzenie rekonstrukcji",0,IF(COUNT($L64:$O64)=4,SUM($L64:$O64),"")) -> 9 | R64: =IF($K64="Niepowodzenie rekonstrukcji",IF(COUNTIF($L64:$O64,0)=4,"OK","Ustaw C, G, A, D = 0"),IF(COUNT($L64:$O64)=0,"Nieoceniony",IF(COUNT($L64:$O64)=4,"OK","Uzupełnij oceny"))) -> OK | S64: /home/kamil/dataset/custom/office_C/images/scen_2
A65: 64 | B65: custom_office_a_scen_3 | C65: Custom | D65: office | E65: Wewnętrzne | F65: a | G65: 4 | H65: VGGT | I65: =HYPERLINK("vggt/outputs/custom_office_scen_3/reconstruction.glb","vggt/outputs/custom_office_scen_3/reconstruction.glb") -> vggt/outputs/custom_office_scen_3/reconstruction.glb | J65: IMG_9493.jpg IMG_9495.jpg IMG_9497.jpg IMG_9499.jpg | K65: Oceniono | L65: 1 | M65: 2 | N65: 2 | O65: 1 | P65: =IF($K65="Niepowodzenie rekonstrukcji",0,IF(COUNT($L65:$O65)=4,SUM($L65:$O65),"")) -> 6 | R65: =IF($K65="Niepowodzenie rekonstrukcji",IF(COUNTIF($L65:$O65,0)=4,"OK","Ustaw C, G, A, D = 0"),IF(COUNT($L65:$O65)=0,"Nieoceniony",IF(COUNT($L65:$O65)=4,"OK","Uzupełnij oceny"))) -> OK | S65: /home/kamil/dataset/custom/office/images/scen_3
A66: 65 | B66: custom_office_b_scen_3 | C66: Custom | D66: office | E66: Wewnętrzne | F66: b | G66: 4 | H66: VGGT | I66: =HYPERLINK("vggt/outputs_extras/custom_office_b_scen_3/reconstruction.glb","vggt/outputs_extras/custom_office_b_scen_3/reconstruction.glb") -> vggt/outputs_extras/custom_office_b_scen_3/reconstruction.glb | J66: IMG_9493.jpg IMG_9494.jpg IMG_9495.jpg IMG_9498.jpg | K66: Do oceny | L66: 1 | M66: 2 | N66: 2 | O66: 1 | P66: =IF($K66="Niepowodzenie rekonstrukcji",0,IF(COUNT($L66:$O66)=4,SUM($L66:$O66),"")) -> 6 | R66: =IF($K66="Niepowodzenie rekonstrukcji",IF(COUNTIF($L66:$O66,0)=4,"OK","Ustaw C, G, A, D = 0"),IF(COUNT($L66:$O66)=0,"Nieoceniony",IF(COUNT($L66:$O66)=4,"OK","Uzupełnij oceny"))) -> OK | S66: /home/kamil/dataset/custom/office_B/images/scen_3
A67: 66 | B67: custom_office_c_scen_3 | C67: Custom | D67: office | E67: Wewnętrzne | F67: c | G67: 4 | H67: VGGT | I67: =HYPERLINK("vggt/outputs_extras/custom_office_c_scen_3/reconstruction.glb","vggt/outputs_extras/custom_office_c_scen_3/reconstruction.glb") -> vggt/outputs_extras/custom_office_c_scen_3/reconstruction.glb | J67: IMG_9492.jpg IMG_9493.jpg IMG_9494.jpg IMG_9495.jpg | K67: Do oceny | L67: 1 | M67: 2 | N67: 2 | O67: 1 | P67: =IF($K67="Niepowodzenie rekonstrukcji",0,IF(COUNT($L67:$O67)=4,SUM($L67:$O67),"")) -> 6 | R67: =IF($K67="Niepowodzenie rekonstrukcji",IF(COUNTIF($L67:$O67,0)=4,"OK","Ustaw C, G, A, D = 0"),IF(COUNT($L67:$O67)=0,"Nieoceniony",IF(COUNT($L67:$O67)=4,"OK","Uzupełnij oceny"))) -> OK | S67: /home/kamil/dataset/custom/office_C/images/scen_3
A68: 67 | B68: custom_office_a_scen_3 | C68: Custom | D68: office | E68: Wewnętrzne | F68: a | G68: 4 | H68: MASt3R | I68: =HYPERLINK("mast3r/outputs/custom_office_scen_3/reconstruction.glb","mast3r/outputs/custom_office_scen_3/reconstruction.glb") -> mast3r/outputs/custom_office_scen_3/reconstruction.glb | J68: IMG_9493.jpg IMG_9495.jpg IMG_9497.jpg IMG_9499.jpg | K68: Oceniono | L68: 2 | M68: 1 | N68: 0 | O68: 1 | P68: =IF($K68="Niepowodzenie rekonstrukcji",0,IF(COUNT($L68:$O68)=4,SUM($L68:$O68),"")) -> 4 | R68: =IF($K68="Niepowodzenie rekonstrukcji",IF(COUNTIF($L68:$O68,0)=4,"OK","Ustaw C, G, A, D = 0"),IF(COUNT($L68:$O68)=0,"Nieoceniony",IF(COUNT($L68:$O68)=4,"OK","Uzupełnij oceny"))) -> OK | S68: /home/kamil/dataset/custom/office/images/scen_3
A69: 68 | B69: custom_office_b_scen_3 | C69: Custom | D69: office | E69: Wewnętrzne | F69: b | G69: 4 | H69: MASt3R | I69: =HYPERLINK("mast3r/outputs_extras/custom_office_b_scen_3/reconstruction.glb","mast3r/outputs_extras/custom_office_b_scen_3/reconstruction.glb") -> mast3r/outputs_extras/custom_office_b_scen_3/reconstruction.glb | J69: IMG_9493.jpg IMG_9494.jpg IMG_9495.jpg IMG_9498.jpg | K69: Do oceny | L69: 2 | M69: 1 | N69: 1 | O69: 1 | P69: =IF($K69="Niepowodzenie rekonstrukcji",0,IF(COUNT($L69:$O69)=4,SUM($L69:$O69),"")) -> 5 | R69: =IF($K69="Niepowodzenie rekonstrukcji",IF(COUNTIF($L69:$O69,0)=4,"OK","Ustaw C, G, A, D = 0"),IF(COUNT($L69:$O69)=0,"Nieoceniony",IF(COUNT($L69:$O69)=4,"OK","Uzupełnij oceny"))) -> OK | S69: /home/kamil/dataset/custom/office_B/images/scen_3
A70: 69 | B70: custom_office_c_scen_3 | C70: Custom | D70: office | E70: Wewnętrzne | F70: c | G70: 4 | H70: MASt3R | I70: =HYPERLINK("mast3r/outputs_extras/custom_office_c_scen_3/reconstruction.glb","mast3r/outputs_extras/custom_office_c_scen_3/reconstruction.glb") -> mast3r/outputs_extras/custom_office_c_scen_3/reconstruction.glb | J70: IMG_9492.jpg IMG_9493.jpg IMG_9494.jpg IMG_9495.jpg | K70: Do oceny | L70: 2 | M70: 2 | N70: 1 | O70: 2 | P70: =IF($K70="Niepowodzenie rekonstrukcji",0,IF(COUNT($L70:$O70)=4,SUM($L70:$O70),"")) -> 7 | R70: =IF($K70="Niepowodzenie rekonstrukcji",IF(COUNTIF($L70:$O70,0)=4,"OK","Ustaw C, G, A, D = 0"),IF(COUNT($L70:$O70)=0,"Nieoceniony",IF(COUNT($L70:$O70)=4,"OK","Uzupełnij oceny"))) -> OK | S70: /home/kamil/dataset/custom/office_C/images/scen_3
A71: 70 | B71: custom_office_a_scen_3 | C71: Custom | D71: office | E71: Wewnętrzne | F71: a | G71: 4 | H71: MapAnything | I71: =HYPERLINK("mapany/outputs/custom_office_scen_3/reconstruction.glb","mapany/outputs/custom_office_scen_3/reconstruction.glb") -> mapany/outputs/custom_office_scen_3/reconstruction.glb | J71: IMG_9493.jpg IMG_9495.jpg IMG_9497.jpg IMG_9499.jpg | K71: Oceniono | L71: 3 | M71: 2 | N71: 1 | O71: 2 | P71: =IF($K71="Niepowodzenie rekonstrukcji",0,IF(COUNT($L71:$O71)=4,SUM($L71:$O71),"")) -> 8 | R71: =IF($K71="Niepowodzenie rekonstrukcji",IF(COUNTIF($L71:$O71,0)=4,"OK","Ustaw C, G, A, D = 0"),IF(COUNT($L71:$O71)=0,"Nieoceniony",IF(COUNT($L71:$O71)=4,"OK","Uzupełnij oceny"))) -> OK | S71: /home/kamil/dataset/custom/office/images/scen_3
A72: 71 | B72: custom_office_b_scen_3 | C72: Custom | D72: office | E72: Wewnętrzne | F72: b | G72: 4 | H72: MapAnything | I72: =HYPERLINK("mapany/outputs_extras/custom_office_b_scen_3/reconstruction.glb","mapany/outputs_extras/custom_office_b_scen_3/reconstruction.glb") -> mapany/outputs_extras/custom_office_b_scen_3/reconstruction.glb | J72: IMG_9493.jpg IMG_9494.jpg IMG_9495.jpg IMG_9498.jpg | K72: Do oceny | L72: 3 | M72: 2 | N72: 1 | O72: 2 | P72: =IF($K72="Niepowodzenie rekonstrukcji",0,IF(COUNT($L72:$O72)=4,SUM($L72:$O72),"")) -> 8 | R72: =IF($K72="Niepowodzenie rekonstrukcji",IF(COUNTIF($L72:$O72,0)=4,"OK","Ustaw C, G, A, D = 0"),IF(COUNT($L72:$O72)=0,"Nieoceniony",IF(COUNT($L72:$O72)=4,"OK","Uzupełnij oceny"))) -> OK | S72: /home/kamil/dataset/custom/office_B/images/scen_3
A73: 72 | B73: custom_office_c_scen_3 | C73: Custom | D73: office | E73: Wewnętrzne | F73: c | G73: 4 | H73: MapAnything | I73: =HYPERLINK("mapany/outputs_extras/custom_office_c_scen_3/reconstruction.glb","mapany/outputs_extras/custom_office_c_scen_3/reconstruction.glb") -> mapany/outputs_extras/custom_office_c_scen_3/reconstruction.glb | J73: IMG_9492.jpg IMG_9493.jpg IMG_9494.jpg IMG_9495.jpg | K73: Do oceny | L73: 3 | M73: 2 | N73: 1 | O73: 2 | P73: =IF($K73="Niepowodzenie rekonstrukcji",0,IF(COUNT($L73:$O73)=4,SUM($L73:$O73),"")) -> 8 | R73: =IF($K73="Niepowodzenie rekonstrukcji",IF(COUNTIF($L73:$O73,0)=4,"OK","Ustaw C, G, A, D = 0"),IF(COUNT($L73:$O73)=0,"Nieoceniony",IF(COUNT($L73:$O73)=4,"OK","Uzupełnij oceny"))) -> OK | S73: /home/kamil/dataset/custom/office_C/images/scen_3
A74: 73 | B74: eth3d_old_computer_a_scen_2 | C74: ETH3D | D74: old_computer | E74: Wewnętrzne | F74: a | G74: 2 | H74: VGGT | I74: =HYPERLINK("vggt/outputs/eth3d_old_computer_scen_2/reconstruction.glb","vggt/outputs/eth3d_old_computer_scen_2/reconstruction.glb") -> vggt/outputs/eth3d_old_computer_scen_2/reconstruction.glb | J74: DSC_1135.JPG DSC_1139.JPG | K74: Oceniono | L74: 2 | M74: 2 | N74: 1 | O74: 2 | P74: =IF($K74="Niepowodzenie rekonstrukcji",0,IF(COUNT($L74:$O74)=4,SUM($L74:$O74),"")) -> 7 | R74: =IF($K74="Niepowodzenie rekonstrukcji",IF(COUNTIF($L74:$O74,0)=4,"OK","Ustaw C, G, A, D = 0"),IF(COUNT($L74:$O74)=0,"Nieoceniony",IF(COUNT($L74:$O74)=4,"OK","Uzupełnij oceny"))) -> OK | S74: /home/kamil/dataset/eth3d/old_computer/images/scen_2
A75: 74 | B75: eth3d_old_computer_b_scen_2 | C75: ETH3D | D75: old_computer | E75: Wewnętrzne | F75: b | G75: 2 | H75: VGGT | I75: =HYPERLINK("vggt/outputs_extras/eth3d_old_computer_b_scen_2/reconstruction.glb","vggt/outputs_extras/eth3d_old_computer_b_scen_2/reconstruction.glb") -> vggt/outputs_extras/eth3d_old_computer_b_scen_2/reconstruction.glb | J75: DSC_1133.JPG DSC_1140.JPG | K75: Do oceny | L75: 2 | M75: 2 | N75: 1 | O75: 2 | P75: =IF($K75="Niepowodzenie rekonstrukcji",0,IF(COUNT($L75:$O75)=4,SUM($L75:$O75),"")) -> 7 | R75: =IF($K75="Niepowodzenie rekonstrukcji",IF(COUNTIF($L75:$O75,0)=4,"OK","Ustaw C, G, A, D = 0"),IF(COUNT($L75:$O75)=0,"Nieoceniony",IF(COUNT($L75:$O75)=4,"OK","Uzupełnij oceny"))) -> OK | S75: /home/kamil/dataset/eth3d/old_computer_B/images/scen_2
A76: 75 | B76: eth3d_old_computer_c_scen_2 | C76: ETH3D | D76: old_computer | E76: Wewnętrzne | F76: c | G76: 2 | H76: VGGT | I76: =HYPERLINK("vggt/outputs_extras/eth3d_old_computer_c_scen_2/reconstruction.glb","vggt/outputs_extras/eth3d_old_computer_c_scen_2/reconstruction.glb") -> vggt/outputs_extras/eth3d_old_computer_c_scen_2/reconstruction.glb | J76: DSC_1136.JPG DSC_1137.JPG | K76: Do oceny | L76: 1 | M76: 2 | N76: 2 | O76: 2 | P76: =IF($K76="Niepowodzenie rekonstrukcji",0,IF(COUNT($L76:$O76)=4,SUM($L76:$O76),"")) -> 7 | R76: =IF($K76="Niepowodzenie rekonstrukcji",IF(COUNTIF($L76:$O76,0)=4,"OK","Ustaw C, G, A, D = 0"),IF(COUNT($L76:$O76)=0,"Nieoceniony",IF(COUNT($L76:$O76)=4,"OK","Uzupełnij oceny"))) -> OK | S76: /home/kamil/dataset/eth3d/old_computer_C/images/scen_2
A77: 76 | B77: eth3d_old_computer_a_scen_2 | C77: ETH3D | D77: old_computer | E77: Wewnętrzne | F77: a | G77: 2 | H77: MASt3R | I77: =HYPERLINK("mast3r/outputs/eth3d_old_computer_scen_2/reconstruction.glb","mast3r/outputs/eth3d_old_computer_scen_2/reconstruction.glb") -> mast3r/outputs/eth3d_old_computer_scen_2/reconstruction.glb | J77: DSC_1135.JPG DSC_1139.JPG | K77: Oceniono | L77: 2 | M77: 1 | N77: 1 | O77: 2 | P77: =IF($K77="Niepowodzenie rekonstrukcji",0,IF(COUNT($L77:$O77)=4,SUM($L77:$O77),"")) -> 6 | R77: =IF($K77="Niepowodzenie rekonstrukcji",IF(COUNTIF($L77:$O77,0)=4,"OK","Ustaw C, G, A, D = 0"),IF(COUNT($L77:$O77)=0,"Nieoceniony",IF(COUNT($L77:$O77)=4,"OK","Uzupełnij oceny"))) -> OK | S77: /home/kamil/dataset/eth3d/old_computer/images/scen_2
A78: 77 | B78: eth3d_old_computer_b_scen_2 | C78: ETH3D | D78: old_computer | E78: Wewnętrzne | F78: b | G78: 2 | H78: MASt3R | I78: =HYPERLINK("mast3r/outputs_extras/eth3d_old_computer_b_scen_2/reconstruction.glb","mast3r/outputs_extras/eth3d_old_computer_b_scen_2/reconstruction.glb") -> mast3r/outputs_extras/eth3d_old_computer_b_scen_2/reconstruction.glb | J78: DSC_1133.JPG DSC_1140.JPG | K78: Do oceny | L78: 2 | M78: 1 | N78: 1 | O78: 2 | P78: =IF($K78="Niepowodzenie rekonstrukcji",0,IF(COUNT($L78:$O78)=4,SUM($L78:$O78),"")) -> 6 | R78: =IF($K78="Niepowodzenie rekonstrukcji",IF(COUNTIF($L78:$O78,0)=4,"OK","Ustaw C, G, A, D = 0"),IF(COUNT($L78:$O78)=0,"Nieoceniony",IF(COUNT($L78:$O78)=4,"OK","Uzupełnij oceny"))) -> OK | S78: /home/kamil/dataset/eth3d/old_computer_B/images/scen_2
A79: 78 | B79: eth3d_old_computer_c_scen_2 | C79: ETH3D | D79: old_computer | E79: Wewnętrzne | F79: c | G79: 2 | H79: MASt3R | I79: =HYPERLINK("mast3r/outputs_extras/eth3d_old_computer_c_scen_2/reconstruction.glb","mast3r/outputs_extras/eth3d_old_computer_c_scen_2/reconstruction.glb") -> mast3r/outputs_extras/eth3d_old_computer_c_scen_2/reconstruction.glb | J79: DSC_1136.JPG DSC_1137.JPG | K79: Do oceny | L79: 1 | M79: 1 | N79: 2 | O79: 2 | P79: =IF($K79="Niepowodzenie rekonstrukcji",0,IF(COUNT($L79:$O79)=4,SUM($L79:$O79),"")) -> 6 | R79: =IF($K79="Niepowodzenie rekonstrukcji",IF(COUNTIF($L79:$O79,0)=4,"OK","Ustaw C, G, A, D = 0"),IF(COUNT($L79:$O79)=0,"Nieoceniony",IF(COUNT($L79:$O79)=4,"OK","Uzupełnij oceny"))) -> OK | S79: /home/kamil/dataset/eth3d/old_computer_C/images/scen_2
A80: 79 | B80: eth3d_old_computer_a_scen_2 | C80: ETH3D | D80: old_computer | E80: Wewnętrzne | F80: a | G80: 2 | H80: MapAnything | I80: =HYPERLINK("mapany/outputs/eth3d_old_computer_scen_2/reconstruction.glb","mapany/outputs/eth3d_old_computer_scen_2/reconstruction.glb") -> mapany/outputs/eth3d_old_computer_scen_2/reconstruction.glb | J80: DSC_1135.JPG DSC_1139.JPG | K80: Oceniono | L80: 3 | M80: 2 | N80: 3 | O80: 2 | P80: =IF($K80="Niepowodzenie rekonstrukcji",0,IF(COUNT($L80:$O80)=4,SUM($L80:$O80),"")) -> 10 | R80: =IF($K80="Niepowodzenie rekonstrukcji",IF(COUNTIF($L80:$O80,0)=4,"OK","Ustaw C, G, A, D = 0"),IF(COUNT($L80:$O80)=0,"Nieoceniony",IF(COUNT($L80:$O80)=4,"OK","Uzupełnij oceny"))) -> OK | S80: /home/kamil/dataset/eth3d/old_computer/images/scen_2
A81: 80 | B81: eth3d_old_computer_b_scen_2 | C81: ETH3D | D81: old_computer | E81: Wewnętrzne | F81: b | G81: 2 | H81: MapAnything | I81: =HYPERLINK("mapany/outputs_extras/eth3d_old_computer_b_scen_2/reconstruction.glb","mapany/outputs_extras/eth3d_old_computer_b_scen_2/reconstruction.glb") -> mapany/outputs_extras/eth3d_old_computer_b_scen_2/reconstruction.glb | J81: DSC_1133.JPG DSC_1140.JPG | K81: Do oceny | L81: 3 | M81: 2 | N81: 2 | O81: 2 | P81: =IF($K81="Niepowodzenie rekonstrukcji",0,IF(COUNT($L81:$O81)=4,SUM($L81:$O81),"")) -> 9 | R81: =IF($K81="Niepowodzenie rekonstrukcji",IF(COUNTIF($L81:$O81,0)=4,"OK","Ustaw C, G, A, D = 0"),IF(COUNT($L81:$O81)=0,"Nieoceniony",IF(COUNT($L81:$O81)=4,"OK","Uzupełnij oceny"))) -> OK | S81: /home/kamil/dataset/eth3d/old_computer_B/images/scen_2
A82: 81 | B82: eth3d_old_computer_c_scen_2 | C82: ETH3D | D82: old_computer | E82: Wewnętrzne | F82: c | G82: 2 | H82: MapAnything | I82: =HYPERLINK("mapany/outputs_extras/eth3d_old_computer_c_scen_2/reconstruction.glb","mapany/outputs_extras/eth3d_old_computer_c_scen_2/reconstruction.glb") -> mapany/outputs_extras/eth3d_old_computer_c_scen_2/reconstruction.glb | J82: DSC_1136.JPG DSC_1137.JPG | K82: Do oceny | L82: 3 | M82: 2 | N82: 3 | O82: 2 | P82: =IF($K82="Niepowodzenie rekonstrukcji",0,IF(COUNT($L82:$O82)=4,SUM($L82:$O82),"")) -> 10 | R82: =IF($K82="Niepowodzenie rekonstrukcji",IF(COUNTIF($L82:$O82,0)=4,"OK","Ustaw C, G, A, D = 0"),IF(COUNT($L82:$O82)=0,"Nieoceniony",IF(COUNT($L82:$O82)=4,"OK","Uzupełnij oceny"))) -> OK | S82: /home/kamil/dataset/eth3d/old_computer_C/images/scen_2
A83: 82 | B83: eth3d_old_computer_a_scen_3 | C83: ETH3D | D83: old_computer | E83: Wewnętrzne | F83: a | G83: 4 | H83: VGGT | I83: =HYPERLINK("vggt/outputs/eth3d_old_computer_scen_3/reconstruction.glb","vggt/outputs/eth3d_old_computer_scen_3/reconstruction.glb") -> vggt/outputs/eth3d_old_computer_scen_3/reconstruction.glb | J83: DSC_1133.JPG DSC_1135.JPG DSC_1137.JPG DSC_1139.JPG | K83: Oceniono | L83: 1 | M83: 2 | N83: 1 | O83: 2 | P83: =IF($K83="Niepowodzenie rekonstrukcji",0,IF(COUNT($L83:$O83)=4,SUM($L83:$O83),"")) -> 6 | R83: =IF($K83="Niepowodzenie rekonstrukcji",IF(COUNTIF($L83:$O83,0)=4,"OK","Ustaw C, G, A, D = 0"),IF(COUNT($L83:$O83)=0,"Nieoceniony",IF(COUNT($L83:$O83)=4,"OK","Uzupełnij oceny"))) -> OK | S83: /home/kamil/dataset/eth3d/old_computer/images/scen_3
A84: 83 | B84: eth3d_old_computer_b_scen_3 | C84: ETH3D | D84: old_computer | E84: Wewnętrzne | F84: b | G84: 4 | H84: VGGT | I84: =HYPERLINK("vggt/outputs_extras/eth3d_old_computer_b_scen_3/reconstruction.glb","vggt/outputs_extras/eth3d_old_computer_b_scen_3/reconstruction.glb") -> vggt/outputs_extras/eth3d_old_computer_b_scen_3/reconstruction.glb | J84: DSC_1133.JPG DSC_1134.JPG DSC_1138.JPG DSC_1140.JPG | K84: Do oceny | L84: 1 | M84: 2 | N84: 1 | O84: 2 | P84: =IF($K84="Niepowodzenie rekonstrukcji",0,IF(COUNT($L84:$O84)=4,SUM($L84:$O84),"")) -> 6 | R84: =IF($K84="Niepowodzenie rekonstrukcji",IF(COUNTIF($L84:$O84,0)=4,"OK","Ustaw C, G, A, D = 0"),IF(COUNT($L84:$O84)=0,"Nieoceniony",IF(COUNT($L84:$O84)=4,"OK","Uzupełnij oceny"))) -> OK | S84: /home/kamil/dataset/eth3d/old_computer_B/images/scen_3
A85: 84 | B85: eth3d_old_computer_c_scen_3 | C85: ETH3D | D85: old_computer | E85: Wewnętrzne | F85: c | G85: 4 | H85: VGGT | I85: =HYPERLINK("vggt/outputs_extras/eth3d_old_computer_c_scen_3/reconstruction.glb","vggt/outputs_extras/eth3d_old_computer_c_scen_3/reconstruction.glb") -> vggt/outputs_extras/eth3d_old_computer_c_scen_3/reconstruction.glb | J85: DSC_1135.JPG DSC_1136.JPG DSC_1137.JPG DSC_1138.JPG | K85: Do oceny | L85: 1 | M85: 2 | N85: 1 | O85: 2 | P85: =IF($K85="Niepowodzenie rekonstrukcji",0,IF(COUNT($L85:$O85)=4,SUM($L85:$O85),"")) -> 6 | R85: =IF($K85="Niepowodzenie rekonstrukcji",IF(COUNTIF($L85:$O85,0)=4,"OK","Ustaw C, G, A, D = 0"),IF(COUNT($L85:$O85)=0,"Nieoceniony",IF(COUNT($L85:$O85)=4,"OK","Uzupełnij oceny"))) -> OK | S85: /home/kamil/dataset/eth3d/old_computer_C/images/scen_3
A86: 85 | B86: eth3d_old_computer_a_scen_3 | C86: ETH3D | D86: old_computer | E86: Wewnętrzne | F86: a | G86: 4 | H86: MASt3R | I86: =HYPERLINK("mast3r/outputs/eth3d_old_computer_scen_3/reconstruction.glb","mast3r/outputs/eth3d_old_computer_scen_3/reconstruction.glb") -> mast3r/outputs/eth3d_old_computer_scen_3/reconstruction.glb | J86: DSC_1133.JPG DSC_1135.JPG DSC_1137.JPG DSC_1139.JPG | K86: Oceniono | L86: 1 | M86: 1 | N86: 1 | O86: 2 | P86: =IF($K86="Niepowodzenie rekonstrukcji",0,IF(COUNT($L86:$O86)=4,SUM($L86:$O86),"")) -> 5 | R86: =IF($K86="Niepowodzenie rekonstrukcji",IF(COUNTIF($L86:$O86,0)=4,"OK","Ustaw C, G, A, D = 0"),IF(COUNT($L86:$O86)=0,"Nieoceniony",IF(COUNT($L86:$O86)=4,"OK","Uzupełnij oceny"))) -> OK | S86: /home/kamil/dataset/eth3d/old_computer/images/scen_3
A87: 86 | B87: eth3d_old_computer_b_scen_3 | C87: ETH3D | D87: old_computer | E87: Wewnętrzne | F87: b | G87: 4 | H87: MASt3R | I87: =HYPERLINK("mast3r/outputs_extras/eth3d_old_computer_b_scen_3/reconstruction.glb","mast3r/outputs_extras/eth3d_old_computer_b_scen_3/reconstruction.glb") -> mast3r/outputs_extras/eth3d_old_computer_b_scen_3/reconstruction.glb | J87: DSC_1133.JPG DSC_1134.JPG DSC_1138.JPG DSC_1140.JPG | K87: Do oceny | L87: 0 | M87: 1 | N87: 1 | O87: 2 | P87: =IF($K87="Niepowodzenie rekonstrukcji",0,IF(COUNT($L87:$O87)=4,SUM($L87:$O87),"")) -> 4 | R87: =IF($K87="Niepowodzenie rekonstrukcji",IF(COUNTIF($L87:$O87,0)=4,"OK","Ustaw C, G, A, D = 0"),IF(COUNT($L87:$O87)=0,"Nieoceniony",IF(COUNT($L87:$O87)=4,"OK","Uzupełnij oceny"))) -> OK | S87: /home/kamil/dataset/eth3d/old_computer_B/images/scen_3
A88: 87 | B88: eth3d_old_computer_c_scen_3 | C88: ETH3D | D88: old_computer | E88: Wewnętrzne | F88: c | G88: 4 | H88: MASt3R | I88: =HYPERLINK("mast3r/outputs_extras/eth3d_old_computer_c_scen_3/reconstruction.glb","mast3r/outputs_extras/eth3d_old_computer_c_scen_3/reconstruction.glb") -> mast3r/outputs_extras/eth3d_old_computer_c_scen_3/reconstruction.glb | J88: DSC_1135.JPG DSC_1136.JPG DSC_1137.JPG DSC_1138.JPG | K88: Do oceny | L88: 1 | M88: 1 | N88: 2 | O88: 2 | P88: =IF($K88="Niepowodzenie rekonstrukcji",0,IF(COUNT($L88:$O88)=4,SUM($L88:$O88),"")) -> 6 | R88: =IF($K88="Niepowodzenie rekonstrukcji",IF(COUNTIF($L88:$O88,0)=4,"OK","Ustaw C, G, A, D = 0"),IF(COUNT($L88:$O88)=0,"Nieoceniony",IF(COUNT($L88:$O88)=4,"OK","Uzupełnij oceny"))) -> OK | S88: /home/kamil/dataset/eth3d/old_computer_C/images/scen_3
A89: 88 | B89: eth3d_old_computer_a_scen_3 | C89: ETH3D | D89: old_computer | E89: Wewnętrzne | F89: a | G89: 4 | H89: MapAnything | I89: =HYPERLINK("mapany/outputs/eth3d_old_computer_scen_3/reconstruction.glb","mapany/outputs/eth3d_old_computer_scen_3/reconstruction.glb") -> mapany/outputs/eth3d_old_computer_scen_3/reconstruction.glb | J89: DSC_1133.JPG DSC_1135.JPG DSC_1137.JPG DSC_1139.JPG | K89: Oceniono | L89: 3 | M89: 2 | N89: 3 | O89: 2 | P89: =IF($K89="Niepowodzenie rekonstrukcji",0,IF(COUNT($L89:$O89)=4,SUM($L89:$O89),"")) -> 10 | R89: =IF($K89="Niepowodzenie rekonstrukcji",IF(COUNTIF($L89:$O89,0)=4,"OK","Ustaw C, G, A, D = 0"),IF(COUNT($L89:$O89)=0,"Nieoceniony",IF(COUNT($L89:$O89)=4,"OK","Uzupełnij oceny"))) -> OK | S89: /home/kamil/dataset/eth3d/old_computer/images/scen_3
A90: 89 | B90: eth3d_old_computer_b_scen_3 | C90: ETH3D | D90: old_computer | E90: Wewnętrzne | F90: b | G90: 4 | H90: MapAnything | I90: =HYPERLINK("mapany/outputs_extras/eth3d_old_computer_b_scen_3/reconstruction.glb","mapany/outputs_extras/eth3d_old_computer_b_scen_3/reconstruction.glb") -> mapany/outputs_extras/eth3d_old_computer_b_scen_3/reconstruction.glb | J90: DSC_1133.JPG DSC_1134.JPG DSC_1138.JPG DSC_1140.JPG | K90: Do oceny | L90: 3 | M90: 2 | N90: 2 | O90: 2 | P90: =IF($K90="Niepowodzenie rekonstrukcji",0,IF(COUNT($L90:$O90)=4,SUM($L90:$O90),"")) -> 9 | R90: =IF($K90="Niepowodzenie rekonstrukcji",IF(COUNTIF($L90:$O90,0)=4,"OK","Ustaw C, G, A, D = 0"),IF(COUNT($L90:$O90)=0,"Nieoceniony",IF(COUNT($L90:$O90)=4,"OK","Uzupełnij oceny"))) -> OK | S90: /home/kamil/dataset/eth3d/old_computer_B/images/scen_3
A91: 90 | B91: eth3d_old_computer_c_scen_3 | C91: ETH3D | D91: old_computer | E91: Wewnętrzne | F91: c | G91: 4 | H91: MapAnything | I91: =HYPERLINK("mapany/outputs_extras/eth3d_old_computer_c_scen_3/reconstruction.glb","mapany/outputs_extras/eth3d_old_computer_c_scen_3/reconstruction.glb") -> mapany/outputs_extras/eth3d_old_computer_c_scen_3/reconstruction.glb | J91: DSC_1135.JPG DSC_1136.JPG DSC_1137.JPG DSC_1138.JPG | K91: Do oceny | L91: 3 | M91: 2 | N91: 3 | O91: 2 | P91: =IF($K91="Niepowodzenie rekonstrukcji",0,IF(COUNT($L91:$O91)=4,SUM($L91:$O91),"")) -> 10 | R91: =IF($K91="Niepowodzenie rekonstrukcji",IF(COUNTIF($L91:$O91,0)=4,"OK","Ustaw C, G, A, D = 0"),IF(COUNT($L91:$O91)=0,"Nieoceniony",IF(COUNT($L91:$O91)=4,"OK","Uzupełnij oceny"))) -> OK | S91: /home/kamil/dataset/eth3d/old_computer_C/images/scen_3
A92: 91 | B92: llff_room_a_scen_2 | C92: LLFF | D92: room | E92: Wewnętrzne | F92: a | G92: 2 | H92: VGGT | I92: =HYPERLINK("vggt/outputs/llff_room_scen_2/reconstruction.glb","vggt/outputs/llff_room_scen_2/reconstruction.glb") -> vggt/outputs/llff_room_scen_2/reconstruction.glb | J92: DJI_20200226_143914_572.JPG DJI_20200226_143948_113.JPG | K92: Oceniono | L92: 1 | M92: 1 | N92: 3 | O92: 1 | P92: =IF($K92="Niepowodzenie rekonstrukcji",0,IF(COUNT($L92:$O92)=4,SUM($L92:$O92),"")) -> 6 | R92: =IF($K92="Niepowodzenie rekonstrukcji",IF(COUNTIF($L92:$O92,0)=4,"OK","Ustaw C, G, A, D = 0"),IF(COUNT($L92:$O92)=0,"Nieoceniony",IF(COUNT($L92:$O92)=4,"OK","Uzupełnij oceny"))) -> OK | S92: /home/kamil/dataset/nerf_llff_data/room/images/scen_2
A93: 92 | B93: llff_room_b_scen_2 | C93: LLFF | D93: room | E93: Wewnętrzne | F93: b | G93: 2 | H93: VGGT | I93: =HYPERLINK("vggt/outputs_extras/llff_room_b_scen_2/reconstruction.glb","vggt/outputs_extras/llff_room_b_scen_2/reconstruction.glb") -> vggt/outputs_extras/llff_room_b_scen_2/reconstruction.glb | J93: DJI_20200226_143906_682.JPG DJI_20200226_143942_875.JPG | K93: Do oceny | L93: 1 | M93: 1 | N93: 3 | O93: 1 | P93: =IF($K93="Niepowodzenie rekonstrukcji",0,IF(COUNT($L93:$O93)=4,SUM($L93:$O93),"")) -> 6 | R93: =IF($K93="Niepowodzenie rekonstrukcji",IF(COUNTIF($L93:$O93,0)=4,"OK","Ustaw C, G, A, D = 0"),IF(COUNT($L93:$O93)=0,"Nieoceniony",IF(COUNT($L93:$O93)=4,"OK","Uzupełnij oceny"))) -> OK | S93: /home/kamil/dataset/nerf_llff_data/room_B/images/scen_2
A94: 93 | B94: llff_room_c_scen_2 | C94: LLFF | D94: room | E94: Wewnętrzne | F94: c | G94: 2 | H94: VGGT | I94: =HYPERLINK("vggt/outputs_extras/llff_room_c_scen_2/reconstruction.glb","vggt/outputs_extras/llff_room_c_scen_2/reconstruction.glb") -> vggt/outputs_extras/llff_room_c_scen_2/reconstruction.glb | J94: DJI_20200226_143858_657.JPG DJI_20200226_143935_646.JPG | K94: Do oceny | L94: 1 | M94: 1 | N94: 3 | O94: 1 | P94: =IF($K94="Niepowodzenie rekonstrukcji",0,IF(COUNT($L94:$O94)=4,SUM($L94:$O94),"")) -> 6 | R94: =IF($K94="Niepowodzenie rekonstrukcji",IF(COUNTIF($L94:$O94,0)=4,"OK","Ustaw C, G, A, D = 0"),IF(COUNT($L94:$O94)=0,"Nieoceniony",IF(COUNT($L94:$O94)=4,"OK","Uzupełnij oceny"))) -> OK | S94: /home/kamil/dataset/nerf_llff_data/room_C/images/scen_2
A95: 94 | B95: llff_room_a_scen_2 | C95: LLFF | D95: room | E95: Wewnętrzne | F95: a | G95: 2 | H95: MASt3R | I95: =HYPERLINK("mast3r/outputs/llff_room_scen_2/reconstruction.glb","mast3r/outputs/llff_room_scen_2/reconstruction.glb") -> mast3r/outputs/llff_room_scen_2/reconstruction.glb | J95: DJI_20200226_143914_572.JPG DJI_20200226_143948_113.JPG | K95: Oceniono | L95: 1 | M95: 1 | N95: 2 | O95: 1 | P95: =IF($K95="Niepowodzenie rekonstrukcji",0,IF(COUNT($L95:$O95)=4,SUM($L95:$O95),"")) -> 5 | R95: =IF($K95="Niepowodzenie rekonstrukcji",IF(COUNTIF($L95:$O95,0)=4,"OK","Ustaw C, G, A, D = 0"),IF(COUNT($L95:$O95)=0,"Nieoceniony",IF(COUNT($L95:$O95)=4,"OK","Uzupełnij oceny"))) -> OK | S95: /home/kamil/dataset/nerf_llff_data/room/images/scen_2
A96: 95 | B96: llff_room_b_scen_2 | C96: LLFF | D96: room | E96: Wewnętrzne | F96: b | G96: 2 | H96: MASt3R | I96: =HYPERLINK("mast3r/outputs_extras/llff_room_b_scen_2/reconstruction.glb","mast3r/outputs_extras/llff_room_b_scen_2/reconstruction.glb") -> mast3r/outputs_extras/llff_room_b_scen_2/reconstruction.glb | J96: DJI_20200226_143906_682.JPG DJI_20200226_143942_875.JPG | K96: Do oceny | L96: 1 | M96: 1 | N96: 2 | O96: 1 | P96: =IF($K96="Niepowodzenie rekonstrukcji",0,IF(COUNT($L96:$O96)=4,SUM($L96:$O96),"")) -> 5 | R96: =IF($K96="Niepowodzenie rekonstrukcji",IF(COUNTIF($L96:$O96,0)=4,"OK","Ustaw C, G, A, D = 0"),IF(COUNT($L96:$O96)=0,"Nieoceniony",IF(COUNT($L96:$O96)=4,"OK","Uzupełnij oceny"))) -> OK | S96: /home/kamil/dataset/nerf_llff_data/room_B/images/scen_2
A97: 96 | B97: llff_room_c_scen_2 | C97: LLFF | D97: room | E97: Wewnętrzne | F97: c | G97: 2 | H97: MASt3R | I97: =HYPERLINK("mast3r/outputs_extras/llff_room_c_scen_2/reconstruction.glb","mast3r/outputs_extras/llff_room_c_scen_2/reconstruction.glb") -> mast3r/outputs_extras/llff_room_c_scen_2/reconstruction.glb | J97: DJI_20200226_143858_657.JPG DJI_20200226_143935_646.JPG | K97: Do oceny | L97: 1 | M97: 1 | N97: 2 | O97: 1 | P97: =IF($K97="Niepowodzenie rekonstrukcji",0,IF(COUNT($L97:$O97)=4,SUM($L97:$O97),"")) -> 5 | R97: =IF($K97="Niepowodzenie rekonstrukcji",IF(COUNTIF($L97:$O97,0)=4,"OK","Ustaw C, G, A, D = 0"),IF(COUNT($L97:$O97)=0,"Nieoceniony",IF(COUNT($L97:$O97)=4,"OK","Uzupełnij oceny"))) -> OK | S97: /home/kamil/dataset/nerf_llff_data/room_C/images/scen_2
A98: 97 | B98: llff_room_a_scen_2 | C98: LLFF | D98: room | E98: Wewnętrzne | F98: a | G98: 2 | H98: MapAnything | I98: =HYPERLINK("mapany/outputs/llff_room_scen_2/reconstruction.glb","mapany/outputs/llff_room_scen_2/reconstruction.glb") -> mapany/outputs/llff_room_scen_2/reconstruction.glb | J98: DJI_20200226_143914_572.JPG DJI_20200226_143948_113.JPG | K98: Oceniono | L98: 2 | M98: 2 | N98: 2 | O98: 2 | P98: =IF($K98="Niepowodzenie rekonstrukcji",0,IF(COUNT($L98:$O98)=4,SUM($L98:$O98),"")) -> 8 | R98: =IF($K98="Niepowodzenie rekonstrukcji",IF(COUNTIF($L98:$O98,0)=4,"OK","Ustaw C, G, A, D = 0"),IF(COUNT($L98:$O98)=0,"Nieoceniony",IF(COUNT($L98:$O98)=4,"OK","Uzupełnij oceny"))) -> OK | S98: /home/kamil/dataset/nerf_llff_data/room/images/scen_2
A99: 98 | B99: llff_room_b_scen_2 | C99: LLFF | D99: room | E99: Wewnętrzne | F99: b | G99: 2 | H99: MapAnything | I99: =HYPERLINK("mapany/outputs_extras/llff_room_b_scen_2/reconstruction.glb","mapany/outputs_extras/llff_room_b_scen_2/reconstruction.glb") -> mapany/outputs_extras/llff_room_b_scen_2/reconstruction.glb | J99: DJI_20200226_143906_682.JPG DJI_20200226_143942_875.JPG | K99: Do oceny | L99: 2 | M99: 2 | N99: 2 | O99: 2 | P99: =IF($K99="Niepowodzenie rekonstrukcji",0,IF(COUNT($L99:$O99)=4,SUM($L99:$O99),"")) -> 8 | R99: =IF($K99="Niepowodzenie rekonstrukcji",IF(COUNTIF($L99:$O99,0)=4,"OK","Ustaw C, G, A, D = 0"),IF(COUNT($L99:$O99)=0,"Nieoceniony",IF(COUNT($L99:$O99)=4,"OK","Uzupełnij oceny"))) -> OK | S99: /home/kamil/dataset/nerf_llff_data/room_B/images/scen_2
A100: 99 | B100: llff_room_c_scen_2 | C100: LLFF | D100: room | E100: Wewnętrzne | F100: c | G100: 2 | H100: MapAnything | I100: =HYPERLINK("mapany/outputs_extras/llff_room_c_scen_2/reconstruction.glb","mapany/outputs_extras/llff_room_c_scen_2/reconstruction.glb") -> mapany/outputs_extras/llff_room_c_scen_2/reconstruction.glb | J100: DJI_20200226_143858_657.JPG DJI_20200226_143935_646.JPG | K100: Do oceny | L100: 2 | M100: 2 | N100: 2 | O100: 2 | P100: =IF($K100="Niepowodzenie rekonstrukcji",0,IF(COUNT($L100:$O100)=4,SUM($L100:$O100),"")) -> 8 | R100: =IF($K100="Niepowodzenie rekonstrukcji",IF(COUNTIF($L100:$O100,0)=4,"OK","Ustaw C, G, A, D = 0"),IF(COUNT($L100:$O100)=0,"Nieoceniony",IF(COUNT($L100:$O100)=4,"OK","Uzupełnij oceny"))) -> OK | S100: /home/kamil/dataset/nerf_llff_data/room_C/images/scen_2
...

Sheet Skala
A1: Skala punktowa 0–3
A2: Kryterium | B2: 0 pkt | C2: 1 pkt | D2: 2 pkt | E2: 3 pkt
A3: C – kompletność rekonstrukcji | B3: Brak użytecznej rekonstrukcji albo jedynie pojedyncze, niepowiązane fragmenty. | C3: Zrekonstruowano niewielką część sceny; duże braki względem obrazów wejściowych. | D3: Większość istotnych elementów jest obecna, ale występują zauważalne braki. | E3: Rekonstrukcja obejmuje praktycznie wszystkie istotne elementy widoczne na obrazach.
A4: G – spójność geometryczna | B4: Nie można zidentyfikować spójnej struktury przestrzennej sceny. | C4: Poważne deformacje, przesunięcia, rozwarstwienia lub błędne położenie elementów. | D4: Ogólna geometria jest poprawna, ale występują lokalne deformacje albo niespójności. | E4: Położenie elementów, proporcje i lokalna geometria są wizualnie spójne ze źródłami.
A5: A – artefakty i szum | B5: Artefakty dominują nad rekonstrukcją i uniemożliwiają jej interpretację. | C5: Liczne punkty odstające, duchy, rozwarstwienia, duplikaty lub inne poważne artefakty. | D5: Artefakty są widoczne, ale nie uniemożliwiają interpretacji sceny. | E5: Artefakty są nieliczne i mają marginalny wpływ na odbiór rekonstrukcji.
A6: D – struktura i szczegóły | B6: Podstawowa struktura sceny jest nierozpoznawalna. | C6: Rozpoznawalne są jedynie główne bryły lub najbardziej ogólna struktura. | D6: Poprawnie odwzorowano główne elementy oraz część drobniejszych szczegółów. | E6: Dobrze zachowano zarówno główne struktury, jak i drobniejsze elementy sceny.
A7: Q = C + G + A + D, dlatego Q ∈ [0, 12].

Sheet Podsumowanie
A1: Automatyczne podsumowanie wariantów
A2: Model | B2: Scenariusz | C2: Wariant | D2: Liczba obrazów | E2: Liczba przypadków | F2: Ocenione / kompletne | G2: Postęp | H2: Mediana Q | I2: Średnia Q | J2: Mediana C | K2: Średnia C | L2: Mediana G | M2: Średnia G | N2: Mediana A | O2: Średnia A | P2: Mediana D | Q2: Średnia D | R2: Min Q | S2: Max Q | T2: Niepowodzenia (Q=0) | U2: Udział niepowodzeń
A3: VGGT | B3: 2 | C3: a | D3: 2 | E3: 9 | F3: =COUNT(Ocena!$P$2,Ocena!$P$20,Ocena!$P$38,Ocena!$P$56,Ocena!$P$74,Ocena!$P$92,Ocena!$P$110,Ocena!$P$128,Ocena!$P$146) -> 9 | G3: =IFERROR(F3/E3,0) -> 1 | H3: =IF(F3=0,"",MEDIAN(Ocena!$P$2,Ocena!$P$20,Ocena!$P$38,Ocena!$P$56,Ocena!$P$74,Ocena!$P$92,Ocena!$P$110,Ocena!$P$128,Ocena!$P$146)) -> 6 | I3: =IF(F3=0,"",AVERAGE(Ocena!$P$2,Ocena!$P$20,Ocena!$P$38,Ocena!$P$56,Ocena!$P$74,Ocena!$P$92,Ocena!$P$110,Ocena!$P$128,Ocena!$P$146)) -> 5.8888889 | J3: =IF(F3=0,"",MEDIAN(Ocena!$L$2,Ocena!$L$20,Ocena!$L$38,Ocena!$L$56,Ocena!$L$74,Ocena!$L$92,Ocena!$L$110,Ocena!$L$128,Ocena!$L$146)) -> 1 | K3: =IF(F3=0,"",AVERAGE(Ocena!$L$2,Ocena!$L$20,Ocena!$L$38,Ocena!$L$56,Ocena!$L$74,Ocena!$L$92,Ocena!$L$110,Ocena!$L$128,Ocena!$L$146)) -> 1.2222222 | L3: =IF(F3=0,"",MEDIAN(Ocena!$M$2,Ocena!$M$20,Ocena!$M$38,Ocena!$M$56,Ocena!$M$74,Ocena!$M$92,Ocena!$M$110,Ocena!$M$128,Ocena!$M$146)) -> 2 | M3: =IF(F3=0,"",AVERAGE(Ocena!$M$2,Ocena!$M$20,Ocena!$M$38,Ocena!$M$56,Ocena!$M$74,Ocena!$M$92,Ocena!$M$110,Ocena!$M$128,Ocena!$M$146)) -> 1.6666667 | N3: =IF(F3=0,"",MEDIAN(Ocena!$N$2,Ocena!$N$20,Ocena!$N$38,Ocena!$N$56,Ocena!$N$74,Ocena!$N$92,Ocena!$N$110,Ocena!$N$128,Ocena!$N$146)) -> 1 | O3: =IF(F3=0,"",AVERAGE(Ocena!$N$2,Ocena!$N$20,Ocena!$N$38,Ocena!$N$56,Ocena!$N$74,Ocena!$N$92,Ocena!$N$110,Ocena!$N$128,Ocena!$N$146)) -> 1.5555556 | P3: =IF(F3=0,"",MEDIAN(Ocena!$O$2,Ocena!$O$20,Ocena!$O$38,Ocena!$O$56,Ocena!$O$74,Ocena!$O$92,Ocena!$O$110,Ocena!$O$128,Ocena!$O$146)) -> 1 | Q3: =IF(F3=0,"",AVERAGE(Ocena!$O$2,Ocena!$O$20,Ocena!$O$38,Ocena!$O$56,Ocena!$O$74,Ocena!$O$92,Ocena!$O$110,Ocena!$O$128,Ocena!$O$146)) -> 1.4444444 | R3: =IF(F3=0,"",MIN(Ocena!$P$2,Ocena!$P$20,Ocena!$P$38,Ocena!$P$56,Ocena!$P$74,Ocena!$P$92,Ocena!$P$110,Ocena!$P$128,Ocena!$P$146)) -> 5 | S3: =IF(F3=0,"",MAX(Ocena!$P$2,Ocena!$P$20,Ocena!$P$38,Ocena!$P$56,Ocena!$P$74,Ocena!$P$92,Ocena!$P$110,Ocena!$P$128,Ocena!$P$146)) -> 7 | T3: =IF(AND(COUNT(Ocena!$L$2:$O$2)=4,COUNTIF(Ocena!$L$2:$O$2,0)=4),1,0)+IF(AND(COUNT(Ocena!$L$20:$O$20)=4,COUNTIF(Ocena!$L$20:$O$20,0)=4),1,0)+IF(AND(COUNT(Ocena!$L$38:$O$38)=4,COUNTIF(Ocena!$L$38:$O$38,0)=4),1,0)+IF(AND(COUNT(Ocena!$L$56:$O$56)=4,COUNTIF(Ocena!$L$56:$O$56,0)=4),1,0)+IF(AND(COUNT(Ocena!$L$74:$O$74)=4,COUNTIF(Ocena!$L$74:$O$74,0)=4),1,0)+IF(AND(COUNT(Ocena!$L$92:$O$92)=4,COUNTIF(Ocena!$L$92:$O$92,0)=4),1,0)+IF(AND(COUNT(Ocena!$L$110:$O$110)=4,COUNTIF(Ocena!$L$110:$O$110,0)=4),1,0)+IF(AND(COUNT(Ocena!$L$128:$O$128)=4,COUNTIF(Ocena!$L$128:$O$128,0)=4),1,0)+IF(AND(COUNT(Ocena!$L$146:$O$146)=4,COUNTIF(Ocena!$L$146:$O$146,0)=4),1,0) -> 0 | U3: =IFERROR(T3/E3,0) -> 0
A4: VGGT | B4: 2 | C4: b | D4: 2 | E4: 9 | F4: =COUNT(Ocena!$P$3,Ocena!$P$21,Ocena!$P$39,Ocena!$P$57,Ocena!$P$75,Ocena!$P$93,Ocena!$P$111,Ocena!$P$129,Ocena!$P$147) -> 9 | G4: =IFERROR(F4/E4,0) -> 1 | H4: =IF(F4=0,"",MEDIAN(Ocena!$P$3,Ocena!$P$21,Ocena!$P$39,Ocena!$P$57,Ocena!$P$75,Ocena!$P$93,Ocena!$P$111,Ocena!$P$129,Ocena!$P$147)) -> 6 | I4: =IF(F4=0,"",AVERAGE(Ocena!$P$3,Ocena!$P$21,Ocena!$P$39,Ocena!$P$57,Ocena!$P$75,Ocena!$P$93,Ocena!$P$111,Ocena!$P$129,Ocena!$P$147)) -> 6 | J4: =IF(F4=0,"",MEDIAN(Ocena!$L$3,Ocena!$L$21,Ocena!$L$39,Ocena!$L$57,Ocena!$L$75,Ocena!$L$93,Ocena!$L$111,Ocena!$L$129,Ocena!$L$147)) -> 1 | K4: =IF(F4=0,"",AVERAGE(Ocena!$L$3,Ocena!$L$21,Ocena!$L$39,Ocena!$L$57,Ocena!$L$75,Ocena!$L$93,Ocena!$L$111,Ocena!$L$129,Ocena!$L$147)) -> 1.3333333 | L4: =IF(F4=0,"",MEDIAN(Ocena!$M$3,Ocena!$M$21,Ocena!$M$39,Ocena!$M$57,Ocena!$M$75,Ocena!$M$93,Ocena!$M$111,Ocena!$M$129,Ocena!$M$147)) -> 2 | M4: =IF(F4=0,"",AVERAGE(Ocena!$M$3,Ocena!$M$21,Ocena!$M$39,Ocena!$M$57,Ocena!$M$75,Ocena!$M$93,Ocena!$M$111,Ocena!$M$129,Ocena!$M$147)) -> 1.5555556 | N4: =IF(F4=0,"",MEDIAN(Ocena!$N$3,Ocena!$N$21,Ocena!$N$39,Ocena!$N$57,Ocena!$N$75,Ocena!$N$93,Ocena!$N$111,Ocena!$N$129,Ocena!$N$147)) -> 1 | O4: =IF(F4=0,"",AVERAGE(Ocena!$N$3,Ocena!$N$21,Ocena!$N$39,Ocena!$N$57,Ocena!$N$75,Ocena!$N$93,Ocena!$N$111,Ocena!$N$129,Ocena!$N$147)) -> 1.5555556 | P4: =IF(F4=0,"",MEDIAN(Ocena!$O$3,Ocena!$O$21,Ocena!$O$39,Ocena!$O$57,Ocena!$O$75,Ocena!$O$93,Ocena!$O$111,Ocena!$O$129,Ocena!$O$147)) -> 2 | Q4: =IF(F4=0,"",AVERAGE(Ocena!$O$3,Ocena!$O$21,Ocena!$O$39,Ocena!$O$57,Ocena!$O$75,Ocena!$O$93,Ocena!$O$111,Ocena!$O$129,Ocena!$O$147)) -> 1.5555556 | R4: =IF(F4=0,"",MIN(Ocena!$P$3,Ocena!$P$21,Ocena!$P$39,Ocena!$P$57,Ocena!$P$75,Ocena!$P$93,Ocena!$P$111,Ocena!$P$129,Ocena!$P$147)) -> 5 | S4: =IF(F4=0,"",MAX(Ocena!$P$3,Ocena!$P$21,Ocena!$P$39,Ocena!$P$57,Ocena!$P$75,Ocena!$P$93,Ocena!$P$111,Ocena!$P$129,Ocena!$P$147)) -> 7 | T4: =IF(AND(COUNT(Ocena!$L$3:$O$3)=4,COUNTIF(Ocena!$L$3:$O$3,0)=4),1,0)+IF(AND(COUNT(Ocena!$L$21:$O$21)=4,COUNTIF(Ocena!$L$21:$O$21,0)=4),1,0)+IF(AND(COUNT(Ocena!$L$39:$O$39)=4,COUNTIF(Ocena!$L$39:$O$39,0)=4),1,0)+IF(AND(COUNT(Ocena!$L$57:$O$57)=4,COUNTIF(Ocena!$L$57:$O$57,0)=4),1,0)+IF(AND(COUNT(Ocena!$L$75:$O$75)=4,COUNTIF(Ocena!$L$75:$O$75,0)=4),1,0)+IF(AND(COUNT(Ocena!$L$93:$O$93)=4,COUNTIF(Ocena!$L$93:$O$93,0)=4),1,0)+IF(AND(COUNT(Ocena!$L$111:$O$111)=4,COUNTIF(Ocena!$L$111:$O$111,0)=4),1,0)+IF(AND(COUNT(Ocena!$L$129:$O$129)=4,COUNTIF(Ocena!$L$129:$O$129,0)=4),1,0)+IF(AND(COUNT(Ocena!$L$147:$O$147)=4,COUNTIF(Ocena!$L$147:$O$147,0)=4),1,0) -> 0 | U4: =IFERROR(T4/E4,0) -> 0
A5: VGGT | B5: 2 | C5: c | D5: 2 | E5: 9 | F5: =COUNT(Ocena!$P$4,Ocena!$P$22,Ocena!$P$40,Ocena!$P$58,Ocena!$P$76,Ocena!$P$94,Ocena!$P$112,Ocena!$P$130,Ocena!$P$148) -> 9 | G5: =IFERROR(F5/E5,0) -> 1 | H5: =IF(F5=0,"",MEDIAN(Ocena!$P$4,Ocena!$P$22,Ocena!$P$40,Ocena!$P$58,Ocena!$P$76,Ocena!$P$94,Ocena!$P$112,Ocena!$P$130,Ocena!$P$148)) -> 6 | I5: =IF(F5=0,"",AVERAGE(Ocena!$P$4,Ocena!$P$22,Ocena!$P$40,Ocena!$P$58,Ocena!$P$76,Ocena!$P$94,Ocena!$P$112,Ocena!$P$130,Ocena!$P$148)) -> 6 | J5: =IF(F5=0,"",MEDIAN(Ocena!$L$4,Ocena!$L$22,Ocena!$L$40,Ocena!$L$58,Ocena!$L$76,Ocena!$L$94,Ocena!$L$112,Ocena!$L$130,Ocena!$L$148)) -> 1 | K5: =IF(F5=0,"",AVERAGE(Ocena!$L$4,Ocena!$L$22,Ocena!$L$40,Ocena!$L$58,Ocena!$L$76,Ocena!$L$94,Ocena!$L$112,Ocena!$L$130,Ocena!$L$148)) -> 1.1111111 | L5: =IF(F5=0,"",MEDIAN(Ocena!$M$4,Ocena!$M$22,Ocena!$M$40,Ocena!$M$58,Ocena!$M$76,Ocena!$M$94,Ocena!$M$112,Ocena!$M$130,Ocena!$M$148)) -> 2 | M5: =IF(F5=0,"",AVERAGE(Ocena!$M$4,Ocena!$M$22,Ocena!$M$40,Ocena!$M$58,Ocena!$M$76,Ocena!$M$94,Ocena!$M$112,Ocena!$M$130,Ocena!$M$148)) -> 1.6666667 | N5: =IF(F5=0,"",MEDIAN(Ocena!$N$4,Ocena!$N$22,Ocena!$N$40,Ocena!$N$58,Ocena!$N$76,Ocena!$N$94,Ocena!$N$112,Ocena!$N$130,Ocena!$N$148)) -> 2 | O5: =IF(F5=0,"",AVERAGE(Ocena!$N$4,Ocena!$N$22,Ocena!$N$40,Ocena!$N$58,Ocena!$N$76,Ocena!$N$94,Ocena!$N$112,Ocena!$N$130,Ocena!$N$148)) -> 1.7777778 | P5: =IF(F5=0,"",MEDIAN(Ocena!$O$4,Ocena!$O$22,Ocena!$O$40,Ocena!$O$58,Ocena!$O$76,Ocena!$O$94,Ocena!$O$112,Ocena!$O$130,Ocena!$O$148)) -> 1 | Q5: =IF(F5=0,"",AVERAGE(Ocena!$O$4,Ocena!$O$22,Ocena!$O$40,Ocena!$O$58,Ocena!$O$76,Ocena!$O$94,Ocena!$O$112,Ocena!$O$130,Ocena!$O$148)) -> 1.4444444 | R5: =IF(F5=0,"",MIN(Ocena!$P$4,Ocena!$P$22,Ocena!$P$40,Ocena!$P$58,Ocena!$P$76,Ocena!$P$94,Ocena!$P$112,Ocena!$P$130,Ocena!$P$148)) -> 5 | S5: =IF(F5=0,"",MAX(Ocena!$P$4,Ocena!$P$22,Ocena!$P$40,Ocena!$P$58,Ocena!$P$76,Ocena!$P$94,Ocena!$P$112,Ocena!$P$130,Ocena!$P$148)) -> 7 | T5: =IF(AND(COUNT(Ocena!$L$4:$O$4)=4,COUNTIF(Ocena!$L$4:$O$4,0)=4),1,0)+IF(AND(COUNT(Ocena!$L$22:$O$22)=4,COUNTIF(Ocena!$L$22:$O$22,0)=4),1,0)+IF(AND(COUNT(Ocena!$L$40:$O$40)=4,COUNTIF(Ocena!$L$40:$O$40,0)=4),1,0)+IF(AND(COUNT(Ocena!$L$58:$O$58)=4,COUNTIF(Ocena!$L$58:$O$58,0)=4),1,0)+IF(AND(COUNT(Ocena!$L$76:$O$76)=4,COUNTIF(Ocena!$L$76:$O$76,0)=4),1,0)+IF(AND(COUNT(Ocena!$L$94:$O$94)=4,COUNTIF(Ocena!$L$94:$O$94,0)=4),1,0)+IF(AND(COUNT(Ocena!$L$112:$O$112)=4,COUNTIF(Ocena!$L$112:$O$112,0)=4),1,0)+IF(AND(COUNT(Ocena!$L$130:$O$130)=4,COUNTIF(Ocena!$L$130:$O$130,0)=4),1,0)+IF(AND(COUNT(Ocena!$L$148:$O$148)=4,COUNTIF(Ocena!$L$148:$O$148,0)=4),1,0) -> 0 | U5: =IFERROR(T5/E5,0) -> 0
A6: VGGT | B6: 4 | C6: a | D6: 4 | E6: 9 | F6: =COUNT(Ocena!$P$11,Ocena!$P$29,Ocena!$P$47,Ocena!$P$65,Ocena!$P$83,Ocena!$P$101,Ocena!$P$119,Ocena!$P$137,Ocena!$P$155) -> 9 | G6: =IFERROR(F6/E6,0) -> 1 | H6: =IF(F6=0,"",MEDIAN(Ocena!$P$11,Ocena!$P$29,Ocena!$P$47,Ocena!$P$65,Ocena!$P$83,Ocena!$P$101,Ocena!$P$119,Ocena!$P$137,Ocena!$P$155)) -> 7 | I6: =IF(F6=0,"",AVERAGE(Ocena!$P$11,Ocena!$P$29,Ocena!$P$47,Ocena!$P$65,Ocena!$P$83,Ocena!$P$101,Ocena!$P$119,Ocena!$P$137,Ocena!$P$155)) -> 6.5555556 | J6: =IF(F6=0,"",MEDIAN(Ocena!$L$11,Ocena!$L$29,Ocena!$L$47,Ocena!$L$65,Ocena!$L$83,Ocena!$L$101,Ocena!$L$119,Ocena!$L$137,Ocena!$L$155)) -> 1 | K6: =IF(F6=0,"",AVERAGE(Ocena!$L$11,Ocena!$L$29,Ocena!$L$47,Ocena!$L$65,Ocena!$L$83,Ocena!$L$101,Ocena!$L$119,Ocena!$L$137,Ocena!$L$155)) -> 1.3333333 | L6: =IF(F6=0,"",MEDIAN(Ocena!$M$11,Ocena!$M$29,Ocena!$M$47,Ocena!$M$65,Ocena!$M$83,Ocena!$M$101,Ocena!$M$119,Ocena!$M$137,Ocena!$M$155)) -> 2 | M6: =IF(F6=0,"",AVERAGE(Ocena!$M$11,Ocena!$M$29,Ocena!$M$47,Ocena!$M$65,Ocena!$M$83,Ocena!$M$101,Ocena!$M$119,Ocena!$M$137,Ocena!$M$155)) -> 1.8888889 | N6: =IF(F6=0,"",MEDIAN(Ocena!$N$11,Ocena!$N$29,Ocena!$N$47,Ocena!$N$65,Ocena!$N$83,Ocena!$N$101,Ocena!$N$119,Ocena!$N$137,Ocena!$N$155)) -> 2 | O6: =IF(F6=0,"",AVERAGE(Ocena!$N$11,Ocena!$N$29,Ocena!$N$47,Ocena!$N$65,Ocena!$N$83,Ocena!$N$101,Ocena!$N$119,Ocena!$N$137,Ocena!$N$155)) -> 1.8888889 | P6: =IF(F6=0,"",MEDIAN(Ocena!$O$11,Ocena!$O$29,Ocena!$O$47,Ocena!$O$65,Ocena!$O$83,Ocena!$O$101,Ocena!$O$119,Ocena!$O$137,Ocena!$O$155)) -> 1 | Q6: =IF(F6=0,"",AVERAGE(Ocena!$O$11,Ocena!$O$29,Ocena!$O$47,Ocena!$O$65,Ocena!$O$83,Ocena!$O$101,Ocena!$O$119,Ocena!$O$137,Ocena!$O$155)) -> 1.4444444 | R6: =IF(F6=0,"",MIN(Ocena!$P$11,Ocena!$P$29,Ocena!$P$47,Ocena!$P$65,Ocena!$P$83,Ocena!$P$101,Ocena!$P$119,Ocena!$P$137,Ocena!$P$155)) -> 5 | S6: =IF(F6=0,"",MAX(Ocena!$P$11,Ocena!$P$29,Ocena!$P$47,Ocena!$P$65,Ocena!$P$83,Ocena!$P$101,Ocena!$P$119,Ocena!$P$137,Ocena!$P$155)) -> 8 | T6: =IF(AND(COUNT(Ocena!$L$11:$O$11)=4,COUNTIF(Ocena!$L$11:$O$11,0)=4),1,0)+IF(AND(COUNT(Ocena!$L$29:$O$29)=4,COUNTIF(Ocena!$L$29:$O$29,0)=4),1,0)+IF(AND(COUNT(Ocena!$L$47:$O$47)=4,COUNTIF(Ocena!$L$47:$O$47,0)=4),1,0)+IF(AND(COUNT(Ocena!$L$65:$O$65)=4,COUNTIF(Ocena!$L$65:$O$65,0)=4),1,0)+IF(AND(COUNT(Ocena!$L$83:$O$83)=4,COUNTIF(Ocena!$L$83:$O$83,0)=4),1,0)+IF(AND(COUNT(Ocena!$L$101:$O$101)=4,COUNTIF(Ocena!$L$101:$O$101,0)=4),1,0)+IF(AND(COUNT(Ocena!$L$119:$O$119)=4,COUNTIF(Ocena!$L$119:$O$119,0)=4),1,0)+IF(AND(COUNT(Ocena!$L$137:$O$137)=4,COUNTIF(Ocena!$L$137:$O$137,0)=4),1,0)+IF(AND(COUNT(Ocena!$L$155:$O$155)=4,COUNTIF(Ocena!$L$155:$O$155,0)=4),1,0) -> 0 | U6: =IFERROR(T6/E6,0) -> 0
A7: VGGT | B7: 4 | C7: b | D7: 4 | E7: 9 | F7: =COUNT(Ocena!$P$12,Ocena!$P$30,Ocena!$P$48,Ocena!$P$66,Ocena!$P$84,Ocena!$P$102,Ocena!$P$120,Ocena!$P$138,Ocena!$P$156) -> 9 | G7: =IFERROR(F7/E7,0) -> 1 | H7: =IF(F7=0,"",MEDIAN(Ocena!$P$12,Ocena!$P$30,Ocena!$P$48,Ocena!$P$66,Ocena!$P$84,Ocena!$P$102,Ocena!$P$120,Ocena!$P$138,Ocena!$P$156)) -> 6 | I7: =IF(F7=0,"",AVERAGE(Ocena!$P$12,Ocena!$P$30,Ocena!$P$48,Ocena!$P$66,Ocena!$P$84,Ocena!$P$102,Ocena!$P$120,Ocena!$P$138,Ocena!$P$156)) -> 6.4444444 | J7: =IF(F7=0,"",MEDIAN(Ocena!$L$12,Ocena!$L$30,Ocena!$L$48,Ocena!$L$66,Ocena!$L$84,Ocena!$L$102,Ocena!$L$120,Ocena!$L$138,Ocena!$L$156)) -> 1 | K7: =IF(F7=0,"",AVERAGE(Ocena!$L$12,Ocena!$L$30,Ocena!$L$48,Ocena!$L$66,Ocena!$L$84,Ocena!$L$102,Ocena!$L$120,Ocena!$L$138,Ocena!$L$156)) -> 1.3333333 | L7: =IF(F7=0,"",MEDIAN(Ocena!$M$12,Ocena!$M$30,Ocena!$M$48,Ocena!$M$66,Ocena!$M$84,Ocena!$M$102,Ocena!$M$120,Ocena!$M$138,Ocena!$M$156)) -> 2 | M7: =IF(F7=0,"",AVERAGE(Ocena!$M$12,Ocena!$M$30,Ocena!$M$48,Ocena!$M$66,Ocena!$M$84,Ocena!$M$102,Ocena!$M$120,Ocena!$M$138,Ocena!$M$156)) -> 1.8888889 | N7: =IF(F7=0,"",MEDIAN(Ocena!$N$12,Ocena!$N$30,Ocena!$N$48,Ocena!$N$66,Ocena!$N$84,Ocena!$N$102,Ocena!$N$120,Ocena!$N$138,Ocena!$N$156)) -> 2 | O7: =IF(F7=0,"",AVERAGE(Ocena!$N$12,Ocena!$N$30,Ocena!$N$48,Ocena!$N$66,Ocena!$N$84,Ocena!$N$102,Ocena!$N$120,Ocena!$N$138,Ocena!$N$156)) -> 1.7777778 | P7: =IF(F7=0,"",MEDIAN(Ocena!$O$12,Ocena!$O$30,Ocena!$O$48,Ocena!$O$66,Ocena!$O$84,Ocena!$O$102,Ocena!$O$120,Ocena!$O$138,Ocena!$O$156)) -> 1 | Q7: =IF(F7=0,"",AVERAGE(Ocena!$O$12,Ocena!$O$30,Ocena!$O$48,Ocena!$O$66,Ocena!$O$84,Ocena!$O$102,Ocena!$O$120,Ocena!$O$138,Ocena!$O$156)) -> 1.4444444 | R7: =IF(F7=0,"",MIN(Ocena!$P$12,Ocena!$P$30,Ocena!$P$48,Ocena!$P$66,Ocena!$P$84,Ocena!$P$102,Ocena!$P$120,Ocena!$P$138,Ocena!$P$156)) -> 5 | S7: =IF(F7=0,"",MAX(Ocena!$P$12,Ocena!$P$30,Ocena!$P$48,Ocena!$P$66,Ocena!$P$84,Ocena!$P$102,Ocena!$P$120,Ocena!$P$138,Ocena!$P$156)) -> 8 | T7: =IF(AND(COUNT(Ocena!$L$12:$O$12)=4,COUNTIF(Ocena!$L$12:$O$12,0)=4),1,0)+IF(AND(COUNT(Ocena!$L$30:$O$30)=4,COUNTIF(Ocena!$L$30:$O$30,0)=4),1,0)+IF(AND(COUNT(Ocena!$L$48:$O$48)=4,COUNTIF(Ocena!$L$48:$O$48,0)=4),1,0)+IF(AND(COUNT(Ocena!$L$66:$O$66)=4,COUNTIF(Ocena!$L$66:$O$66,0)=4),1,0)+IF(AND(COUNT(Ocena!$L$84:$O$84)=4,COUNTIF(Ocena!$L$84:$O$84,0)=4),1,0)+IF(AND(COUNT(Ocena!$L$102:$O$102)=4,COUNTIF(Ocena!$L$102:$O$102,0)=4),1,0)+IF(AND(COUNT(Ocena!$L$120:$O$120)=4,COUNTIF(Ocena!$L$120:$O$120,0)=4),1,0)+IF(AND(COUNT(Ocena!$L$138:$O$138)=4,COUNTIF(Ocena!$L$138:$O$138,0)=4),1,0)+IF(AND(COUNT(Ocena!$L$156:$O$156)=4,COUNTIF(Ocena!$L$156:$O$156,0)=4),1,0) -> 0 | U7: =IFERROR(T7/E7,0) -> 0
A8: VGGT | B8: 4 | C8: c | D8: 4 | E8: 9 | F8: =COUNT(Ocena!$P$13,Ocena!$P$31,Ocena!$P$49,Ocena!$P$67,Ocena!$P$85,Ocena!$P$103,Ocena!$P$121,Ocena!$P$139,Ocena!$P$157) -> 9 | G8: =IFERROR(F8/E8,0) -> 1 | H8: =IF(F8=0,"",MEDIAN(Ocena!$P$13,Ocena!$P$31,Ocena!$P$49,Ocena!$P$67,Ocena!$P$85,Ocena!$P$103,Ocena!$P$121,Ocena!$P$139,Ocena!$P$157)) -> 7 | I8: =IF(F8=0,"",AVERAGE(Ocena!$P$13,Ocena!$P$31,Ocena!$P$49,Ocena!$P$67,Ocena!$P$85,Ocena!$P$103,Ocena!$P$121,Ocena!$P$139,Ocena!$P$157)) -> 6.7777778 | J8: =IF(F8=0,"",MEDIAN(Ocena!$L$13,Ocena!$L$31,Ocena!$L$49,Ocena!$L$67,Ocena!$L$85,Ocena!$L$103,Ocena!$L$121,Ocena!$L$139,Ocena!$L$157)) -> 1 | K8: =IF(F8=0,"",AVERAGE(Ocena!$L$13,Ocena!$L$31,Ocena!$L$49,Ocena!$L$67,Ocena!$L$85,Ocena!$L$103,Ocena!$L$121,Ocena!$L$139,Ocena!$L$157)) -> 1.2222222 | L8: =IF(F8=0,"",MEDIAN(Ocena!$M$13,Ocena!$M$31,Ocena!$M$49,Ocena!$M$67,Ocena!$M$85,Ocena!$M$103,Ocena!$M$121,Ocena!$M$139,Ocena!$M$157)) -> 2 | M8: =IF(F8=0,"",AVERAGE(Ocena!$M$13,Ocena!$M$31,Ocena!$M$49,Ocena!$M$67,Ocena!$M$85,Ocena!$M$103,Ocena!$M$121,Ocena!$M$139,Ocena!$M$157)) -> 2.1111111 | N8: =IF(F8=0,"",MEDIAN(Ocena!$N$13,Ocena!$N$31,Ocena!$N$49,Ocena!$N$67,Ocena!$N$85,Ocena!$N$103,Ocena!$N$121,Ocena!$N$139,Ocena!$N$157)) -> 2 | O8: =IF(F8=0,"",AVERAGE(Ocena!$N$13,Ocena!$N$31,Ocena!$N$49,Ocena!$N$67,Ocena!$N$85,Ocena!$N$103,Ocena!$N$121,Ocena!$N$139,Ocena!$N$157)) -> 2 | P8: =IF(F8=0,"",MEDIAN(Ocena!$O$13,Ocena!$O$31,Ocena!$O$49,Ocena!$O$67,Ocena!$O$85,Ocena!$O$103,Ocena!$O$121,Ocena!$O$139,Ocena!$O$157)) -> 1 | Q8: =IF(F8=0,"",AVERAGE(Ocena!$O$13,Ocena!$O$31,Ocena!$O$49,Ocena!$O$67,Ocena!$O$85,Ocena!$O$103,Ocena!$O$121,Ocena!$O$139,Ocena!$O$157)) -> 1.4444444 | R8: =IF(F8=0,"",MIN(Ocena!$P$13,Ocena!$P$31,Ocena!$P$49,Ocena!$P$67,Ocena!$P$85,Ocena!$P$103,Ocena!$P$121,Ocena!$P$139,Ocena!$P$157)) -> 5 | S8: =IF(F8=0,"",MAX(Ocena!$P$13,Ocena!$P$31,Ocena!$P$49,Ocena!$P$67,Ocena!$P$85,Ocena!$P$103,Ocena!$P$121,Ocena!$P$139,Ocena!$P$157)) -> 9 | T8: =IF(AND(COUNT(Ocena!$L$13:$O$13)=4,COUNTIF(Ocena!$L$13:$O$13,0)=4),1,0)+IF(AND(COUNT(Ocena!$L$31:$O$31)=4,COUNTIF(Ocena!$L$31:$O$31,0)=4),1,0)+IF(AND(COUNT(Ocena!$L$49:$O$49)=4,COUNTIF(Ocena!$L$49:$O$49,0)=4),1,0)+IF(AND(COUNT(Ocena!$L$67:$O$67)=4,COUNTIF(Ocena!$L$67:$O$67,0)=4),1,0)+IF(AND(COUNT(Ocena!$L$85:$O$85)=4,COUNTIF(Ocena!$L$85:$O$85,0)=4),1,0)+IF(AND(COUNT(Ocena!$L$103:$O$103)=4,COUNTIF(Ocena!$L$103:$O$103,0)=4),1,0)+IF(AND(COUNT(Ocena!$L$121:$O$121)=4,COUNTIF(Ocena!$L$121:$O$121,0)=4),1,0)+IF(AND(COUNT(Ocena!$L$139:$O$139)=4,COUNTIF(Ocena!$L$139:$O$139,0)=4),1,0)+IF(AND(COUNT(Ocena!$L$157:$O$157)=4,COUNTIF(Ocena!$L$157:$O$157,0)=4),1,0) -> 0 | U8: =IFERROR(T8/E8,0) -> 0
A9: MASt3R | B9: 2 | C9: a | D9: 2 | E9: 9 | F9: =COUNT(Ocena!$P$5,Ocena!$P$23,Ocena!$P$41,Ocena!$P$59,Ocena!$P$77,Ocena!$P$95,Ocena!$P$113,Ocena!$P$131,Ocena!$P$149) -> 9 | G9: =IFERROR(F9/E9,0) -> 1 | H9: =IF(F9=0,"",MEDIAN(Ocena!$P$5,Ocena!$P$23,Ocena!$P$41,Ocena!$P$59,Ocena!$P$77,Ocena!$P$95,Ocena!$P$113,Ocena!$P$131,Ocena!$P$149)) -> 6 | I9: =IF(F9=0,"",AVERAGE(Ocena!$P$5,Ocena!$P$23,Ocena!$P$41,Ocena!$P$59,Ocena!$P$77,Ocena!$P$95,Ocena!$P$113,Ocena!$P$131,Ocena!$P$149)) -> 6.2222222 | J9: =IF(F9=0,"",MEDIAN(Ocena!$L$5,Ocena!$L$23,Ocena!$L$41,Ocena!$L$59,Ocena!$L$77,Ocena!$L$95,Ocena!$L$113,Ocena!$L$131,Ocena!$L$149)) -> 1 | K9: =IF(F9=0,"",AVERAGE(Ocena!$L$5,Ocena!$L$23,Ocena!$L$41,Ocena!$L$59,Ocena!$L$77,Ocena!$L$95,Ocena!$L$113,Ocena!$L$131,Ocena!$L$149)) -> 1.4444444 | L9: =IF(F9=0,"",MEDIAN(Ocena!$M$5,Ocena!$M$23,Ocena!$M$41,Ocena!$M$59,Ocena!$M$77,Ocena!$M$95,Ocena!$M$113,Ocena!$M$131,Ocena!$M$149)) -> 1 | M9: =IF(F9=0,"",AVERAGE(Ocena!$M$5,Ocena!$M$23,Ocena!$M$41,Ocena!$M$59,Ocena!$M$77,Ocena!$M$95,Ocena!$M$113,Ocena!$M$131,Ocena!$M$149)) -> 1.4444444 | N9: =IF(F9=0,"",MEDIAN(Ocena!$N$5,Ocena!$N$23,Ocena!$N$41,Ocena!$N$59,Ocena!$N$77,Ocena!$N$95,Ocena!$N$113,Ocena!$N$131,Ocena!$N$149)) -> 2 | O9: =IF(F9=0,"",AVERAGE(Ocena!$N$5,Ocena!$N$23,Ocena!$N$41,Ocena!$N$59,Ocena!$N$77,Ocena!$N$95,Ocena!$N$113,Ocena!$N$131,Ocena!$N$149)) -> 1.8888889 | P9: =IF(F9=0,"",MEDIAN(Ocena!$O$5,Ocena!$O$23,Ocena!$O$41,Ocena!$O$59,Ocena!$O$77,Ocena!$O$95,Ocena!$O$113,Ocena!$O$131,Ocena!$O$149)) -> 1 | Q9: =IF(F9=0,"",AVERAGE(Ocena!$O$5,Ocena!$O$23,Ocena!$O$41,Ocena!$O$59,Ocena!$O$77,Ocena!$O$95,Ocena!$O$113,Ocena!$O$131,Ocena!$O$149)) -> 1.4444444 | R9: =IF(F9=0,"",MIN(Ocena!$P$5,Ocena!$P$23,Ocena!$P$41,Ocena!$P$59,Ocena!$P$77,Ocena!$P$95,Ocena!$P$113,Ocena!$P$131,Ocena!$P$149)) -> 5 | S9: =IF(F9=0,"",MAX(Ocena!$P$5,Ocena!$P$23,Ocena!$P$41,Ocena!$P$59,Ocena!$P$77,Ocena!$P$95,Ocena!$P$113,Ocena!$P$131,Ocena!$P$149)) -> 10 | T9: =IF(AND(COUNT(Ocena!$L$5:$O$5)=4,COUNTIF(Ocena!$L$5:$O$5,0)=4),1,0)+IF(AND(COUNT(Ocena!$L$23:$O$23)=4,COUNTIF(Ocena!$L$23:$O$23,0)=4),1,0)+IF(AND(COUNT(Ocena!$L$41:$O$41)=4,COUNTIF(Ocena!$L$41:$O$41,0)=4),1,0)+IF(AND(COUNT(Ocena!$L$59:$O$59)=4,COUNTIF(Ocena!$L$59:$O$59,0)=4),1,0)+IF(AND(COUNT(Ocena!$L$77:$O$77)=4,COUNTIF(Ocena!$L$77:$O$77,0)=4),1,0)+IF(AND(COUNT(Ocena!$L$95:$O$95)=4,COUNTIF(Ocena!$L$95:$O$95,0)=4),1,0)+IF(AND(COUNT(Ocena!$L$113:$O$113)=4,COUNTIF(Ocena!$L$113:$O$113,0)=4),1,0)+IF(AND(COUNT(Ocena!$L$131:$O$131)=4,COUNTIF(Ocena!$L$131:$O$131,0)=4),1,0)+IF(AND(COUNT(Ocena!$L$149:$O$149)=4,COUNTIF(Ocena!$L$149:$O$149,0)=4),1,0) -> 0 | U9: =IFERROR(T9/E9,0) -> 0
A10: MASt3R | B10: 2 | C10: b | D10: 2 | E10: 9 | F10: =COUNT(Ocena!$P$6,Ocena!$P$24,Ocena!$P$42,Ocena!$P$60,Ocena!$P$78,Ocena!$P$96,Ocena!$P$114,Ocena!$P$132,Ocena!$P$150) -> 9 | G10: =IFERROR(F10/E10,0) -> 1 | H10: =IF(F10=0,"",MEDIAN(Ocena!$P$6,Ocena!$P$24,Ocena!$P$42,Ocena!$P$60,Ocena!$P$78,Ocena!$P$96,Ocena!$P$114,Ocena!$P$132,Ocena!$P$150)) -> 6 | I10: =IF(F10=0,"",AVERAGE(Ocena!$P$6,Ocena!$P$24,Ocena!$P$42,Ocena!$P$60,Ocena!$P$78,Ocena!$P$96,Ocena!$P$114,Ocena!$P$132,Ocena!$P$150)) -> 6.1111111 | J10: =IF(F10=0,"",MEDIAN(Ocena!$L$6,Ocena!$L$24,Ocena!$L$42,Ocena!$L$60,Ocena!$L$78,Ocena!$L$96,Ocena!$L$114,Ocena!$L$132,Ocena!$L$150)) -> 1 | K10: =IF(F10=0,"",AVERAGE(Ocena!$L$6,Ocena!$L$24,Ocena!$L$42,Ocena!$L$60,Ocena!$L$78,Ocena!$L$96,Ocena!$L$114,Ocena!$L$132,Ocena!$L$150)) -> 1.4444444 | L10: =IF(F10=0,"",MEDIAN(Ocena!$M$6,Ocena!$M$24,Ocena!$M$42,Ocena!$M$60,Ocena!$M$78,Ocena!$M$96,Ocena!$M$114,Ocena!$M$132,Ocena!$M$150)) -> 1 | M10: =IF(F10=0,"",AVERAGE(Ocena!$M$6,Ocena!$M$24,Ocena!$M$42,Ocena!$M$60,Ocena!$M$78,Ocena!$M$96,Ocena!$M$114,Ocena!$M$132,Ocena!$M$150)) -> 1.3333333 | N10: =IF(F10=0,"",MEDIAN(Ocena!$N$6,Ocena!$N$24,Ocena!$N$42,Ocena!$N$60,Ocena!$N$78,Ocena!$N$96,Ocena!$N$114,Ocena!$N$132,Ocena!$N$150)) -> 2 | O10: =IF(F10=0,"",AVERAGE(Ocena!$N$6,Ocena!$N$24,Ocena!$N$42,Ocena!$N$60,Ocena!$N$78,Ocena!$N$96,Ocena!$N$114,Ocena!$N$132,Ocena!$N$150)) -> 1.8888889 | P10: =IF(F10=0,"",MEDIAN(Ocena!$O$6,Ocena!$O$24,Ocena!$O$42,Ocena!$O$60,Ocena!$O$78,Ocena!$O$96,Ocena!$O$114,Ocena!$O$132,Ocena!$O$150)) -> 1 | Q10: =IF(F10=0,"",AVERAGE(Ocena!$O$6,Ocena!$O$24,Ocena!$O$42,Ocena!$O$60,Ocena!$O$78,Ocena!$O$96,Ocena!$O$114,Ocena!$O$132,Ocena!$O$150)) -> 1.4444444 | R10: =IF(F10=0,"",MIN(Ocena!$P$6,Ocena!$P$24,Ocena!$P$42,Ocena!$P$60,Ocena!$P$78,Ocena!$P$96,Ocena!$P$114,Ocena!$P$132,Ocena!$P$150)) -> 4 | S10: =IF(F10=0,"",MAX(Ocena!$P$6,Ocena!$P$24,Ocena!$P$42,Ocena!$P$60,Ocena!$P$78,Ocena!$P$96,Ocena!$P$114,Ocena!$P$132,Ocena!$P$150)) -> 10 | T10: =IF(AND(COUNT(Ocena!$L$6:$O$6)=4,COUNTIF(Ocena!$L$6:$O$6,0)=4),1,0)+IF(AND(COUNT(Ocena!$L$24:$O$24)=4,COUNTIF(Ocena!$L$24:$O$24,0)=4),1,0)+IF(AND(COUNT(Ocena!$L$42:$O$42)=4,COUNTIF(Ocena!$L$42:$O$42,0)=4),1,0)+IF(AND(COUNT(Ocena!$L$60:$O$60)=4,COUNTIF(Ocena!$L$60:$O$60,0)=4),1,0)+IF(AND(COUNT(Ocena!$L$78:$O$78)=4,COUNTIF(Ocena!$L$78:$O$78,0)=4),1,0)+IF(AND(COUNT(Ocena!$L$96:$O$96)=4,COUNTIF(Ocena!$L$96:$O$96,0)=4),1,0)+IF(AND(COUNT(Ocena!$L$114:$O$114)=4,COUNTIF(Ocena!$L$114:$O$114,0)=4),1,0)+IF(AND(COUNT(Ocena!$L$132:$O$132)=4,COUNTIF(Ocena!$L$132:$O$132,0)=4),1,0)+IF(AND(COUNT(Ocena!$L$150:$O$150)=4,COUNTIF(Ocena!$L$150:$O$150,0)=4),1,0) -> 0 | U10: =IFERROR(T10/E10,0) -> 0
A11: MASt3R | B11: 2 | C11: c | D11: 2 | E11: 9 | F11: =COUNT(Ocena!$P$7,Ocena!$P$25,Ocena!$P$43,Ocena!$P$61,Ocena!$P$79,Ocena!$P$97,Ocena!$P$115,Ocena!$P$133,Ocena!$P$151) -> 9 | G11: =IFERROR(F11/E11,0) -> 1 | H11: =IF(F11=0,"",MEDIAN(Ocena!$P$7,Ocena!$P$25,Ocena!$P$43,Ocena!$P$61,Ocena!$P$79,Ocena!$P$97,Ocena!$P$115,Ocena!$P$133,Ocena!$P$151)) -> 6 | I11: =IF(F11=0,"",AVERAGE(Ocena!$P$7,Ocena!$P$25,Ocena!$P$43,Ocena!$P$61,Ocena!$P$79,Ocena!$P$97,Ocena!$P$115,Ocena!$P$133,Ocena!$P$151)) -> 6 | J11: =IF(F11=0,"",MEDIAN(Ocena!$L$7,Ocena!$L$25,Ocena!$L$43,Ocena!$L$61,Ocena!$L$79,Ocena!$L$97,Ocena!$L$115,Ocena!$L$133,Ocena!$L$151)) -> 1 | K11: =IF(F11=0,"",AVERAGE(Ocena!$L$7,Ocena!$L$25,Ocena!$L$43,Ocena!$L$61,Ocena!$L$79,Ocena!$L$97,Ocena!$L$115,Ocena!$L$133,Ocena!$L$151)) -> 1.3333333 | L11: =IF(F11=0,"",MEDIAN(Ocena!$M$7,Ocena!$M$25,Ocena!$M$43,Ocena!$M$61,Ocena!$M$79,Ocena!$M$97,Ocena!$M$115,Ocena!$M$133,Ocena!$M$151)) -> 1 | M11: =IF(F11=0,"",AVERAGE(Ocena!$M$7,Ocena!$M$25,Ocena!$M$43,Ocena!$M$61,Ocena!$M$79,Ocena!$M$97,Ocena!$M$115,Ocena!$M$133,Ocena!$M$151)) -> 1.4444444 | N11: =IF(F11=0,"",MEDIAN(Ocena!$N$7,Ocena!$N$25,Ocena!$N$43,Ocena!$N$61,Ocena!$N$79,Ocena!$N$97,Ocena!$N$115,Ocena!$N$133,Ocena!$N$151)) -> 2 | O11: =IF(F11=0,"",AVERAGE(Ocena!$N$7,Ocena!$N$25,Ocena!$N$43,Ocena!$N$61,Ocena!$N$79,Ocena!$N$97,Ocena!$N$115,Ocena!$N$133,Ocena!$N$151)) -> 1.7777778 | P11: =IF(F11=0,"",MEDIAN(Ocena!$O$7,Ocena!$O$25,Ocena!$O$43,Ocena!$O$61,Ocena!$O$79,Ocena!$O$97,Ocena!$O$115,Ocena!$O$133,Ocena!$O$151)) -> 1 | Q11: =IF(F11=0,"",AVERAGE(Ocena!$O$7,Ocena!$O$25,Ocena!$O$43,Ocena!$O$61,Ocena!$O$79,Ocena!$O$97,Ocena!$O$115,Ocena!$O$133,Ocena!$O$151)) -> 1.4444444 | R11: =IF(F11=0,"",MIN(Ocena!$P$7,Ocena!$P$25,Ocena!$P$43,Ocena!$P$61,Ocena!$P$79,Ocena!$P$97,Ocena!$P$115,Ocena!$P$133,Ocena!$P$151)) -> 4 | S11: =IF(F11=0,"",MAX(Ocena!$P$7,Ocena!$P$25,Ocena!$P$43,Ocena!$P$61,Ocena!$P$79,Ocena!$P$97,Ocena!$P$115,Ocena!$P$133,Ocena!$P$151)) -> 10 | T11: =IF(AND(COUNT(Ocena!$L$7:$O$7)=4,COUNTIF(Ocena!$L$7:$O$7,0)=4),1,0)+IF(AND(COUNT(Ocena!$L$25:$O$25)=4,COUNTIF(Ocena!$L$25:$O$25,0)=4),1,0)+IF(AND(COUNT(Ocena!$L$43:$O$43)=4,COUNTIF(Ocena!$L$43:$O$43,0)=4),1,0)+IF(AND(COUNT(Ocena!$L$61:$O$61)=4,COUNTIF(Ocena!$L$61:$O$61,0)=4),1,0)+IF(AND(COUNT(Ocena!$L$79:$O$79)=4,COUNTIF(Ocena!$L$79:$O$79,0)=4),1,0)+IF(AND(COUNT(Ocena!$L$97:$O$97)=4,COUNTIF(Ocena!$L$97:$O$97,0)=4),1,0)+IF(AND(COUNT(Ocena!$L$115:$O$115)=4,COUNTIF(Ocena!$L$115:$O$115,0)=4),1,0)+IF(AND(COUNT(Ocena!$L$133:$O$133)=4,COUNTIF(Ocena!$L$133:$O$133,0)=4),1,0)+IF(AND(COUNT(Ocena!$L$151:$O$151)=4,COUNTIF(Ocena!$L$151:$O$151,0)=4),1,0) -> 0 | U11: =IFERROR(T11/E11,0) -> 0
A12: MASt3R | B12: 4 | C12: a | D12: 4 | E12: 9 | F12: =COUNT(Ocena!$P$14,Ocena!$P$32,Ocena!$P$50,Ocena!$P$68,Ocena!$P$86,Ocena!$P$104,Ocena!$P$122,Ocena!$P$140,Ocena!$P$158) -> 9 | G12: =IFERROR(F12/E12,0) -> 1 | H12: =IF(F12=0,"",MEDIAN(Ocena!$P$14,Ocena!$P$32,Ocena!$P$50,Ocena!$P$68,Ocena!$P$86,Ocena!$P$104,Ocena!$P$122,Ocena!$P$140,Ocena!$P$158)) -> 6 | I12: =IF(F12=0,"",AVERAGE(Ocena!$P$14,Ocena!$P$32,Ocena!$P$50,Ocena!$P$68,Ocena!$P$86,Ocena!$P$104,Ocena!$P$122,Ocena!$P$140,Ocena!$P$158)) -> 6 | J12: =IF(F12=0,"",MEDIAN(Ocena!$L$14,Ocena!$L$32,Ocena!$L$50,Ocena!$L$68,Ocena!$L$86,Ocena!$L$104,Ocena!$L$122,Ocena!$L$140,Ocena!$L$158)) -> 2 | K12: =IF(F12=0,"",AVERAGE(Ocena!$L$14,Ocena!$L$32,Ocena!$L$50,Ocena!$L$68,Ocena!$L$86,Ocena!$L$104,Ocena!$L$122,Ocena!$L$140,Ocena!$L$158)) -> 1.5555556 | L12: =IF(F12=0,"",MEDIAN(Ocena!$M$14,Ocena!$M$32,Ocena!$M$50,Ocena!$M$68,Ocena!$M$86,Ocena!$M$104,Ocena!$M$122,Ocena!$M$140,Ocena!$M$158)) -> 1 | M12: =IF(F12=0,"",AVERAGE(Ocena!$M$14,Ocena!$M$32,Ocena!$M$50,Ocena!$M$68,Ocena!$M$86,Ocena!$M$104,Ocena!$M$122,Ocena!$M$140,Ocena!$M$158)) -> 1.5555556 | N12: =IF(F12=0,"",MEDIAN(Ocena!$N$14,Ocena!$N$32,Ocena!$N$50,Ocena!$N$68,Ocena!$N$86,Ocena!$N$104,Ocena!$N$122,Ocena!$N$140,Ocena!$N$158)) -> 1 | O12: =IF(F12=0,"",AVERAGE(Ocena!$N$14,Ocena!$N$32,Ocena!$N$50,Ocena!$N$68,Ocena!$N$86,Ocena!$N$104,Ocena!$N$122,Ocena!$N$140,Ocena!$N$158)) -> 1.3333333 | P12: =IF(F12=0,"",MEDIAN(Ocena!$O$14,Ocena!$O$32,Ocena!$O$50,Ocena!$O$68,Ocena!$O$86,Ocena!$O$104,Ocena!$O$122,Ocena!$O$140,Ocena!$O$158)) -> 2 | Q12: =IF(F12=0,"",AVERAGE(Ocena!$O$14,Ocena!$O$32,Ocena!$O$50,Ocena!$O$68,Ocena!$O$86,Ocena!$O$104,Ocena!$O$122,Ocena!$O$140,Ocena!$O$158)) -> 1.5555556 | R12: =IF(F12=0,"",MIN(Ocena!$P$14,Ocena!$P$32,Ocena!$P$50,Ocena!$P$68,Ocena!$P$86,Ocena!$P$104,Ocena!$P$122,Ocena!$P$140,Ocena!$P$158)) -> 4 | S12: =IF(F12=0,"",MAX(Ocena!$P$14,Ocena!$P$32,Ocena!$P$50,Ocena!$P$68,Ocena!$P$86,Ocena!$P$104,Ocena!$P$122,Ocena!$P$140,Ocena!$P$158)) -> 9 | T12: =IF(AND(COUNT(Ocena!$L$14:$O$14)=4,COUNTIF(Ocena!$L$14:$O$14,0)=4),1,0)+IF(AND(COUNT(Ocena!$L$32:$O$32)=4,COUNTIF(Ocena!$L$32:$O$32,0)=4),1,0)+IF(AND(COUNT(Ocena!$L$50:$O$50)=4,COUNTIF(Ocena!$L$50:$O$50,0)=4),1,0)+IF(AND(COUNT(Ocena!$L$68:$O$68)=4,COUNTIF(Ocena!$L$68:$O$68,0)=4),1,0)+IF(AND(COUNT(Ocena!$L$86:$O$86)=4,COUNTIF(Ocena!$L$86:$O$86,0)=4),1,0)+IF(AND(COUNT(Ocena!$L$104:$O$104)=4,COUNTIF(Ocena!$L$104:$O$104,0)=4),1,0)+IF(AND(COUNT(Ocena!$L$122:$O$122)=4,COUNTIF(Ocena!$L$122:$O$122,0)=4),1,0)+IF(AND(COUNT(Ocena!$L$140:$O$140)=4,COUNTIF(Ocena!$L$140:$O$140,0)=4),1,0)+IF(AND(COUNT(Ocena!$L$158:$O$158)=4,COUNTIF(Ocena!$L$158:$O$158,0)=4),1,0) -> 0 | U12: =IFERROR(T12/E12,0) -> 0
A13: MASt3R | B13: 4 | C13: b | D13: 4 | E13: 9 | F13: =COUNT(Ocena!$P$15,Ocena!$P$33,Ocena!$P$51,Ocena!$P$69,Ocena!$P$87,Ocena!$P$105,Ocena!$P$123,Ocena!$P$141,Ocena!$P$159) -> 9 | G13: =IFERROR(F13/E13,0) -> 1 | H13: =IF(F13=0,"",MEDIAN(Ocena!$P$15,Ocena!$P$33,Ocena!$P$51,Ocena!$P$69,Ocena!$P$87,Ocena!$P$105,Ocena!$P$123,Ocena!$P$141,Ocena!$P$159)) -> 6 | I13: =IF(F13=0,"",AVERAGE(Ocena!$P$15,Ocena!$P$33,Ocena!$P$51,Ocena!$P$69,Ocena!$P$87,Ocena!$P$105,Ocena!$P$123,Ocena!$P$141,Ocena!$P$159)) -> 5.7777778 | J13: =IF(F13=0,"",MEDIAN(Ocena!$L$15,Ocena!$L$33,Ocena!$L$51,Ocena!$L$69,Ocena!$L$87,Ocena!$L$105,Ocena!$L$123,Ocena!$L$141,Ocena!$L$159)) -> 2 | K13: =IF(F13=0,"",AVERAGE(Ocena!$L$15,Ocena!$L$33,Ocena!$L$51,Ocena!$L$69,Ocena!$L$87,Ocena!$L$105,Ocena!$L$123,Ocena!$L$141,Ocena!$L$159)) -> 1.4444444 | L13: =IF(F13=0,"",MEDIAN(Ocena!$M$15,Ocena!$M$33,Ocena!$M$51,Ocena!$M$69,Ocena!$M$87,Ocena!$M$105,Ocena!$M$123,Ocena!$M$141,Ocena!$M$159)) -> 1 | M13: =IF(F13=0,"",AVERAGE(Ocena!$M$15,Ocena!$M$33,Ocena!$M$51,Ocena!$M$69,Ocena!$M$87,Ocena!$M$105,Ocena!$M$123,Ocena!$M$141,Ocena!$M$159)) -> 1.3333333 | N13: =IF(F13=0,"",MEDIAN(Ocena!$N$15,Ocena!$N$33,Ocena!$N$51,Ocena!$N$69,Ocena!$N$87,Ocena!$N$105,Ocena!$N$123,Ocena!$N$141,Ocena!$N$159)) -> 1 | O13: =IF(F13=0,"",AVERAGE(Ocena!$N$15,Ocena!$N$33,Ocena!$N$51,Ocena!$N$69,Ocena!$N$87,Ocena!$N$105,Ocena!$N$123,Ocena!$N$141,Ocena!$N$159)) -> 1.4444444 | P13: =IF(F13=0,"",MEDIAN(Ocena!$O$15,Ocena!$O$33,Ocena!$O$51,Ocena!$O$69,Ocena!$O$87,Ocena!$O$105,Ocena!$O$123,Ocena!$O$141,Ocena!$O$159)) -> 2 | Q13: =IF(F13=0,"",AVERAGE(Ocena!$O$15,Ocena!$O$33,Ocena!$O$51,Ocena!$O$69,Ocena!$O$87,Ocena!$O$105,Ocena!$O$123,Ocena!$O$141,Ocena!$O$159)) -> 1.5555556 | R13: =IF(F13=0,"",MIN(Ocena!$P$15,Ocena!$P$33,Ocena!$P$51,Ocena!$P$69,Ocena!$P$87,Ocena!$P$105,Ocena!$P$123,Ocena!$P$141,Ocena!$P$159)) -> 4 | S13: =IF(F13=0,"",MAX(Ocena!$P$15,Ocena!$P$33,Ocena!$P$51,Ocena!$P$69,Ocena!$P$87,Ocena!$P$105,Ocena!$P$123,Ocena!$P$141,Ocena!$P$159)) -> 8 | T13: =IF(AND(COUNT(Ocena!$L$15:$O$15)=4,COUNTIF(Ocena!$L$15:$O$15,0)=4),1,0)+IF(AND(COUNT(Ocena!$L$33:$O$33)=4,COUNTIF(Ocena!$L$33:$O$33,0)=4),1,0)+IF(AND(COUNT(Ocena!$L$51:$O$51)=4,COUNTIF(Ocena!$L$51:$O$51,0)=4),1,0)+IF(AND(COUNT(Ocena!$L$69:$O$69)=4,COUNTIF(Ocena!$L$69:$O$69,0)=4),1,0)+IF(AND(COUNT(Ocena!$L$87:$O$87)=4,COUNTIF(Ocena!$L$87:$O$87,0)=4),1,0)+IF(AND(COUNT(Ocena!$L$105:$O$105)=4,COUNTIF(Ocena!$L$105:$O$105,0)=4),1,0)+IF(AND(COUNT(Ocena!$L$123:$O$123)=4,COUNTIF(Ocena!$L$123:$O$123,0)=4),1,0)+IF(AND(COUNT(Ocena!$L$141:$O$141)=4,COUNTIF(Ocena!$L$141:$O$141,0)=4),1,0)+IF(AND(COUNT(Ocena!$L$159:$O$159)=4,COUNTIF(Ocena!$L$159:$O$159,0)=4),1,0) -> 0 | U13: =IFERROR(T13/E13,0) -> 0
A14: MASt3R | B14: 4 | C14: c | D14: 4 | E14: 9 | F14: =COUNT(Ocena!$P$16,Ocena!$P$34,Ocena!$P$52,Ocena!$P$70,Ocena!$P$88,Ocena!$P$106,Ocena!$P$124,Ocena!$P$142,Ocena!$P$160) -> 9 | G14: =IFERROR(F14/E14,0) -> 1 | H14: =IF(F14=0,"",MEDIAN(Ocena!$P$16,Ocena!$P$34,Ocena!$P$52,Ocena!$P$70,Ocena!$P$88,Ocena!$P$106,Ocena!$P$124,Ocena!$P$142,Ocena!$P$160)) -> 6 | I14: =IF(F14=0,"",AVERAGE(Ocena!$P$16,Ocena!$P$34,Ocena!$P$52,Ocena!$P$70,Ocena!$P$88,Ocena!$P$106,Ocena!$P$124,Ocena!$P$142,Ocena!$P$160)) -> 6.4444444 | J14: =IF(F14=0,"",MEDIAN(Ocena!$L$16,Ocena!$L$34,Ocena!$L$52,Ocena!$L$70,Ocena!$L$88,Ocena!$L$106,Ocena!$L$124,Ocena!$L$142,Ocena!$L$160)) -> 2 | K14: =IF(F14=0,"",AVERAGE(Ocena!$L$16,Ocena!$L$34,Ocena!$L$52,Ocena!$L$70,Ocena!$L$88,Ocena!$L$106,Ocena!$L$124,Ocena!$L$142,Ocena!$L$160)) -> 1.5555556 | L14: =IF(F14=0,"",MEDIAN(Ocena!$M$16,Ocena!$M$34,Ocena!$M$52,Ocena!$M$70,Ocena!$M$88,Ocena!$M$106,Ocena!$M$124,Ocena!$M$142,Ocena!$M$160)) -> 1 | M14: =IF(F14=0,"",AVERAGE(Ocena!$M$16,Ocena!$M$34,Ocena!$M$52,Ocena!$M$70,Ocena!$M$88,Ocena!$M$106,Ocena!$M$124,Ocena!$M$142,Ocena!$M$160)) -> 1.5555556 | N14: =IF(F14=0,"",MEDIAN(Ocena!$N$16,Ocena!$N$34,Ocena!$N$52,Ocena!$N$70,Ocena!$N$88,Ocena!$N$106,Ocena!$N$124,Ocena!$N$142,Ocena!$N$160)) -> 1 | O14: =IF(F14=0,"",AVERAGE(Ocena!$N$16,Ocena!$N$34,Ocena!$N$52,Ocena!$N$70,Ocena!$N$88,Ocena!$N$106,Ocena!$N$124,Ocena!$N$142,Ocena!$N$160)) -> 1.6666667 | P14: =IF(F14=0,"",MEDIAN(Ocena!$O$16,Ocena!$O$34,Ocena!$O$52,Ocena!$O$70,Ocena!$O$88,Ocena!$O$106,Ocena!$O$124,Ocena!$O$142,Ocena!$O$160)) -> 2 | Q14: =IF(F14=0,"",AVERAGE(Ocena!$O$16,Ocena!$O$34,Ocena!$O$52,Ocena!$O$70,Ocena!$O$88,Ocena!$O$106,Ocena!$O$124,Ocena!$O$142,Ocena!$O$160)) -> 1.6666667 | R14: =IF(F14=0,"",MIN(Ocena!$P$16,Ocena!$P$34,Ocena!$P$52,Ocena!$P$70,Ocena!$P$88,Ocena!$P$106,Ocena!$P$124,Ocena!$P$142,Ocena!$P$160)) -> 4 | S14: =IF(F14=0,"",MAX(Ocena!$P$16,Ocena!$P$34,Ocena!$P$52,Ocena!$P$70,Ocena!$P$88,Ocena!$P$106,Ocena!$P$124,Ocena!$P$142,Ocena!$P$160)) -> 10 | T14: =IF(AND(COUNT(Ocena!$L$16:$O$16)=4,COUNTIF(Ocena!$L$16:$O$16,0)=4),1,0)+IF(AND(COUNT(Ocena!$L$34:$O$34)=4,COUNTIF(Ocena!$L$34:$O$34,0)=4),1,0)+IF(AND(COUNT(Ocena!$L$52:$O$52)=4,COUNTIF(Ocena!$L$52:$O$52,0)=4),1,0)+IF(AND(COUNT(Ocena!$L$70:$O$70)=4,COUNTIF(Ocena!$L$70:$O$70,0)=4),1,0)+IF(AND(COUNT(Ocena!$L$88:$O$88)=4,COUNTIF(Ocena!$L$88:$O$88,0)=4),1,0)+IF(AND(COUNT(Ocena!$L$106:$O$106)=4,COUNTIF(Ocena!$L$106:$O$106,0)=4),1,0)+IF(AND(COUNT(Ocena!$L$124:$O$124)=4,COUNTIF(Ocena!$L$124:$O$124,0)=4),1,0)+IF(AND(COUNT(Ocena!$L$142:$O$142)=4,COUNTIF(Ocena!$L$142:$O$142,0)=4),1,0)+IF(AND(COUNT(Ocena!$L$160:$O$160)=4,COUNTIF(Ocena!$L$160:$O$160,0)=4),1,0) -> 0 | U14: =IFERROR(T14/E14,0) -> 0
A15: MapAnything | B15: 2 | C15: a | D15: 2 | E15: 9 | F15: =COUNT(Ocena!$P$8,Ocena!$P$26,Ocena!$P$44,Ocena!$P$62,Ocena!$P$80,Ocena!$P$98,Ocena!$P$116,Ocena!$P$134,Ocena!$P$152) -> 9 | G15: =IFERROR(F15/E15,0) -> 1 | H15: =IF(F15=0,"",MEDIAN(Ocena!$P$8,Ocena!$P$26,Ocena!$P$44,Ocena!$P$62,Ocena!$P$80,Ocena!$P$98,Ocena!$P$116,Ocena!$P$134,Ocena!$P$152)) -> 8 | I15: =IF(F15=0,"",AVERAGE(Ocena!$P$8,Ocena!$P$26,Ocena!$P$44,Ocena!$P$62,Ocena!$P$80,Ocena!$P$98,Ocena!$P$116,Ocena!$P$134,Ocena!$P$152)) -> 8.6666667 | J15: =IF(F15=0,"",MEDIAN(Ocena!$L$8,Ocena!$L$26,Ocena!$L$44,Ocena!$L$62,Ocena!$L$80,Ocena!$L$98,Ocena!$L$116,Ocena!$L$134,Ocena!$L$152)) -> 3 | K15: =IF(F15=0,"",AVERAGE(Ocena!$L$8,Ocena!$L$26,Ocena!$L$44,Ocena!$L$62,Ocena!$L$80,Ocena!$L$98,Ocena!$L$116,Ocena!$L$134,Ocena!$L$152)) -> 2.6666667 | L15: =IF(F15=0,"",MEDIAN(Ocena!$M$8,Ocena!$M$26,Ocena!$M$44,Ocena!$M$62,Ocena!$M$80,Ocena!$M$98,Ocena!$M$116,Ocena!$M$134,Ocena!$M$152)) -> 2 | M15: =IF(F15=0,"",AVERAGE(Ocena!$M$8,Ocena!$M$26,Ocena!$M$44,Ocena!$M$62,Ocena!$M$80,Ocena!$M$98,Ocena!$M$116,Ocena!$M$134,Ocena!$M$152)) -> 1.8888889 | N15: =IF(F15=0,"",MEDIAN(Ocena!$N$8,Ocena!$N$26,Ocena!$N$44,Ocena!$N$62,Ocena!$N$80,Ocena!$N$98,Ocena!$N$116,Ocena!$N$134,Ocena!$N$152)) -> 2 | O15: =IF(F15=0,"",AVERAGE(Ocena!$N$8,Ocena!$N$26,Ocena!$N$44,Ocena!$N$62,Ocena!$N$80,Ocena!$N$98,Ocena!$N$116,Ocena!$N$134,Ocena!$N$152)) -> 2 | P15: =IF(F15=0,"",MEDIAN(Ocena!$O$8,Ocena!$O$26,Ocena!$O$44,Ocena!$O$62,Ocena!$O$80,Ocena!$O$98,Ocena!$O$116,Ocena!$O$134,Ocena!$O$152)) -> 2 | Q15: =IF(F15=0,"",AVERAGE(Ocena!$O$8,Ocena!$O$26,Ocena!$O$44,Ocena!$O$62,Ocena!$O$80,Ocena!$O$98,Ocena!$O$116,Ocena!$O$134,Ocena!$O$152)) -> 2.1111111 | R15: =IF(F15=0,"",MIN(Ocena!$P$8,Ocena!$P$26,Ocena!$P$44,Ocena!$P$62,Ocena!$P$80,Ocena!$P$98,Ocena!$P$116,Ocena!$P$134,Ocena!$P$152)) -> 7 | S15: =IF(F15=0,"",MAX(Ocena!$P$8,Ocena!$P$26,Ocena!$P$44,Ocena!$P$62,Ocena!$P$80,Ocena!$P$98,Ocena!$P$116,Ocena!$P$134,Ocena!$P$152)) -> 11 | T15: =IF(AND(COUNT(Ocena!$L$8:$O$8)=4,COUNTIF(Ocena!$L$8:$O$8,0)=4),1,0)+IF(AND(COUNT(Ocena!$L$26:$O$26)=4,COUNTIF(Ocena!$L$26:$O$26,0)=4),1,0)+IF(AND(COUNT(Ocena!$L$44:$O$44)=4,COUNTIF(Ocena!$L$44:$O$44,0)=4),1,0)+IF(AND(COUNT(Ocena!$L$62:$O$62)=4,COUNTIF(Ocena!$L$62:$O$62,0)=4),1,0)+IF(AND(COUNT(Ocena!$L$80:$O$80)=4,COUNTIF(Ocena!$L$80:$O$80,0)=4),1,0)+IF(AND(COUNT(Ocena!$L$98:$O$98)=4,COUNTIF(Ocena!$L$98:$O$98,0)=4),1,0)+IF(AND(COUNT(Ocena!$L$116:$O$116)=4,COUNTIF(Ocena!$L$116:$O$116,0)=4),1,0)+IF(AND(COUNT(Ocena!$L$134:$O$134)=4,COUNTIF(Ocena!$L$134:$O$134,0)=4),1,0)+IF(AND(COUNT(Ocena!$L$152:$O$152)=4,COUNTIF(Ocena!$L$152:$O$152,0)=4),1,0) -> 0 | U15: =IFERROR(T15/E15,0) -> 0
A16: MapAnything | B16: 2 | C16: b | D16: 2 | E16: 9 | F16: =COUNT(Ocena!$P$9,Ocena!$P$27,Ocena!$P$45,Ocena!$P$63,Ocena!$P$81,Ocena!$P$99,Ocena!$P$117,Ocena!$P$135,Ocena!$P$153) -> 9 | G16: =IFERROR(F16/E16,0) -> 1 | H16: =IF(F16=0,"",MEDIAN(Ocena!$P$9,Ocena!$P$27,Ocena!$P$45,Ocena!$P$63,Ocena!$P$81,Ocena!$P$99,Ocena!$P$117,Ocena!$P$135,Ocena!$P$153)) -> 8 | I16: =IF(F16=0,"",AVERAGE(Ocena!$P$9,Ocena!$P$27,Ocena!$P$45,Ocena!$P$63,Ocena!$P$81,Ocena!$P$99,Ocena!$P$117,Ocena!$P$135,Ocena!$P$153)) -> 8.4444444 | J16: =IF(F16=0,"",MEDIAN(Ocena!$L$9,Ocena!$L$27,Ocena!$L$45,Ocena!$L$63,Ocena!$L$81,Ocena!$L$99,Ocena!$L$117,Ocena!$L$135,Ocena!$L$153)) -> 3 | K16: =IF(F16=0,"",AVERAGE(Ocena!$L$9,Ocena!$L$27,Ocena!$L$45,Ocena!$L$63,Ocena!$L$81,Ocena!$L$99,Ocena!$L$117,Ocena!$L$135,Ocena!$L$153)) -> 2.6666667 | L16: =IF(F16=0,"",MEDIAN(Ocena!$M$9,Ocena!$M$27,Ocena!$M$45,Ocena!$M$63,Ocena!$M$81,Ocena!$M$99,Ocena!$M$117,Ocena!$M$135,Ocena!$M$153)) -> 2 | M16: =IF(F16=0,"",AVERAGE(Ocena!$M$9,Ocena!$M$27,Ocena!$M$45,Ocena!$M$63,Ocena!$M$81,Ocena!$M$99,Ocena!$M$117,Ocena!$M$135,Ocena!$M$153)) -> 1.8888889 | N16: =IF(F16=0,"",MEDIAN(Ocena!$N$9,Ocena!$N$27,Ocena!$N$45,Ocena!$N$63,Ocena!$N$81,Ocena!$N$99,Ocena!$N$117,Ocena!$N$135,Ocena!$N$153)) -> 2 | O16: =IF(F16=0,"",AVERAGE(Ocena!$N$9,Ocena!$N$27,Ocena!$N$45,Ocena!$N$63,Ocena!$N$81,Ocena!$N$99,Ocena!$N$117,Ocena!$N$135,Ocena!$N$153)) -> 1.8888889 | P16: =IF(F16=0,"",MEDIAN(Ocena!$O$9,Ocena!$O$27,Ocena!$O$45,Ocena!$O$63,Ocena!$O$81,Ocena!$O$99,Ocena!$O$117,Ocena!$O$135,Ocena!$O$153)) -> 2 | Q16: =IF(F16=0,"",AVERAGE(Ocena!$O$9,Ocena!$O$27,Ocena!$O$45,Ocena!$O$63,Ocena!$O$81,Ocena!$O$99,Ocena!$O$117,Ocena!$O$135,Ocena!$O$153)) -> 2 | R16: =IF(F16=0,"",MIN(Ocena!$P$9,Ocena!$P$27,Ocena!$P$45,Ocena!$P$63,Ocena!$P$81,Ocena!$P$99,Ocena!$P$117,Ocena!$P$135,Ocena!$P$153)) -> 7 | S16: =IF(F16=0,"",MAX(Ocena!$P$9,Ocena!$P$27,Ocena!$P$45,Ocena!$P$63,Ocena!$P$81,Ocena!$P$99,Ocena!$P$117,Ocena!$P$135,Ocena!$P$153)) -> 10 | T16: =IF(AND(COUNT(Ocena!$L$9:$O$9)=4,COUNTIF(Ocena!$L$9:$O$9,0)=4),1,0)+IF(AND(COUNT(Ocena!$L$27:$O$27)=4,COUNTIF(Ocena!$L$27:$O$27,0)=4),1,0)+IF(AND(COUNT(Ocena!$L$45:$O$45)=4,COUNTIF(Ocena!$L$45:$O$45,0)=4),1,0)+IF(AND(COUNT(Ocena!$L$63:$O$63)=4,COUNTIF(Ocena!$L$63:$O$63,0)=4),1,0)+IF(AND(COUNT(Ocena!$L$81:$O$81)=4,COUNTIF(Ocena!$L$81:$O$81,0)=4),1,0)+IF(AND(COUNT(Ocena!$L$99:$O$99)=4,COUNTIF(Ocena!$L$99:$O$99,0)=4),1,0)+IF(AND(COUNT(Ocena!$L$117:$O$117)=4,COUNTIF(Ocena!$L$117:$O$117,0)=4),1,0)+IF(AND(COUNT(Ocena!$L$135:$O$135)=4,COUNTIF(Ocena!$L$135:$O$135,0)=4),1,0)+IF(AND(COUNT(Ocena!$L$153:$O$153)=4,COUNTIF(Ocena!$L$153:$O$153,0)=4),1,0) -> 0 | U16: =IFERROR(T16/E16,0) -> 0
A17: MapAnything | B17: 2 | C17: c | D17: 2 | E17: 9 | F17: =COUNT(Ocena!$P$10,Ocena!$P$28,Ocena!$P$46,Ocena!$P$64,Ocena!$P$82,Ocena!$P$100,Ocena!$P$118,Ocena!$P$136,Ocena!$P$154) -> 9 | G17: =IFERROR(F17/E17,0) -> 1 | H17: =IF(F17=0,"",MEDIAN(Ocena!$P$10,Ocena!$P$28,Ocena!$P$46,Ocena!$P$64,Ocena!$P$82,Ocena!$P$100,Ocena!$P$118,Ocena!$P$136,Ocena!$P$154)) -> 9 | I17: =IF(F17=0,"",AVERAGE(Ocena!$P$10,Ocena!$P$28,Ocena!$P$46,Ocena!$P$64,Ocena!$P$82,Ocena!$P$100,Ocena!$P$118,Ocena!$P$136,Ocena!$P$154)) -> 8.6666667 | J17: =IF(F17=0,"",MEDIAN(Ocena!$L$10,Ocena!$L$28,Ocena!$L$46,Ocena!$L$64,Ocena!$L$82,Ocena!$L$100,Ocena!$L$118,Ocena!$L$136,Ocena!$L$154)) -> 3 | K17: =IF(F17=0,"",AVERAGE(Ocena!$L$10,Ocena!$L$28,Ocena!$L$46,Ocena!$L$64,Ocena!$L$82,Ocena!$L$100,Ocena!$L$118,Ocena!$L$136,Ocena!$L$154)) -> 2.6666667 | L17: =IF(F17=0,"",MEDIAN(Ocena!$M$10,Ocena!$M$28,Ocena!$M$46,Ocena!$M$64,Ocena!$M$82,Ocena!$M$100,Ocena!$M$118,Ocena!$M$136,Ocena!$M$154)) -> 2 | M17: =IF(F17=0,"",AVERAGE(Ocena!$M$10,Ocena!$M$28,Ocena!$M$46,Ocena!$M$64,Ocena!$M$82,Ocena!$M$100,Ocena!$M$118,Ocena!$M$136,Ocena!$M$154)) -> 1.8888889 | N17: =IF(F17=0,"",MEDIAN(Ocena!$N$10,Ocena!$N$28,Ocena!$N$46,Ocena!$N$64,Ocena!$N$82,Ocena!$N$100,Ocena!$N$118,Ocena!$N$136,Ocena!$N$154)) -> 2 | O17: =IF(F17=0,"",AVERAGE(Ocena!$N$10,Ocena!$N$28,Ocena!$N$46,Ocena!$N$64,Ocena!$N$82,Ocena!$N$100,Ocena!$N$118,Ocena!$N$136,Ocena!$N$154)) -> 2.1111111 | P17: =IF(F17=0,"",MEDIAN(Ocena!$O$10,Ocena!$O$28,Ocena!$O$46,Ocena!$O$64,Ocena!$O$82,Ocena!$O$100,Ocena!$O$118,Ocena!$O$136,Ocena!$O$154)) -> 2 | Q17: =IF(F17=0,"",AVERAGE(Ocena!$O$10,Ocena!$O$28,Ocena!$O$46,Ocena!$O$64,Ocena!$O$82,Ocena!$O$100,Ocena!$O$118,Ocena!$O$136,Ocena!$O$154)) -> 2 | R17: =IF(F17=0,"",MIN(Ocena!$P$10,Ocena!$P$28,Ocena!$P$46,Ocena!$P$64,Ocena!$P$82,Ocena!$P$100,Ocena!$P$118,Ocena!$P$136,Ocena!$P$154)) -> 7 | S17: =IF(F17=0,"",MAX(Ocena!$P$10,Ocena!$P$28,Ocena!$P$46,Ocena!$P$64,Ocena!$P$82,Ocena!$P$100,Ocena!$P$118,Ocena!$P$136,Ocena!$P$154)) -> 10 | T17: =IF(AND(COUNT(Ocena!$L$10:$O$10)=4,COUNTIF(Ocena!$L$10:$O$10,0)=4),1,0)+IF(AND(COUNT(Ocena!$L$28:$O$28)=4,COUNTIF(Ocena!$L$28:$O$28,0)=4),1,0)+IF(AND(COUNT(Ocena!$L$46:$O$46)=4,COUNTIF(Ocena!$L$46:$O$46,0)=4),1,0)+IF(AND(COUNT(Ocena!$L$64:$O$64)=4,COUNTIF(Ocena!$L$64:$O$64,0)=4),1,0)+IF(AND(COUNT(Ocena!$L$82:$O$82)=4,COUNTIF(Ocena!$L$82:$O$82,0)=4),1,0)+IF(AND(COUNT(Ocena!$L$100:$O$100)=4,COUNTIF(Ocena!$L$100:$O$100,0)=4),1,0)+IF(AND(COUNT(Ocena!$L$118:$O$118)=4,COUNTIF(Ocena!$L$118:$O$118,0)=4),1,0)+IF(AND(COUNT(Ocena!$L$136:$O$136)=4,COUNTIF(Ocena!$L$136:$O$136,0)=4),1,0)+IF(AND(COUNT(Ocena!$L$154:$O$154)=4,COUNTIF(Ocena!$L$154:$O$154,0)=4),1,0) -> 0 | U17: =IFERROR(T17/E17,0) -> 0
A18: MapAnything | B18: 4 | C18: a | D18: 4 | E18: 9 | F18: =COUNT(Ocena!$P$17,Ocena!$P$35,Ocena!$P$53,Ocena!$P$71,Ocena!$P$89,Ocena!$P$107,Ocena!$P$125,Ocena!$P$143,Ocena!$P$161) -> 9 | G18: =IFERROR(F18/E18,0) -> 1 | H18: =IF(F18=0,"",MEDIAN(Ocena!$P$17,Ocena!$P$35,Ocena!$P$53,Ocena!$P$71,Ocena!$P$89,Ocena!$P$107,Ocena!$P$125,Ocena!$P$143,Ocena!$P$161)) -> 8 | I18: =IF(F18=0,"",AVERAGE(Ocena!$P$17,Ocena!$P$35,Ocena!$P$53,Ocena!$P$71,Ocena!$P$89,Ocena!$P$107,Ocena!$P$125,Ocena!$P$143,Ocena!$P$161)) -> 8.3333333 | J18: =IF(F18=0,"",MEDIAN(Ocena!$L$17,Ocena!$L$35,Ocena!$L$53,Ocena!$L$71,Ocena!$L$89,Ocena!$L$107,Ocena!$L$125,Ocena!$L$143,Ocena!$L$161)) -> 3 | K18: =IF(F18=0,"",AVERAGE(Ocena!$L$17,Ocena!$L$35,Ocena!$L$53,Ocena!$L$71,Ocena!$L$89,Ocena!$L$107,Ocena!$L$125,Ocena!$L$143,Ocena!$L$161)) -> 2.6666667 | L18: =IF(F18=0,"",MEDIAN(Ocena!$M$17,Ocena!$M$35,Ocena!$M$53,Ocena!$M$71,Ocena!$M$89,Ocena!$M$107,Ocena!$M$125,Ocena!$M$143,Ocena!$M$161)) -> 2 | M18: =IF(F18=0,"",AVERAGE(Ocena!$M$17,Ocena!$M$35,Ocena!$M$53,Ocena!$M$71,Ocena!$M$89,Ocena!$M$107,Ocena!$M$125,Ocena!$M$143,Ocena!$M$161)) -> 1.6666667 | N18: =IF(F18=0,"",MEDIAN(Ocena!$N$17,Ocena!$N$35,Ocena!$N$53,Ocena!$N$71,Ocena!$N$89,Ocena!$N$107,Ocena!$N$125,Ocena!$N$143,Ocena!$N$161)) -> 2 | O18: =IF(F18=0,"",AVERAGE(Ocena!$N$17,Ocena!$N$35,Ocena!$N$53,Ocena!$N$71,Ocena!$N$89,Ocena!$N$107,Ocena!$N$125,Ocena!$N$143,Ocena!$N$161)) -> 1.8888889 | P18: =IF(F18=0,"",MEDIAN(Ocena!$O$17,Ocena!$O$35,Ocena!$O$53,Ocena!$O$71,Ocena!$O$89,Ocena!$O$107,Ocena!$O$125,Ocena!$O$143,Ocena!$O$161)) -> 2 | Q18: =IF(F18=0,"",AVERAGE(Ocena!$O$17,Ocena!$O$35,Ocena!$O$53,Ocena!$O$71,Ocena!$O$89,Ocena!$O$107,Ocena!$O$125,Ocena!$O$143,Ocena!$O$161)) -> 2.1111111 | R18: =IF(F18=0,"",MIN(Ocena!$P$17,Ocena!$P$35,Ocena!$P$53,Ocena!$P$71,Ocena!$P$89,Ocena!$P$107,Ocena!$P$125,Ocena!$P$143,Ocena!$P$161)) -> 7 | S18: =IF(F18=0,"",MAX(Ocena!$P$17,Ocena!$P$35,Ocena!$P$53,Ocena!$P$71,Ocena!$P$89,Ocena!$P$107,Ocena!$P$125,Ocena!$P$143,Ocena!$P$161)) -> 10 | T18: =IF(AND(COUNT(Ocena!$L$17:$O$17)=4,COUNTIF(Ocena!$L$17:$O$17,0)=4),1,0)+IF(AND(COUNT(Ocena!$L$35:$O$35)=4,COUNTIF(Ocena!$L$35:$O$35,0)=4),1,0)+IF(AND(COUNT(Ocena!$L$53:$O$53)=4,COUNTIF(Ocena!$L$53:$O$53,0)=4),1,0)+IF(AND(COUNT(Ocena!$L$71:$O$71)=4,COUNTIF(Ocena!$L$71:$O$71,0)=4),1,0)+IF(AND(COUNT(Ocena!$L$89:$O$89)=4,COUNTIF(Ocena!$L$89:$O$89,0)=4),1,0)+IF(AND(COUNT(Ocena!$L$107:$O$107)=4,COUNTIF(Ocena!$L$107:$O$107,0)=4),1,0)+IF(AND(COUNT(Ocena!$L$125:$O$125)=4,COUNTIF(Ocena!$L$125:$O$125,0)=4),1,0)+IF(AND(COUNT(Ocena!$L$143:$O$143)=4,COUNTIF(Ocena!$L$143:$O$143,0)=4),1,0)+IF(AND(COUNT(Ocena!$L$161:$O$161)=4,COUNTIF(Ocena!$L$161:$O$161,0)=4),1,0) -> 0 | U18: =IFERROR(T18/E18,0) -> 0
A19: MapAnything | B19: 4 | C19: b | D19: 4 | E19: 9 | F19: =COUNT(Ocena!$P$18,Ocena!$P$36,Ocena!$P$54,Ocena!$P$72,Ocena!$P$90,Ocena!$P$108,Ocena!$P$126,Ocena!$P$144,Ocena!$P$162) -> 9 | G19: =IFERROR(F19/E19,0) -> 1 | H19: =IF(F19=0,"",MEDIAN(Ocena!$P$18,Ocena!$P$36,Ocena!$P$54,Ocena!$P$72,Ocena!$P$90,Ocena!$P$108,Ocena!$P$126,Ocena!$P$144,Ocena!$P$162)) -> 8 | I19: =IF(F19=0,"",AVERAGE(Ocena!$P$18,Ocena!$P$36,Ocena!$P$54,Ocena!$P$72,Ocena!$P$90,Ocena!$P$108,Ocena!$P$126,Ocena!$P$144,Ocena!$P$162)) -> 8.2222222 | J19: =IF(F19=0,"",MEDIAN(Ocena!$L$18,Ocena!$L$36,Ocena!$L$54,Ocena!$L$72,Ocena!$L$90,Ocena!$L$108,Ocena!$L$126,Ocena!$L$144,Ocena!$L$162)) -> 3 | K19: =IF(F19=0,"",AVERAGE(Ocena!$L$18,Ocena!$L$36,Ocena!$L$54,Ocena!$L$72,Ocena!$L$90,Ocena!$L$108,Ocena!$L$126,Ocena!$L$144,Ocena!$L$162)) -> 2.6666667 | L19: =IF(F19=0,"",MEDIAN(Ocena!$M$18,Ocena!$M$36,Ocena!$M$54,Ocena!$M$72,Ocena!$M$90,Ocena!$M$108,Ocena!$M$126,Ocena!$M$144,Ocena!$M$162)) -> 2 | M19: =IF(F19=0,"",AVERAGE(Ocena!$M$18,Ocena!$M$36,Ocena!$M$54,Ocena!$M$72,Ocena!$M$90,Ocena!$M$108,Ocena!$M$126,Ocena!$M$144,Ocena!$M$162)) -> 1.6666667 | N19: =IF(F19=0,"",MEDIAN(Ocena!$N$18,Ocena!$N$36,Ocena!$N$54,Ocena!$N$72,Ocena!$N$90,Ocena!$N$108,Ocena!$N$126,Ocena!$N$144,Ocena!$N$162)) -> 2 | O19: =IF(F19=0,"",AVERAGE(Ocena!$N$18,Ocena!$N$36,Ocena!$N$54,Ocena!$N$72,Ocena!$N$90,Ocena!$N$108,Ocena!$N$126,Ocena!$N$144,Ocena!$N$162)) -> 1.7777778 | P19: =IF(F19=0,"",MEDIAN(Ocena!$O$18,Ocena!$O$36,Ocena!$O$54,Ocena!$O$72,Ocena!$O$90,Ocena!$O$108,Ocena!$O$126,Ocena!$O$144,Ocena!$O$162)) -> 2 | Q19: =IF(F19=0,"",AVERAGE(Ocena!$O$18,Ocena!$O$36,Ocena!$O$54,Ocena!$O$72,Ocena!$O$90,Ocena!$O$108,Ocena!$O$126,Ocena!$O$144,Ocena!$O$162)) -> 2.1111111 | R19: =IF(F19=0,"",MIN(Ocena!$P$18,Ocena!$P$36,Ocena!$P$54,Ocena!$P$72,Ocena!$P$90,Ocena!$P$108,Ocena!$P$126,Ocena!$P$144,Ocena!$P$162)) -> 7 | S19: =IF(F19=0,"",MAX(Ocena!$P$18,Ocena!$P$36,Ocena!$P$54,Ocena!$P$72,Ocena!$P$90,Ocena!$P$108,Ocena!$P$126,Ocena!$P$144,Ocena!$P$162)) -> 10 | T19: =IF(AND(COUNT(Ocena!$L$18:$O$19)=4,COUNTIF(Ocena!$L$18:$O$19,0)=4),1,0)+IF(AND(COUNT(Ocena!$L$36:$O$36)=4,COUNTIF(Ocena!$L$36:$O$36,0)=4),1,0)+IF(AND(COUNT(Ocena!$L$54:$O$54)=4,COUNTIF(Ocena!$L$54:$O$54,0)=4),1,0)+IF(AND(COUNT(Ocena!$L$72:$O$72)=4,COUNTIF(Ocena!$L$72:$O$72,0)=4),1,0)+IF(AND(COUNT(Ocena!$L$90:$O$90)=4,COUNTIF(Ocena!$L$90:$O$90,0)=4),1,0)+IF(AND(COUNT(Ocena!$L$108:$O$108)=4,COUNTIF(Ocena!$L$108:$O$108,0)=4),1,0)+IF(AND(COUNT(Ocena!$L$126:$O$126)=4,COUNTIF(Ocena!$L$126:$O$126,0)=4),1,0)+IF(AND(COUNT(Ocena!$L$144:$O$144)=4,COUNTIF(Ocena!$L$144:$O$144,0)=4),1,0)+IF(AND(COUNT(Ocena!$L$162:$O$162)=4,COUNTIF(Ocena!$L$162:$O$162,0)=4),1,0) -> 0 | U19: =IFERROR(T19/E19,0) -> 0
A20: MapAnything | B20: 4 | C20: c | D20: 4 | E20: 9 | F20: =COUNT(Ocena!$P$19,Ocena!$P$37,Ocena!$P$55,Ocena!$P$73,Ocena!$P$91,Ocena!$P$109,Ocena!$P$127,Ocena!$P$145,Ocena!$P$163) -> 9 | G20: =IFERROR(F20/E20,0) -> 1 | H20: =IF(F20=0,"",MEDIAN(Ocena!$P$19,Ocena!$P$37,Ocena!$P$55,Ocena!$P$73,Ocena!$P$91,Ocena!$P$109,Ocena!$P$127,Ocena!$P$145,Ocena!$P$163)) -> 8 | I20: =IF(F20=0,"",AVERAGE(Ocena!$P$19,Ocena!$P$37,Ocena!$P$55,Ocena!$P$73,Ocena!$P$91,Ocena!$P$109,Ocena!$P$127,Ocena!$P$145,Ocena!$P$163)) -> 8 | J20: =IF(F20=0,"",MEDIAN(Ocena!$L$19,Ocena!$L$37,Ocena!$L$55,Ocena!$L$73,Ocena!$L$91,Ocena!$L$109,Ocena!$L$127,Ocena!$L$145,Ocena!$L$163)) -> 3 | K20: =IF(F20=0,"",AVERAGE(Ocena!$L$19,Ocena!$L$37,Ocena!$L$55,Ocena!$L$73,Ocena!$L$91,Ocena!$L$109,Ocena!$L$127,Ocena!$L$145,Ocena!$L$163)) -> 2.5555556 | L20: =IF(F20=0,"",MEDIAN(Ocena!$M$19,Ocena!$M$37,Ocena!$M$55,Ocena!$M$73,Ocena!$M$91,Ocena!$M$109,Ocena!$M$127,Ocena!$M$145,Ocena!$M$163)) -> 2 | M20: =IF(F20=0,"",AVERAGE(Ocena!$M$19,Ocena!$M$37,Ocena!$M$55,Ocena!$M$73,Ocena!$M$91,Ocena!$M$109,Ocena!$M$127,Ocena!$M$145,Ocena!$M$163)) -> 1.6666667 | N20: =IF(F20=0,"",MEDIAN(Ocena!$N$19,Ocena!$N$37,Ocena!$N$55,Ocena!$N$73,Ocena!$N$91,Ocena!$N$109,Ocena!$N$127,Ocena!$N$145,Ocena!$N$163)) -> 2 | O20: =IF(F20=0,"",AVERAGE(Ocena!$N$19,Ocena!$N$37,Ocena!$N$55,Ocena!$N$73,Ocena!$N$91,Ocena!$N$109,Ocena!$N$127,Ocena!$N$145,Ocena!$N$163)) -> 1.7777778 | P20: =IF(F20=0,"",MEDIAN(Ocena!$O$19,Ocena!$O$37,Ocena!$O$55,Ocena!$O$73,Ocena!$O$91,Ocena!$O$109,Ocena!$O$127,Ocena!$O$145,Ocena!$O$163)) -> 2 | Q20: =IF(F20=0,"",AVERAGE(Ocena!$O$19,Ocena!$O$37,Ocena!$O$55,Ocena!$O$73,Ocena!$O$91,Ocena!$O$109,Ocena!$O$127,Ocena!$O$145,Ocena!$O$163)) -> 2 | R20: =IF(F20=0,"",MIN(Ocena!$P$19,Ocena!$P$37,Ocena!$P$55,Ocena!$P$73,Ocena!$P$91,Ocena!$P$109,Ocena!$P$127,Ocena!$P$145,Ocena!$P$163)) -> 7 | S20: =IF(F20=0,"",MAX(Ocena!$P$19,Ocena!$P$37,Ocena!$P$55,Ocena!$P$73,Ocena!$P$91,Ocena!$P$109,Ocena!$P$127,Ocena!$P$145,Ocena!$P$163)) -> 10 | T20: =IF(AND(COUNT(Ocena!$L$19:$O$19)=4,COUNTIF(Ocena!$L$19:$O$19,0)=4),1,0)+IF(AND(COUNT(Ocena!$L$37:$O$37)=4,COUNTIF(Ocena!$L$37:$O$37,0)=4),1,0)+IF(AND(COUNT(Ocena!$L$55:$O$55)=4,COUNTIF(Ocena!$L$55:$O$55,0)=4),1,0)+IF(AND(COUNT(Ocena!$L$73:$O$73)=4,COUNTIF(Ocena!$L$73:$O$73,0)=4),1,0)+IF(AND(COUNT(Ocena!$L$91:$O$91)=4,COUNTIF(Ocena!$L$91:$O$91,0)=4),1,0)+IF(AND(COUNT(Ocena!$L$109:$O$109)=4,COUNTIF(Ocena!$L$109:$O$109,0)=4),1,0)+IF(AND(COUNT(Ocena!$L$127:$O$127)=4,COUNTIF(Ocena!$L$127:$O$127,0)=4),1,0)+IF(AND(COUNT(Ocena!$L$145:$O$145)=4,COUNTIF(Ocena!$L$145:$O$145,0)=4),1,0)+IF(AND(COUNT(Ocena!$L$163:$O$163)=4,COUNTIF(Ocena!$L$163:$O$163,0)=4),1,0) -> 0 | U20: =IFERROR(T20/E20,0) -> 0
A22: Wariant a ma skopiowane wyniki. Warianty b i c uzupełniają statystyki po wpisaniu czterech ocen.
